"Key","Item Type","Publication Year","Author","Title","Publication Title","ISBN","ISSN","DOI","Url","Abstract Note","Date","Date Added","Date Modified","Access Date","Pages","Num Pages","Issue","Volume","Number Of Volumes","Journal Abbreviation","Short Title","Series","Series Number","Series Text","Series Title","Publisher","Place","Language","Rights","Type","Archive","Archive Location","Library Catalog","Call Number","Extra","Notes","File Attachments","Link Attachments","Manual Tags","Automatic Tags","Editor","Series Editor","Translator","Contributor","Attorney Agent","Book Author","Cast Member","Commenter","Composer","Cosponsor","Counsel","Interviewer","Producer","Recipient","Reviewed Author","Scriptwriter","Words By","Guest","Number","Edition","Running Time","Scale","Medium","Artwork Size","Filing Date","Application Number","Assignee","Issuing Authority","Country","Meeting Name","Conference Name","Court","References","Reporter","Legal Status","Priority Numbers","Programming Language","Version","System","Code","Code Number","Section","Session","Committee","History","Legislative Body"
"FULN9LH7","journalArticle","2024","Holmes, Marcus; Wheeler, Nicholas J.","The role of artificial intelligence in nuclear crisis decision making: a complement, not a substitute","","","","10.1080/10357718.2024.2333814","","","2024","2026-02-06 15:33:35","2026-02-06 15:33:35","","","","","78.0","","","","","","","","","","","","","","","","","","","/Users/clover/Zotero/storage/LP4KSR5P/Holmes and Wheeler - 2024 - The role of artificial intelligence in nuclear crisis decision making a complement, not a substitut.pdf","","","","","","","","","","","","","","","","","","","","","","","","","","","","","","","","","","","","","","","","","","","","","","","","",""
"2RDJTEMN","journalArticle","2024","Reddy, Bhavya; Gursel, Ezgi; Daniels, Katy; Khojandi, Anahita; Baalis Coble, Jamie; Agarwal, Vivek; Boring, Ronald; Yadav, Vaibhav; Madadi, Mahboubeh","Uncertainty-aware and explainable human error detection in the operation of nuclear power plants","","","","10.1080/00295450.2024.2372217","","","2024","2026-02-06 15:33:35","2026-02-06 15:33:35","","","","","210.0","","","","","","","","","","","","","","","","","","","/Users/clover/Zotero/storage/YKWRPPMB/Reddy et al. - 2024 - Uncertainty-aware and explainable human error detection in the operation of nuclear power plants.pdf","","","","","","","","","","","","","","","","","","","","","","","","","","","","","","","","","","","","","","","","","","","","","","","","",""
"T3YYRPTL","journalArticle","2023","Ramos, Marilia A.; Sankaran, Karthik; Guarro, Sergio; Mosleh, Ali; Ramezani, Ramin; Arjounilla, Adrian","The need for and conceptual design of an AI model-based integrated flight advisory system","","","","10.1177/1748006X221083379","","","2023","2026-02-06 15:33:35","2026-02-06 15:33:35","","","","","237.0","","","","","","","","","","","","","","","","","","","/Users/clover/Zotero/storage/HN3F2IKK/Ramos et al. - 2023 - The need for and conceptual design of an AI model-based integrated flight advisory system.pdf","","","","","","","","","","","","","","","","","","","","","","","","","","","","","","","","","","","","","","","","","","","","","","","","",""
"L3BQU239","journalArticle","2022","Chae, Young Ho; Lee, Chanyoung; Han, Sang Min; Seong, Poong Hyun","Graph neural network based multiple accident diagnosis in nuclear power plants: Data optimization to represent the system configuration","","","","10.1016/j.net.2022.02.024","","","2022","2026-02-06 15:33:35","2026-02-06 15:33:35","","","","","54.0","","","","","","","","","","","","","","","","","","","/Users/clover/Zotero/storage/C4T92E4U/Chae et al. - 2022 - Graph neural network based multiple accident diagnosis in nuclear power plants Data optimization to.pdf","","","","","","","","","","","","","","","","","","","","","","","","","","","","","","","","","","","","","","","","","","","","","","","","",""
"JZQPR34M","journalArticle","2026","Hong, Ji Woo; Park, Ji Hun; Na, Man Gyun","Fault identification and signal restoration of sensors based on artificial intelligence at nuclear power plants","","","","10.1016/j.net.2025.103876","","","2026","2026-02-06 15:33:35","2026-02-06 15:33:35","","","","","58.0","","","","","","","","","","","","","","","","","","","/Users/clover/Zotero/storage/6P67XJJV/Hong et al. - 2026 - Fault identification and signal restoration of sensors based on artificial intelligence at nuclear p.pdf","","","","","","","","","","","","","","","","","","","","","","","","","","","","","","","","","","","","","","","","","","","","","","","","",""
"K59K7XKS","journalArticle","2023","Cerf, Moran; Waytz, Adam","If you worry about humanity, you should be more scared of humans than of AI","","","","10.1080/00963402.2023.2245242","","","2023","2026-02-06 15:33:35","2026-02-06 15:33:35","","","","","79.0","","","","","","","","","","","","","","","","","","","/Users/clover/Zotero/storage/5JT6XFXZ/Cerf and Waytz - 2023 - If you worry about humanity, you should be more scared of humans than of AI.pdf","","","","","","","","","","","","","","","","","","","","","","","","","","","","","","","","","","","","","","","","","","","","","","","","",""
"NXNFLLQ9","journalArticle","2024","Zhao, Nan; Han, Rui; Ying, Fei; Rong, Hua","Human-machine cooperation in safety management: An intelligent decision-making framework for cooling water intake reliability","","","","10.1016/j.pnucene.2024.105452","","","2024","2026-02-06 15:33:35","2026-02-06 15:33:35","","","","","177.0","","","","","","","","","","","","","","","","","","","/Users/clover/Zotero/storage/ZVFQYQAG/Zhao et al. - 2024 - Human-machine cooperation in safety management An intelligent decision-making framework for cooling.pdf","","","","","","","","","","","","","","","","","","","","","","","","","","","","","","","","","","","","","","","","","","","","","","","","",""
"AK2RGBZY","journalArticle","2023","Hossny, K.; Villanueva, W.; Wang, H. D.","Distinctive physical insights driven from machine learning modelling of nuclear power plant severe accident scenario propagation","","","","10.1038/s41598-023-28205-y","","","2023","2026-02-06 15:33:35","2026-02-06 15:33:35","","","","","13.0","","","","","","","","","","","","","","","","","","","/Users/clover/Zotero/storage/2CCQL328/Hossny et al. - 2023 - Distinctive physical insights driven from machine learning modelling of nuclear power plant severe a.pdf","","","","","","","","","","","","","","","","","","","","","","","","","","","","","","","","","","","","","","","","","","","","","","","","",""
"T6X6L6SS","journalArticle","2024","Yao, Di; Gao, Ge; Yang, Qingyu; Fan, Feng; Yan, Jiachuan","Mechanical behaviors and internal pressure bearing capacity of nuclear containment using UHPC and ECC: From numerical simulation, machine learning prediction to fragility analysis","","","","10.1016/j.nucengdes.2024.113617","","","2024","2026-02-06 15:33:35","2026-02-06 15:33:35","","","","","429.0","","","","","","","","","","","","","","","","","","","/Users/clover/Zotero/storage/HKCAEKZK/Yao et al. - 2024 - Mechanical behaviors and internal pressure bearing capacity of nuclear containment using UHPC and EC.pdf","","","","","","","","","","","","","","","","","","","","","","","","","","","","","","","","","","","","","","","","","","","","","","","","",""
"XM5KVIVU","journalArticle","2019","Bertsimas, Dimitris; Masiakos, Peter T.; Mylonas, Konstantinos S.; Wiberg, Holly","Prediction of cervical spine injury in young pediatric patients: an optimal trees artificial intelligence approach","","","","10.1016/j.jpedsurg.2019.03.007","","","2019","2026-02-06 15:33:35","2026-02-06 15:33:35","","","","","54.0","","","","","","","","","","","","","","","","","","","/Users/clover/Zotero/storage/WLK2A652/Bertsimas et al. - 2019 - Prediction of cervical spine injury in young pediatric patients an optimal trees artificial intelli.pdf","","","","","","","","","","","","","","","","","","","","","","","","","","","","","","","","","","","","","","","","","","","","","","","","",""
"379RHEMT","journalArticle","2022","Braun, Jeremy; Quirk, Sarah; Tchistiakova, Ekaterina","Machine learning-generated decision boundaries for prediction and exploration of patient-specific quality assurance failures in stereotactic radiosurgery plans","","","","10.1002/mp.15454","","","2022","2026-02-06 15:33:35","2026-02-06 15:33:35","","","","","49.0","","","","","","","","","","","","","","","","","","","/Users/clover/Zotero/storage/7QVYZZG9/Braun et al. - 2022 - Machine learning-generated decision boundaries for prediction and exploration of patient-specific qu.pdf","","","","","","","","","","","","","","","","","","","","","","","","","","","","","","","","","","","","","","","","","","","","","","","","",""
"JWL269XT","journalArticle","2022","Chamseddine, Ibrahim; Kim, Yejin; De, Brian; El Naqa, Issam; Duda, Dan G.; Wolfgang, John; Pursley, Jennifer; Paganetti, Harald; Wo, Jennifer; Hong, Theodore; Koay, Eugene J.; Grassberger, Clemens","Predictive modeling of survival and toxicity in patients with hepatocellular carcinoma after radiotherapy","","","","10.1200/CCI.21.00169","","","2022","2026-02-06 15:33:35","2026-02-06 15:33:35","","","","","6.0","","","","","","","","","","","","","","","","","","","/Users/clover/Zotero/storage/W4RRYXAC/Chamseddine et al. - 2022 - Predictive modeling of survival and toxicity in patients with hepatocellular carcinoma after radioth.pdf","","","","","","","","","","","","","","","","","","","","","","","","","","","","","","","","","","","","","","","","","","","","","","","","",""
"5XTWKIQH","journalArticle","2025","Fuchs, B.; Heesen, P.","From Lindbergh's cockpit to predictive, AI-driven health care: a roadmap for high-reliability medicine","","","","10.1016/j.esmorw.2025.100650","","","2025","2026-02-06 15:33:35","2026-02-06 15:33:35","","","","","10.0","","","","","","","","","","","","","","","","","","","/Users/clover/Zotero/storage/6VQH7WWJ/Fuchs and Heesen - 2025 - From Lindbergh's cockpit to predictive, AI-driven health care a roadmap for high-reliability medici.pdf","","","","","","","","","","","","","","","","","","","","","","","","","","","","","","","","","","","","","","","","","","","","","","","","",""
"D4KKCSMQ","journalArticle","2023","Cankaya, Burak; Topuz, Kazim; Delen, Dursun; Glassman, Aaron","Evidence-based managerial decision-making with machine learning: The case of Bayesian inference in aviation incidents","","","","10.1016/j.omega.2023.102906","","","2023","2026-02-06 15:33:35","2026-02-06 15:33:35","","","","","120.0","","","","","","","","","","","","","","","","","","","/Users/clover/Zotero/storage/BWWAEZNP/Cankaya et al. - 2023 - Evidence-based managerial decision-making with machine learning The case of Bayesian inference in a.pdf","","","","","","","","","","","","","","","","","","","","","","","","","","","","","","","","","","","","","","","","","","","","","","","","",""
"MRJCRDG4","journalArticle","2022","Kong, Yingxiao; Zhang, Xiaoge; Mahadevan, Sankaran","Bayesian deep learning for aircraft hard landing safety assessment","","","","10.1109/TITS.2022.3162566","","","2022","2026-02-06 15:33:35","2026-02-06 15:33:35","","","","","23.0","","","","","","","","","","","","","","","","","","","/Users/clover/Zotero/storage/IYX3CCI5/Kong et al. - 2022 - Bayesian deep learning for aircraft hard landing safety assessment.pdf","","","","","","","","","","","","","","","","","","","","","","","","","","","","","","","","","","","","","","","","","","","","","","","","",""
"MTLWJ65C","journalArticle","2024","Khattak, Waqas Rauf; Salman, Ahmad; Ghafoor, Salman; Latif, Seemab","Multi-modal LSTM network for anomaly prediction in piston engine aircraft","","","","10.1016/j.heliyon.2024.e25120","","","2024","2026-02-06 15:33:35","2026-02-06 15:33:35","","","","","10.0","","","","","","","","","","","","","","","","","","","/Users/clover/Zotero/storage/K89T8QX3/Khattak et al. - 2024 - Multi-modal LSTM network for anomaly prediction in piston engine aircraft.pdf","","","","","","","","","","","","","","","","","","","","","","","","","","","","","","","","","","","","","","","","","","","","","","","","",""
"4DMGCBUN","journalArticle","2024","Moss, Robert J.; Kochenderfer, Mykel J.; Gariel, Maxime; Dubois, Arthur","Bayesian safety validation for failure probability estimation of black-box systems","","","","10.2514/1.I011395","","","2024","2026-02-06 15:33:35","2026-02-06 15:33:35","","","","","21.0","","","","","","","","","","","","","","","","","","","/Users/clover/Zotero/storage/6TUCBPTR/Moss et al. - 2024 - Bayesian safety validation for failure probability estimation of black-box systems.pdf","","","","","","","","","","","","","","","","","","","","","","","","","","","","","","","","","","","","","","","","","","","","","","","","",""
"J9YMXXSI","journalArticle","2025","Huegli, David; Chavaillaz, Alain; Sauer, Juergen; Schwaninger, Adrian","Effects of false alarms and miscues of decision support systems on human-machine system performance: a study with airport security screeners","","","","10.1080/00140139.2025.2453546","","","2025","2026-02-06 15:33:35","2026-02-06 15:33:35","","","","","68.0","","","","","","","","","","","","","","","","","","","/Users/clover/Zotero/storage/GY7XMJQ6/Huegli et al. - 2025 - Effects of false alarms and miscues of decision support systems on human-machine system performance.pdf","","","","","","","","","","","","","","","","","","","","","","","","","","","","","","","","","","","","","","","","","","","","","","","","",""
"768R2E42","journalArticle","2025","Bertheau, Maren A. K.; Boetzel, Cindy; Herrmann, Christoph S.","Event-related potentials reveal incongruent behavior of autonomous vehicles in the moral machine dilemma","","","","10.1038/s41598-025-99531-6","","","2025","2026-02-06 15:33:35","2026-02-06 15:33:35","","","","","15.0","","","","","","","","","","","","","","","","","","","/Users/clover/Zotero/storage/EJU48XXE/Bertheau et al. - 2025 - Event-related potentials reveal incongruent behavior of autonomous vehicles in the moral machine dil.pdf","","","","","","","","","","","","","","","","","","","","","","","","","","","","","","","","","","","","","","","","","","","","","","","","",""
"YCW8DEXH","journalArticle","2023","Geisslinger, Maximilian; Poszler, Franziska; Lienkamp, Markus","An ethical trajectory planning algorithm for autonomous vehicles","","","","10.1038/s42256-022-00607-z","","","2023","2026-02-06 15:33:35","2026-02-06 15:33:35","","","","","5.0","","","","","","","","","","","","","","","","","","","/Users/clover/Zotero/storage/RYVGT6Q3/Geisslinger et al. - 2023 - An ethical trajectory planning algorithm for autonomous vehicles.pdf","","","","","","","","","","","","","","","","","","","","","","","","","","","","","","","","","","","","","","","","","","","","","","","","",""
"9FG3D6NU","journalArticle","2025","Tian, Xinyue","How should autonomous vehicles allocate accident liability? Rethinking the applicability of the hand formula","","","","10.1515/ajle-2025-0037","","","2025","2026-02-06 15:33:35","2026-02-06 15:33:35","","","","","16.0","","","","","","","","","","","","","","","","","","","/Users/clover/Zotero/storage/TBGVY9UN/Tian - 2025 - How should autonomous vehicles allocate accident liability Rethinking the applicability of the hand.pdf","","","","","","","","","","","","","","","","","","","","","","","","","","","","","","","","","","","","","","","","","","","","","","","","",""
"JAFB6FXE","journalArticle","2025","Kaneko, Sota; Yamada, Seiji","Predicting trust dynamics with dynamic SEM in human-AI collaboration","","","","10.1109/ACCESS.2025.3629365","","","2025","2026-02-06 15:33:35","2026-02-06 15:33:35","","","","","13.0","","","","","","","","","","","","","","","","","","","/Users/clover/Zotero/storage/DTM3FI77/Kaneko and Yamada - 2025 - Predicting trust dynamics with dynamic SEM in human-AI collaboration.pdf","","","","","","","","","","","","","","","","","","","","","","","","","","","","","","","","","","","","","","","","","","","","","","","","",""
"FIVPUAM6","journalArticle","2023","Feng, Yuchao; Hua, Wei; Sun, Yuxiang","NLE-DM: Natural-language explanations for decision making of autonomous driving based on semantic scene understanding","","","","10.1109/TITS.2023.3273547","","","2023","2026-02-06 15:33:35","2026-02-06 15:33:35","","","","","24.0","","","","","","","","","","","","","","","","","","","/Users/clover/Zotero/storage/YEI8ZJM7/Feng et al. - 2023 - NLE-DM Natural-language explanations for decision making of autonomous driving based on semantic sc.pdf","","","","","","","","","","","","","","","","","","","","","","","","","","","","","","","","","","","","","","","","","","","","","","","","",""
"PRJZ4Z7Z","journalArticle","2025","Lu, Tianle; Kuang, Gaoyuan; Xu, Dongyang; Xu, Shaobing; Luo, Yiran; Wang, Qingfan; Shang, Shi; Zhou, Qing; Nie, Bingbing","A physics-informed attention model for integrated driving risk assessment","","","","10.1016/j.aap.2025.108266","","","2025","2026-02-06 15:33:35","2026-02-06 15:33:35","","","","","223.0","","","","","","","","","","","","","","","","","","","/Users/clover/Zotero/storage/XDSJYP9V/Lu et al. - 2025 - A physics-informed attention model for integrated driving risk assessment.pdf","","","","","","","","","","","","","","","","","","","","","","","","","","","","","","","","","","","","","","","","","","","","","","","","",""
"ZPGGVH6X","journalArticle","2025","Ji, Yuxiong; Xu, Zhongke; Zhao, Cong; Chen, Kun; Du, Yuchuan","Accelerated testing and evaluation for black-box autonomous driving systems via adaptive markov chain monte carlo","","","","10.1109/TITS.2024.3525059","","","2025","2026-02-06 15:33:35","2026-02-06 15:33:35","","","","","26.0","","","","","","","","","","","","","","","","","","","/Users/clover/Zotero/storage/8RNXIFK5/Ji et al. - 2025 - Accelerated testing and evaluation for black-box autonomous driving systems via adaptive markov chai.pdf","","","","","","","","","","","","","","","","","","","","","","","","","","","","","","","","","","","","","","","","","","","","","","","","",""
"WBXKKJD6","journalArticle","2021","Goodall, Noah J.","Comparison of automated vehicle struck-from-behind crash rates with national rates using naturalistic data","","","","10.1016/j.aap.2021.106056","","","2021","2026-02-06 15:33:35","2026-02-06 15:33:35","","","","","154.0","","","","","","","","","","","","","","","","","","","/Users/clover/Zotero/storage/ZEEGXKYS/Goodall - 2021 - Comparison of automated vehicle struck-from-behind crash rates with national rates using naturalisti.pdf","","","","","","","","","","","","","","","","","","","","","","","","","","","","","","","","","","","","","","","","","","","","","","","","",""
"AHB2RITK","journalArticle","2026","Yuan, Chen; Ding, Jingyan; Cui, Yi; Chen, Hao; Ma, Jinfei","Active takeover failure of aggressive drivers during partially automated driving","","","","10.1016/j.trf.2025.103416","","","2026","2026-02-06 15:33:35","2026-02-06 15:33:35","","","","","116.0","","","","","","","","","","","","","","","","","","","/Users/clover/Zotero/storage/MUZ4XV7X/Yuan et al. - 2026 - Active takeover failure of aggressive drivers during partially automated driving.pdf","","","","","","","","","","","","","","","","","","","","","","","","","","","","","","","","","","","","","","","","","","","","","","","","",""
"9269JYS7","journalArticle","2023","Yang, Kai; Li, Boqi; Shao, Wenbo; Tang, Xiaolin; Liu, Xiaochuan; Wang, Hong","Prediction failure risk-aware decision-making for autonomous vehicles on signalized intersections","","","","10.1109/TITS.2023.3288507","","","2023","2026-02-06 15:33:35","2026-02-06 15:33:35","","","","","24.0","","","","","","","","","","","","","","","","","","","/Users/clover/Zotero/storage/4LS3SSND/Yang et al. - 2023 - Prediction failure risk-aware decision-making for autonomous vehicles on signalized intersections.pdf","","","","","","","","","","","","","","","","","","","","","","","","","","","","","","","","","","","","","","","","","","","","","","","","",""
"SHATL7QM","journalArticle","2022","Guensberg, Patrick S.","Automated vehicles - is a dilution of human responsibility the answer?","","","","10.1177/20322844221138049","","","2022","2026-02-06 15:33:35","2026-02-06 15:33:35","","","","","13.0","","","","","","","","","","","","","","","","","","","/Users/clover/Zotero/storage/GV7UBKDT/Guensberg - 2022 - Automated vehicles - is a dilution of human responsibility the answer.pdf","","","","","","","","","","","","","","","","","","","","","","","","","","","","","","","","","","","","","","","","","","","","","","","","",""
"MAETIHNM","journalArticle","2025","Eggert, Linda","Autonomised harming","","","","10.1007/s11098-023-01990-y","","","2025","2026-02-06 15:33:35","2026-02-06 15:33:35","","","","","182.0","","","","","","","","","","","","","","","","","","","/Users/clover/Zotero/storage/CH6HSFPD/Eggert - 2025 - Autonomised harming.pdf","","","","","","","","","","","","","","","","","","","","","","","","","","","","","","","","","","","","","","","","","","","","","","","","",""
"WRAUHQH6","journalArticle","2021","Eche, Thomas; Schwartz, Lawrence H.; Mokrane, Fatima-Zohra; Dercle, Laurent","Toward generalizability in the deployment of artificial intelligence in radiology: Role of computation stress testing to overcome underspecification","","","","10.1148/ryai.2021210097","","","2021","2026-02-06 15:33:35","2026-02-06 15:33:35","","","","","3.0","","","","","","","","","","","","","","","","","","","/Users/clover/Zotero/storage/FMPZWCPZ/Eche et al. - 2021 - Toward generalizability in the deployment of artificial intelligence in radiology Role of computati.pdf","","","","","","","","","","","","","","","","","","","","","","","","","","","","","","","","","","","","","","","","","","","","","","","","",""
"ATQFRNG5","journalArticle","2020","Lagioia, Francesca; Contissa, Giuseppe","The strange case of dr. Watson: Liability implications of ai evidence-based decision support systems in health care","","","","10.2924/EJLS.2019.028","","","2020","2026-02-06 15:33:35","2026-02-06 15:33:35","","","","","12.0","","","","","","","","","","","","","","","","","","","/Users/clover/Zotero/storage/Z89AHV8A/Lagioia and Contissa - 2020 - The strange case of dr. Watson Liability implications of ai evidence-based decision support systems.pdf","","","","","","","","","","","","","","","","","","","","","","","","","","","","","","","","","","","","","","","","","","","","","","","","",""
"2NWGV5EK","journalArticle","2025","Shah, Nisha; Mourby, Miranda; Matin, Rubeta N.","Regulatory and legal considerations with artificial intelligence in dermatology","","","","10.1016/j.det.2025.05.011","","","2025","2026-02-06 15:33:35","2026-02-06 15:33:35","","","","","43.0","","","","","","","","","","","","","","","","","","","/Users/clover/Zotero/storage/LHU2U3QJ/Shah et al. - 2025 - Regulatory and legal considerations with artificial intelligence in dermatology.pdf","","","","","","","","","","","","","","","","","","","","","","","","","","","","","","","","","","","","","","","","","","","","","","","","",""
"Q4QEPDIK","journalArticle","2023","Liu, Xinyan; Barreto, Erin F. F.; Dong, Yue; Liu, Chang; Gao, Xiaolan; Tootooni, Mohammad Samie; Song, Xuan; Kashani, Kianoush B. B.","Discrepancy between perceptions and acceptance of clinical decision support Systems: implementation of artificial intelligence for vancomycin dosing","","","","10.1186/s12911-023-02254-9","","","2023","2026-02-06 15:33:35","2026-02-06 15:33:35","","","","","23.0","","","","","","","","","","","","","","","","","","","/Users/clover/Zotero/storage/T7IHKQ62/Liu et al. - 2023 - Discrepancy between perceptions and acceptance of clinical decision support Systems implementation.pdf","","","","","","","","","","","","","","","","","","","","","","","","","","","","","","","","","","","","","","","","","","","","","","","","",""
"EC8RALI6","journalArticle","2021","Zhou, Shuai; Ma, Xudong; Jiang, Songyi; Huang, Xiaoyan; You, Yi; Shang, Hanbing; Lu, Yong","A retrospective study on the effectiveness of Artificial Intelligence-based Clinical Decision Support System (AI-CDSS) to improve the incidence of hospital-related venous thromboembolism (VTE)","","","","10.21037/atm-21-1093","","","2021","2026-02-06 15:33:35","2026-02-06 15:33:35","","","","","9.0","","","","","","","","","","","","","","","","","","","/Users/clover/Zotero/storage/E633VD7T/Zhou et al. - 2021 - A retrospective study on the effectiveness of Artificial Intelligence-based Clinical Decision Suppor.pdf","","","","","","","","","","","","","","","","","","","","","","","","","","","","","","","","","","","","","","","","","","","","","","","","",""
"6QUDU9K4","journalArticle","2024","De Micco, Francesco; Grassi, Simone; Tomassini, Luca; Di Palma, Gianmarco; Ricchezze, Giulia; Scendoni, Roberto","Robotics and AI into healthcare from the perspective of European regulation: who is responsible for medical malpractice?","","","","10.3389/fmed.2024.1428504","","","2024","2026-02-06 15:33:35","2026-02-06 15:33:35","","","","","11.0","","","","","","","","","","","","","","","","","","","/Users/clover/Zotero/storage/DNHEAHGC/De Micco et al. - 2024 - Robotics and AI into healthcare from the perspective of European regulation who is responsible for.pdf","","","","","","","","","","","","","","","","","","","","","","","","","","","","","","","","","","","","","","","","","","","","","","","","",""
"TQK8XBYY","journalArticle","2025","Chase, Aaron; Most, Amoreena; Sikora, Andrea; Smith, Susan E.; Devlin, John W.; Xu, Shaochen; Liu, Tianming; Murray, Brian","Evaluation of large language models' ability to identify clinically relevant drug-drug interactions and generate high-quality clinical pharmacotherapy recommendations","","","","10.1093/ajhp/zxaf168","","","2025","2026-02-06 15:33:35","2026-02-06 15:33:35","","","","","","","","","","","","","","","","","","","","","","","","/Users/clover/Zotero/storage/GAXY82LG/Chase et al. - 2025 - Evaluation of large language models' ability to identify clinically relevant drug-drug interactions.pdf","","","","","","","","","","","","","","","","","","","","","","","","","","","","","","","","","","","","","","","","","","","","","","","","",""
"9DLD5M3C","journalArticle","2024","Ball, Robert; Talal, Andrew H.; Dang, Oanh; Munoz, Monica; Markatou, Marianthi","Trust but verify: Lessons learned for the application of AI to case-based clinical decision-making from postmarketing drug safety assessment at the US food and drug administration","","","","10.2196/50274","","","2024","2026-02-06 15:33:35","2026-02-06 15:33:35","","","","","26.0","","","","","","","","","","","","","","","","","","","/Users/clover/Zotero/storage/FSXWW7HL/Ball et al. - 2024 - Trust but verify Lessons learned for the application of AI to case-based clinical decision-making f.pdf","","","","","","","","","","","","","","","","","","","","","","","","","","","","","","","","","","","","","","","","","","","","","","","","",""
"TWBDAMRE","journalArticle","2024","Sakuragi, Minoru; Uchino, Eiichiro; Sato, Noriaki; Matsubara, Takeshi; Ueda, Akihiko; Mineharu, Yohei; Kojima, Ryosuke; Yanagita, Motoko; Okuno, Yasushi","Interpretable machine learning-based individual analysis of acute kidney injury in immune checkpoint inhibitor therapy","","","","10.1371/journal.pone.0298673","","","2024","2026-02-06 15:33:35","2026-02-06 15:33:35","","","","","19.0","","","","","","","","","","","","","","","","","","","/Users/clover/Zotero/storage/AD7I826Q/Sakuragi et al. - 2024 - Interpretable machine learning-based individual analysis of acute kidney injury in immune checkpoint.pdf","","","","","","","","","","","","","","","","","","","","","","","","","","","","","","","","","","","","","","","","","","","","","","","","",""
"4MU3LZZF","journalArticle","2024","Chen, Chun-You; Chen, Ya-Lin; Scholl, Jeremiah; Yang, Hsuan-Chia; Li, Yu-Chuan (Jack)","Ability of machine-learning based clinical decision support system to reduce alert fatigue, wrong-drug errors, and alert users about look alike, sound alike medication","","","","10.1016/j.cmpb.2023.107869","","","2024","2026-02-06 15:33:35","2026-02-06 15:33:35","","","","","243.0","","","","","","","","","","","","","","","","","","","/Users/clover/Zotero/storage/T8QYW2S7/Chen et al. - 2024 - Ability of machine-learning based clinical decision support system to reduce alert fatigue, wrong-dr.pdf","","","","","","","","","","","","","","","","","","","","","","","","","","","","","","","","","","","","","","","","","","","","","","","","",""
"UK4V6X2D","journalArticle","2025","Ong, Jasmine Chiat Ling; Jin, Liyuan; Elangovan, Kabilan; Lim, Gilbert Yong San; Lim, Daniel Yan Zheng; Sng, Gerald Gui Ren; Ke, He; Tung, Joshua Yi Min; Zhong, Ryan Jian; Koh, Christopher Ming Yao; Lee, Keane Zhi Hao; Chen, Xiang; Ch'ng, Jack Kian; Than, Aung; Goh, Ken Junyang; Lim, Chuan Poh; Ng, Tat Ming; Liu, Nan; Ting, Daniel Shu Wei","Large language model as clinical decision support system augments medication safety in 16 clinical specialties","","","","10.1016/j.xcrm.2025.102323","","","2025","2026-02-06 15:33:35","2026-02-06 15:33:35","","","","","6.0","","","","","","","","","","","","","","","","","","","/Users/clover/Zotero/storage/XQ63IAFR/Ong et al. - 2025 - Large language model as clinical decision support system augments medication safety in 16 clinical s.pdf","","","","","","","","","","","","","","","","","","","","","","","","","","","","","","","","","","","","","","","","","","","","","","","","",""
"83DELMSK","journalArticle","2023","Jones, Caroline; Thornton, James; Wyatt, Jeremy C.","Artificial intelligence and clinical decision support: clinicians' perspectives on trust, trustworthiness, and liability","","","","10.1093/medlaw/fwad013","","","2023","2026-02-06 15:33:35","2026-02-06 15:33:35","","","","","31.0","","","","","","","","","","","","","","","","","","","/Users/clover/Zotero/storage/IAIPY9LR/Jones et al. - 2023 - Artificial intelligence and clinical decision support clinicians' perspectives on trust, trustworth.pdf","","","","","","","","","","","","","","","","","","","","","","","","","","","","","","","","","","","","","","","","","","","","","","","","",""
"QWQCKSPP","journalArticle","2023","King, Christopher Ryan; Shambe, Ayanna; Abraham, Joanna","Potential uses of AI for perioperative nursing handoffs: a qualitative study","","","","10.1093/jamiaopen/ooad015","","","2023","2026-02-06 15:33:35","2026-02-06 15:33:35","","","","","6.0","","","","","","","","","","","","","","","","","","","/Users/clover/Zotero/storage/3KV373DM/King et al. - 2023 - Potential uses of AI for perioperative nursing handoffs a qualitative study.pdf","","","","","","","","","","","","","","","","","","","","","","","","","","","","","","","","","","","","","","","","","","","","","","","","",""
"AT88XPTT","journalArticle","2024","Labkoff, Steven; Oladimeji, Bilikis; Kannry, Joseph; Solomonides, Anthony; Leftwich, Russell; Koski, Eileen; Joseph, Amanda L.; Lopez-Gonzalez, Monica; Fleisher, Lee A.; Nolen, Kimberly; Dutta, Sayon; Levy, Deborah R.; Price, Amy; Barr, Paul J.; Hron, Jonathan D.; Lin, Baihan; Srivastava, Gyana; Pastor, Nuria; Luque, Unai Sanchez; Bui, Tien Thi Thuy; Singh, Reva; Williams, Tayler; Weiner, Mark G.; Naumann, Tristan; Sittig, Dean F.; Jackson, Gretchen Purcell; Quintana, Yuri","Toward a responsible future: recommendations for AI-enabled clinical decision support","","","","10.1093/jamia/ocae209","","","2024","2026-02-06 15:33:35","2026-02-06 15:33:35","","","","","31.0","","","","","","","","","","","","","","","","","","","/Users/clover/Zotero/storage/NWD42C9A/Labkoff et al. - 2024 - Toward a responsible future recommendations for AI-enabled clinical decision support.pdf","","","","","","","","","","","","","","","","","","","","","","","","","","","","","","","","","","","","","","","","","","","","","","","","",""
"C937TNGG","journalArticle","2025","Taylor, R. Andrew; Sangal, Rohit B.; Smith, Moira E.; Haimovich, Adrian D.; Rodman, Adam; Iscoe, Mark S.; Pavuluri, Suresh K.; Rose, Christian; Janke, Alexander T.; Wright, Donald S.; Socrates, Vimig; Declan, Arwen","Leveraging artificial intelligence to reduce diagnostic errors in emergency medicine: Challenges, opportunities, and future directions","","","","10.1111/acem.15066","","","2025","2026-02-06 15:33:35","2026-02-06 15:33:35","","","","","32.0","","","","","","","","","","","","","","","","","","","/Users/clover/Zotero/storage/J6XLKC7L/Taylor et al. - 2025 - Leveraging artificial intelligence to reduce diagnostic errors in emergency medicine Challenges, op.pdf","","","","","","","","","","","","","","","","","","","","","","","","","","","","","","","","","","","","","","","","","","","","","","","","",""
"PEUJT77K","journalArticle","2025","Nouis, Saoudi C. E.; Uren, Victoria; Jariwala, Srushti","Evaluating accountability, transparency, and bias in AI-assisted healthcare decision- making: a qualitative study of healthcare professionals' perspectives in the UK","","","","10.1186/s12910-025-01243-z","","","2025","2026-02-06 15:33:35","2026-02-06 15:33:35","","","","","26.0","","","","","","","","","","","","","","","","","","","/Users/clover/Zotero/storage/QD4II3YP/Nouis et al. - 2025 - Evaluating accountability, transparency, and bias in AI-assisted healthcare decision- making a qual.pdf","","","","","","","","","","","","","","","","","","","","","","","","","","","","","","","","","","","","","","","","","","","","","","","","",""
"JDFGWA58","journalArticle","2020","Woo, Myung; Alhanti, Brooke; Lusk, Sam; Dunston, Felicia; Blackwelder, Stephen; Lytle, Kay S.; Goldstein, Benjamin A.; Bedoya, Armando","Evaluation of ML-based clinical decision support tool to replace an existing tool in an academic health system: Lessons learned","","","","10.3390/jpm10030104","","","2020","2026-02-06 15:33:35","2026-02-06 15:33:35","","","","","10.0","","","","","","","","","","","","","","","","","","","/Users/clover/Zotero/storage/64ICF2ZZ/Woo et al. - 2020 - Evaluation of ML-based clinical decision support tool to replace an existing tool in an academic hea.pdf","","","","","","","","","","","","","","","","","","","","","","","","","","","","","","","","","","","","","","","","","","","","","","","","",""
"ZJVMBEP7","journalArticle","2020","Corny, Jennifer; Rajkumar, Asok; Martin, Olivier; Dode, Xavier; Lajonchere, Jean-Patrick; Billuart, Olivier; Bezie, Yvonnick; Buronfosse, Anne","A machine learning-based clinical decision support system to identify prescriptions with a high risk of medication error","","","","10.1093/jamia/ocaa154","","","2020","2026-02-06 15:33:35","2026-02-06 15:33:35","","","","","27.0","","","","","","","","","","","","","","","","","","","/Users/clover/Zotero/storage/XLCBMV3I/Corny et al. - 2020 - A machine learning-based clinical decision support system to identify prescriptions with a high risk.pdf","","","","","","","","","","","","","","","","","","","","","","","","","","","","","","","","","","","","","","","","","","","","","","","","",""
"LRTZ4HZK","journalArticle","2020","McCradden, Melissa D.; Joshi, Shalmali; Anderson, James A.; Mazwi, Mjaye; Goldenberg, Anna; Shaul, Randi Zlotnik","Patient safety and quality improvement: Ethical principles for a regulatory approach to bias in healthcare machine learning","","","","10.1093/jamia/ocaa085","","","2020","2026-02-06 15:33:35","2026-02-06 15:33:35","","","","","27.0","","","","","","","","","","","","","","","","","","","/Users/clover/Zotero/storage/LMQRXI8H/McCradden et al. - 2020 - Patient safety and quality improvement Ethical principles for a regulatory approach to bias in heal.pdf","","","","","","","","","","","","","","","","","","","","","","","","","","","","","","","","","","","","","","","","","","","","","","","","",""
"TDJ7PBYV","journalArticle","2025","Fransen, Stefan J.; Kwee, T. C.; Rouw, D.; Roest, C.; van Lohuizen, Q. Y.; Simonis, F. F.J.; van Leeuwen, P. J.; Heijmink, S.; Ongena, Y. P.; Haan, M.; Yakar, D.","Patient perspectives on the use of artificial intelligence in prostate cancer diagnosis on MRI","European Radiology","","","10.1007/s00330-024-11012-y","","Objectives: This study investigated patients’ acceptance of artificial intelligence (AI) for diagnosing prostate cancer (PCa) on MRI scans and the factors influencing their trust in AI diagnoses. Materials and methods: A prospective, multicenter study was conducted between January and November 2023. Patients undergoing prostate MRI were surveyed about their opinions on hypothetical AI assessment of their MRI scans. The questionnaire included nine items: four on hypothetical scenarios of combinations between AI and the radiologist, two on trust in the diagnosis, and three on accountability for misdiagnosis. Relationships between the items and independent variables were assessed using multivariate analysis. Results: A total of 212 PCa suspicious patients undergoing prostate MRI were included. The majority preferred AI involvement in their PCa diagnosis alongside a radiologist, with 91% agreeing with AI as the primary reader and 79% as the secondary reader. If AI has a high certainty diagnosis, 15% of the respondents would accept it as the sole decision-maker. Autonomous AI outperforming radiologists would be accepted by 52%. Higher educated persons tended to accept AI when it would outperform radiologists (p ¡ 0.05). The respondents indicated that the hospital (76%), radiologist (70%), and program developer (55%) should be held accountable for misdiagnosis. Conclusions: Patients favor AI involvement alongside radiologists in PCa diagnosis. Trust in AI diagnosis depends on the patient’s education level and the AI performance, with autonomous AI acceptance by a small majority on the condition that AI outperforms a radiologist. Respondents held the hospital, radiologist, and program developers accountable for misdiagnosis in descending order of accountability. Clinical relevance statement: Patients show a high level of acceptance for AI-assisted prostate cancer diagnosis on MRI, either alongside radiologists or fully autonomous, particularly if it demonstrates superior performance to radiologists alone. Key Points: Prostate cancer suspicious patients may accept autonomous AI based on performance. Patients prefer AI involvement alongside a radiologist in diagnosing prostate cancer. Patients indicate accountability for AI should be shared among multiple stakeholders.","2025","2026-02-06 15:33:35","2026-02-06 15:33:35","","769-775","","2","35","","European Radiology","","","","","","","","","","","","","","","","","/Users/clover/Zotero/storage/YPRTAM26/Fransen et al. - 2025 - Patient perspectives on the use of artificial intelligence in prostate cancer diagnosis on MRI.pdf","","","","","","","","","","","","","","","","","","","","","","","","","","","","","","","","","","","","","","","","","","","","","","","","",""
"5K3C26YE","journalArticle","2024","Metta, Carlo; Beretta, Andrea; Guidotti, Riccardo; Yin, Yuan; Gallinari, Patrick; Rinzivillo, Salvatore; Giannotti, Fosca","Advancing dermatological diagnostics: Interpretable AI for enhanced skin lesion classification","Diagnostics","","","10.3390/diagnostics14070753","","A crucial challenge in critical settings like medical diagnosis is making deep learning models used in decision-making systems interpretable. Efforts in Explainable Artificial Intelligence (XAI) are underway to address this challenge. Yet, many XAI methods are evaluated on broad classifiers and fail to address complex, real-world issues, such as medical diagnosis. In our study, we focus on enhancing user trust and confidence in automated AI decision-making systems, particularly for diagnosing skin lesions, by tailoring an XAI method to explain an AI model’s ability to identify various skin lesion types. We generate explanations using synthetic images of skin lesions as examples and counterexamples, offering a method for practitioners to pinpoint the critical features influencing the classification outcome. A validation survey involving domain experts, novices, and laypersons has demonstrated that explanations increase trust and confidence in the automated decision system. Furthermore, our exploration of the model’s latent space reveals clear separations among the most common skin lesion classes, a distinction that likely arises from the unique characteristics of each class and could assist in correcting frequent misdiagnoses by human professionals.","2024","2026-02-06 15:33:35","2026-02-06 15:33:35","","","","7","14","","Diagnostics","","","","","","","","","","","","","","","","","/Users/clover/Zotero/storage/HURZCB3W/Metta et al. - 2024 - Advancing dermatological diagnostics Interpretable AI for enhanced skin lesion classification.pdf","","","","","","","","","","","","","","","","","","","","","","","","","","","","","","","","","","","","","","","","","","","","","","","","",""
"6JMCCB8L","journalArticle","2023","Akay, Ela Marie Z.; Rieger, Jana; Schöttler, Ricardo; Behland, Jonas; Schymczyk, Raphael; Khalil, Ahmed A.; Galinovic, Ivana; Sobesky, Jan; Fiebach, Jochen B.; Madai, Vince I.; Hilbert, Adam; Frey, Dietmar","A deep learning analysis of stroke onset time prediction and comparison to DWI-FLAIR mismatch","Neuroimage Clinical","","","10.1016/j.nicl.2023.103544","","Introduction: When time since stroke onset is unknown, DWI-FLAIR mismatch rating is an established technique for patient stratification. A visible DWI lesion without corresponding parenchymal hyperintensity on FLAIR suggests time since onset of under 4.5 h and thus a potential benefit from intravenous thrombolysis. To improve accuracy and availability of the mismatch concept, deep learning might be able to augment human rating and support decision-making in these cases. Methods: We used unprocessed DWI and coregistered FLAIR imaging data to train a deep learning model to predict dichotomized time since ischemic stroke onset. We analyzed the performance of Group Convolutional Neural Networks compared to other deep learning methods. Unlabeled imaging data was used for pre-training. Prediction performance of the best deep learning model was compared to the performance of four independent junior and senior raters. Additionally, in cases deemed indeterminable by human raters, model ratings were used to augment human performance. Post-hoc gradient-based explanations were analyzed to gain insights into model predictions. Results: Our best predictive model performed comparably to human raters. Using model ratings in cases deemed indeterminable by human raters improved rating accuracy and interrater agreement for junior and senior ratings. Post-hoc explainability analyses showed that the model localized stroke lesions to derive predictions. Discussion: Our analysis shows that deep learning based clinical decision support has the potential to improve the accessibility of the DWI-FLAIR mismatch concept by supporting patient stratification.","2023","2026-02-06 15:33:35","2026-02-06 15:33:35","","","","","40","","Neuroimage Clinical","","","","","","","","","","","","","","","","","/Users/clover/Zotero/storage/9PDAVCTL/Akay et al. - 2023 - A deep learning analysis of stroke onset time prediction and comparison to DWI-FLAIR mismatch.pdf","","","","","","","","","","","","","","","","","","","","","","","","","","","","","","","","","","","","","","","","","","","","","","","","",""
"WV2J7WYY","journalArticle","2025","Fleury, Emmanuelle; Pignol, Jean Philippe; Kiliç, Emine; van Rij, Caroline; Naus, Nicole; Yavuzyigitoglu, Serdar; den Toom, Wilhelm; Zolnay, Andras; Spruijt, Kees; van Vulpen, Marco; Trnková, Petra; Hoogeman, Mischa","Stereotactic radiation therapy or protons for uveal melanoma patients? An artificial intelligence (AI)-based clinical treatment decision-making tool predicting doses to radiation therapy constraints","International Journal of Radiation Oncology Biology Physics","","","10.1016/j.ijrobp.2025.06.3867","","Purpose: For ocular melanoma, selecting between stereotactic radiation therapy (SRT) and protons requires a lengthy plan comparison process. The purpose of this brief report is to describe an artificial intelligence (AI) decision-making tool to predict dosimetric and clinical outcomes based on easy-to-access tumor characteristics. Methods and Materials: The AI tool was based on a retrospective database of 66 patients with uveal melanoma treated in a single center with robotic SRT. A supervised machine learning model was developed to correlate the risk of toxicity for each radiation modality and clinical features. Clinical toxicity risks were built in various profiles: Profile I for maculopathy, optic-neuropathy, and visual acuity deterioration; Profile II for neovascular glaucoma; Profile III for radiation-induced retinopathy; and Profile IV for dry-eye syndrome. Results: Machine learning-based toxicity prediction accuracy for selecting the correct treatment modality was 81%, 77%, 91%, and 93% for Profiles I, II, III, and IV, respectively. Conclusion: The study shows that a machine learning method based on easy-to-access clinical characteristics can predict which toxicity would be greater with SRT or protons. This AI tool could support patients in making informed treatment decisions in an ophthalmology clinic, without the lengthy wait for computed tomographic simulation results and extensive plan comparisons.","2025","2026-02-06 15:33:35","2026-02-06 15:33:35","","1159-1164","","4","123","","International Journal of Radiation Oncology Biology Physics","","","","","","","","","","","","","","","","","/Users/clover/Zotero/storage/N97HXPJ4/Fleury et al. - 2025 - Stereotactic radiation therapy or protons for uveal melanoma patients An artificial intelligence (A.pdf","","","","","","","","","","","","","","","","","","","","","","","","","","","","","","","","","","","","","","","","","","","","","","","","",""
"SCIST7QU","journalArticle","2025","Alizade-Harakiyan, Mostafa; Khodaei, Amin; Yousefi, Ali; Zamani, Hamed; Mesbahi, Asghar","Decision tree-based machine learning algorithm for prediction of acute radiation esophagitis","Biochemistry and Biophysics Reports","","","10.1016/j.bbrep.2025.101991","","Background: Radiation-induced esophagitis remains a significant challenge in thoracic and neck cancer treatment, impacting patient quality of life and potentially limiting therapeutic efficacy. This study aimed to develop and validate a decision tree-based model for predicting acute esophagitis grades in patients undergoing chemoradiotherapy. Methods: Data from 100 patients receiving thoracic and neck radiotherapy were analyzed. The dataset comprised 33 features, including demographic, clinical, and dosimetric parameters. A decision tree classifier was implemented for both binary (Grade ≥2 vs. ¡2) and multi-class (Grades 1, 2, and 3) classification. Model performance was evaluated using standard metrics including accuracy, precision, recall, and F1-score. Results: The binary classification model achieved 97 % accuracy in distinguishing acute esophagitis. The multi-class model demonstrated 98 % accuracy in predicting specific grades. Key predictive features included V40 (volume receiving 40 Gy), V60, and average esophageal dose. The model generated interpretable decision rules, with V60 ≥ 2.3 strongly indicating Grade 3 esophagitis. Conclusions: The decision tree model demonstrates high accuracy in predicting radiation-induced esophagitis grades while maintaining clinical interpretability. This approach offers potential for treatment optimization and personalized risk assessment in radiotherapy planning. The model's transparency and reliability make it a promising tool for clinical decision support in radiation oncology.","2025","2026-02-06 15:33:35","2026-02-06 15:33:35","","","","","42","","Biochemistry and Biophysics Reports","","","","","","","","","","","","","","","","","/Users/clover/Zotero/storage/Y24TWXC9/Alizade-Harakiyan et al. - 2025 - Decision tree-based machine learning algorithm for prediction of acute radiation esophagitis.pdf","","","","","","","","","","","","","","","","","","","","","","","","","","","","","","","","","","","","","","","","","","","","","","","","",""
"GD92CIL2","journalArticle","2022","Bitterman, Danielle S.; Selesnick, Philip; Bredfeldt, Jeremy; Williams, Christopher L.; Guthier, Christian; Huynh, Elizabeth; Kozono, David E.; Lewis, John H.; Cormack, Robert A.; Carpenter, Colin M.; Mak, Raymond H.; Atkins, Katelyn M.","Dosimetric planning tradeoffs to reduce heart dose using machine learning-guided decision support software in patients with lung cancer","International Journal of Radiation Oncology Biology Physics","","","10.1016/j.ijrobp.2021.11.009","","Purpose: Cardiac toxicity is a well-recognized risk after radiation therapy (RT) in patients with non-small cell lung cancer (NSCLC). However, the extent to which treatment planning optimization can reduce mean heart dose (MHD) without untoward increases in lung dose is unknown. Methods and Materials: Retrospective analysis of RT plans from 353 consecutive patients with locally advanced NSCLC treated with intensity modulated RT (IMRT) or 3-dimensional conformal RT. Commercially available machine learning-guided clinical decision support software was used to match RT plans. A leave-one-out predictive model was used to examine lung dosimetric tradeoffs necessary to achieve a MHD reduction. Results: Of all 232 patients, 91 patients (39%) had RT plan matches showing potential MHD reductions of ¿4 to 8 Gy without violating the upper limit of lung dose constraints (lung volume [V] receiving 20 Gy (V20 Gy) ¡37%, V5 Gy ¡70%, and mean lung dose [MLD] ¡20 Gy). When switching to IMRT, 75 of 103 patients (72.8%) had plan matches demonstrating improved MHD (average 2.0 Gy reduction, P ¡ .0001) without violating lung constraints. Examining specific lung dose tradeoffs, a mean ≥3.7 Gy MHD reduction was achieved with corresponding absolute increases in lung V20 Gy, V5 Gy, and MLD of 3.3%, 5.0%, and 1.0 Gy, respectively. Conclusions: Nearly 40% of RT plans overall, and 73% when switched to IMRT, were predicted to have reductions in MHD ¿4 Gy with potentially clinically acceptable tradeoffs in lung dose. These observations demonstrate that decision support software for optimizing heart-lung dosimetric tradeoffs is feasible and may identify patients who might benefit most from more advanced RT technologies.","2022","2026-02-06 15:33:35","2026-02-06 15:33:35","","996-1003","","4","112","","International Journal of Radiation Oncology Biology Physics","","","","","","","","","","","","","","","","","/Users/clover/Zotero/storage/RY4L448K/Bitterman et al. - 2022 - Dosimetric planning tradeoffs to reduce heart dose using machine learning-guided decision support so.pdf","","","","","","","","","","","","","","","","","","","","","","","","","","","","","","","","","","","","","","","","","","","","","","","","",""
"75FBF9K2","journalArticle","2024","Chen, Mei; Pang, Bo; Zeng, Yiling; Xu, Cheng; Chen, Jiayi; Yang, Kunyu; Chang, Yu; Yang, Zhiyong","Evaluation of an automated clinical decision system with deep learning dose prediction and NTCP model for prostate cancer proton therapy","Physics in Medicine and Biology","","","10.1088/1361-6560/ad48f6","","Objective. To evaluate the feasibility of using a deep learning dose prediction approach to identify patients who could benefit most from proton therapy based on the normal tissue complication probability (NTCP) model. Approach. Two 3D UNets were established to predict photon and proton doses. A dataset of 95 patients with localized prostate cancer was randomly partitioned into 55, 10, and 30 for training, validation, and testing, respectively. We selected NTCP models for late rectum bleeding and acute urinary urgency of grade 2 or higher to quantify the benefit of proton therapy. Propagated uncertainties of predicted ΔNTCPs resulting from the dose prediction errors were calculated. Patient selection accuracies for a single endpoint and a composite evaluation were assessed under different ΔNTCP thresholds. Main results. Our deep learning-based dose prediction technique can reduce the time spent on plan comparison from approximately 2 days to as little as 5 seconds. The expanded uncertainty of predicted ΔNTCPs for rectum and bladder endpoints propagated from the dose prediction error were 0.0042 and 0.0016, respectively, which is less than one-third of the acceptable tolerance. The averaged selection accuracies for rectum bleeding, urinary urgency, and composite evaluation were 90%, 93.5%, and 93.5%, respectively. Significance. Our study demonstrates that deep learning dose prediction and NTCP evaluation scheme could distinguish the NTCP differences between photon and proton treatment modalities. In addition, the dose prediction uncertainty does not significantly influence the decision accuracy of NTCP-based patient selection for proton therapy. Therefore, automated deep learning dose prediction and NTCP evaluation schemes can potentially be used to screen large patient populations and to avoid unnecessary delays in the start of prostate cancer radiotherapy in the future.","2024","2026-02-06 15:33:35","2026-02-06 15:33:35","","","","11","69","","Physics in Medicine and Biology","","","","","","","","","","","","","","","","","/Users/clover/Zotero/storage/KBXUHARA/Chen et al. - 2024 - Evaluation of an automated clinical decision system with deep learning dose prediction and NTCP mode.pdf","","","","","","","","","","","","","","","","","","","","","","","","","","","","","","","","","","","","","","","","","","","","","","","","",""
"VIPPCY6L","journalArticle","2023","Ma, Xiaohan; Yu, Wenhao; Zhao, Chengxiang; Wang, Changjun; Zhou, Wenhui; Zhao, Guangming; Ma, Mingyue; Wang, Weida; Yang, Lin; Mu, Rui; Wang, Hong; Li, Jun","Legal decision-making for highway automated driving","IEEE Transactions on Intelligent Vehicles","","","10.1109/TIV.2023.3318214","","Compliance with traffic laws is a fundamental requirement for human drivers on the road, and autonomous vehicles must adhere to traffic laws as well. However, current autonomous vehicles prioritize safety and collision avoidance primarily in their decision-making and planning, which will lead to misunderstandings and distrust from human drivers and may even result in accidents in mixed traffic flow. Therefore, ensuring the compliance of the autonomous driving decision-making system is essential for ensuring the safety of autonomous driving and promoting the widespread adoption of autonomous driving technology. To this end, the paper proposes a trigger-based layered compliance decision-making framework. This framework utilizes the decision intent at the highest level as a signal to activate an online violation monitor that identifies the type of violation committed by the vehicle. Then, a four-layer architecture for compliance decision-making is employed to generate compliant trajectories. Using this system, autonomous vehicles can detect and correct potential violations in real-time, thereby enhancing safety and building public confidence in autonomous driving technology. Finally, the proposed method is evaluated on the DJI AD4CHE highway dataset under four typical highway scenarios: speed limit, following distance, overtaking, and lane-changing. The results indicate that the proposed method increases the vehicle's overall compliance rate from 13.85% to 84.46%, reduces the proportion of active violations to 0%, and only slightly decreases the vehicle's traffic efficiency by 2.7%, demonstrating its effectiveness.","2023","2026-02-06 15:33:35","2026-02-06 15:33:35","","1-14","","","","","IEEE Transactions on Intelligent Vehicles","","","","","","","","","","","","","","","","","/Users/clover/Zotero/storage/YGXMNQJ8/Ma et al. - 2023 - Legal decision-making for highway automated driving.pdf","","","","","","","","","","","","","","","","","","","","","","","","","","","","","","","","","","","","","","","","","","","","","","","","",""
"PYJMYXAN","journalArticle","2025","Maskur, Muhammad Azil; Masyhar, Ali; Damayanti, Ratih; Ramada, Diandra Preludio; Sanyal, Subhra","Reimagining criminal liability in the age of artificial intelligence: Toward a comparative and reform-oriented legal framework","Journal of Law and Legal Reform","","","10.15294/jllr.v6i4.35540","","As artificial intelligence (AI) systems increasingly permeate decision-making processes across sectors—from autonomous vehicles to predictive algorithms in finance and law enforcement—traditional frameworks of criminal liability face unprecedented challenges. This article critically examines the adequacy of existing criminal law doctrines in attributing liability when harm arises from autonomous or semi-autonomous AI actions. It explores the tension between actus reus and mens rea in cases involving algorithmic behavior, and interrogates whether AI entities can or should be treated as legal subjects under penal law. Through a comparative legal analysis of jurisdictions including the United States, the European Union, Japan, and Indonesia, the study identifies divergent approaches to regulating AI-related harm and assigning culpability. The article highlights emerging models such as strict liability, vicarious liability, and hybrid regulatory frameworks, and evaluates their potential for adaptation within Indonesia’s evolving legal system. Special attention is given to the role of developers, corporations, and state actors in shaping accountability mechanisms. The paper concludes by proposing a normative framework for reimagining criminal liability in the age of AI—one that balances innovation with legal certainty, and integrates ethical safeguards, technological transparency, and procedural fairness. This framework aims to inform future legislative reform in Indonesia and contribute to global discourse on AI governance and criminal justice.","2025","2026-02-06 15:33:35","2026-02-06 15:33:35","","1805-1838","","4","6","","Journal of Law and Legal Reform","","","","","","","","","","","","","","","","","/Users/clover/Zotero/storage/NZ5B2FVL/Maskur et al. - 2025 - Reimagining criminal liability in the age of artificial intelligence Toward a comparative and refor.pdf","","","","","","","","","","","","","","","","","","","","","","","","","","","","","","","","","","","","","","","","","","","","","","","","",""
"GJ2YHQ9X","journalArticle","2023","Baruah, Arindam; Borkar, Hemant","Optimised machine learning classification model to detect void formations in friction stir welding","Materials Today Proceedings","","","10.1016/j.matpr.2023.03.386","","Friction stir welding is a novel solid-state joining process which has been a major area of research due to its applications in joining lightweight alloys. Although this welding process has the inherent advantage of joining alloys at significantly lower temperatures when compared to conventional fusion welding processes, thereby reducing energy consumption and thermal residual stresses, the overall final strength and feasibility of the joint has been found to be highly sensitive to the choice of welding process parameters. Defects such as void formations in friction stir welds are extremely detrimental to the strength of the weld joint as it could lead to catastrophic failures, expensive breakdowns in components, rejection of parts and even loss of lives (Yusof and Jamaluddin, 2014) [1]. These voids in the weld act as discontinuities for the joint as a result of which, the joint strength is severely weakened. Hence, it is of utmost importance to avoid the welding conditions that contribute to the formations of the void defects in structurally critical metallic joints. This study proposes an improved classification model based on a hyperparameter tuned XGBoost classifier algorithm to predict the probability of void formations with raw welding process parameters as inputs. The data set consisted of 108 entries of experimental data collected from past literatures on void formation for the friction stir welding of three aluminium alloys, AA2024, AA2219, and AA6061. While each alloy has unique chemical composition and mechanical properties, the study later identifies that the choice of alloy is amongst the weaker contributors to the presence of void defects. The proposed tuned model could successfully classify the joints containing voids with an accuracy of 90% while both the decision-tree based model and the neural-network based model could classify with an accuracy of 83.3%.","2023","2026-02-06 15:33:35","2026-02-06 15:33:35","","","","","","","Materials Today Proceedings","","","","","","","","","","","","","","","","","/Users/clover/Zotero/storage/3QHYH25W/Baruah and Borkar - 2023 - Optimised machine learning classification model to detect void formations in friction stir welding.pdf","","","","","","","","","","","","","","","","","","","","","","","","","","","","","","","","","","","","","","","","","","","","","","","","",""
"DCP3BHIS","journalArticle","2025","Gerke, Sara; Simon, David A.","New case law and liability risks for manufacturers of medical AI","Science","","","10.1126/science.adu4932","","Medical devices increasingly incorporate artificial intelligence and machine learning (AI/ML-enabled medical devices). Manufacturers of such devices must consider various factors that can shape the trajectory of research and technology development and deployment, including liability risks. Although there is currently no direct case law on liability when using medical AI (1), a recent products liability suit in Louisiana—Dickson v. Dexcom Inc., 2024, 2:24-CV-00121—is particularly relevant for AI/ML manufacturers. Although Dickson does not involve an AI/ML-enabled medical device, many tools similar to those in the case are currently being developed by using AI/ML. This decision thus addresses an important question relevant to AI/ML-enabled device manufacturers: Can they block a broad spectrum of personal injury and products liability claims when the US Food and Drug Administration (FDA) authorizes their devices through the newer and increasingly popular “De Novo” pathway? We discuss this case below and analyze its potential implications for AI/ML-enabled device manufacturers. Although this article focuses on US law, it also contains valuable lessons for manufacturers outside the United States that may want to bring their AI/ML-enabled medical products to the US market. It also provides lessons for regulators to better understand liability risks for AI/ML manufacturers and reevaluate whether their current framework needs adjustment to promote AI/ML-enabled medical device innovation and adequate remedies for harmed patients.","2025","2026-02-06 15:33:35","2026-02-06 15:33:35","","1138-1140","","6752","388","","Science","","","","","","","","","","","","","","","","","/Users/clover/Zotero/storage/VXGELWF9/Gerke and Simon - 2025 - New case law and liability risks for manufacturers of medical AI.pdf","","","","","","","","","","","","","","","","","","","","","","","","","","","","","","","","","","","","","","","","","","","","","","","","",""
"UX8XGD3R","journalArticle","2021","Kiseleva, Anastasiya; Quinn, Paul","Are you AI’S favourite? EU legal implications of biased AI systems in clinical genetics and genomics","European Pharmaceutical Law Review","","","10.21552/eplr/2021/4/4","","The article provides a legal overview of biased AI systems in clinical genetics and genomics. For the overview, two perspectives to look at bias are taken into consideration: societal and statistical. The paper explores how biases can be defined in these two perspectives and how generally they can be classified. Based on two perspectives, the paper explores three nega-tive consequences of biases in AI systems: discrimination and stigmatization (as the more societal concepts) and inaccuracy of AI’s decisions (more related to the statistical perception of bias). Each of these consequences is analyzed within the frameworks they correspond to. Recognizing inaccuracy as harm caused by biased AI systems is one of the most important contributions of the article. It is argued that once identified, bias in an AI system indicates possible inaccuracy in its outcomes. The article demonstrates it through the analysis of the medical devices framework: if it is applicable to AI applications used in genomics and ge-netics, how it defines bias, and what are the requirements to prevent them. The paper also looks at how this framework can work together with anti-discrimination and stigmatization rules, especially in the light of the upcoming general legal framework on AI. The authors conclude that all the frameworks shall be considered for fighting against bias in AI systems because they reflect different approaches to the nature of bias and thus provide a broader range of mechanisms to prevent or minimize them.","2021","2026-02-06 15:33:35","2026-02-06 15:33:35","","155-174","","4","5","","European Pharmaceutical Law Review","","","","","","","","","","","","","","","","","/Users/clover/Zotero/storage/LDPVPR8B/Kiseleva and Quinn - 2021 - Are you AI’S favourite EU legal implications of biased AI systems in clinical genetics and genomics.pdf","","","","","","","","","","","","","","","","","","","","","","","","","","","","","","","","","","","","","","","","","","","","","","","","",""
"HL2HC5QC","journalArticle","2024","Bücker, Michael; Hoti, Kreshnik; Rose, Olaf","Artificial intelligence to assist decision-making on pharmacotherapy: A feasibility study","Exploratory Research in Clinical and Social Pharmacy","","","10.1016/j.rcsop.2024.100491","","Background: Artificial intelligence (AI) has the capability to analyze vast amounts of data and has been applied in various healthcare sectors. However, its effectiveness in aiding pharmacotherapy decision-making remains uncertain due to the intricate, patient-specific, and dynamic nature of this field. Objective: This study sought to investigate the potential of AI in guiding pharmacotherapy decisions using clinical data such as diagnoses, laboratory results, and vital signs obtained from routine patient care. Methods: Data of a previous study on medication therapy optimization was updated and adapted for the purpose of this study. Analysis was conducted using R software along with the tidymodels extension packages. The dataset was split into 74% for training and 26% for testing. Decision trees were selected as the primary model due to their simplicity, transparency, and interpretability. To prevent overfitting, bootstrapping techniques were employed, and hyperparameters were fine-tuned. Performance metrics such as areas under the curve and accuracies were computed. Results: The study cohort comprised 101 elderly patients with multiple diagnoses and complex medication regimens. The AI model demonstrated prediction accuracies ranging from 38% to 100% for various cardiovascular drug classes. Laboratory data and vital signs could not be interpreted, as the effect and dependence were unclear for the model. The study revealed that the issue of AI lag time in responding to sudden changes could be addressed by manually adjusting decision trees, a task not feasible with neural networks. Conclusion: In conclusion, the AI model exhibited promise in recommending appropriate medications for individual patients. While the study identified several obstacles during model development, most were successfully resolved. Future AI studies need to include the drug effect, not only the drug, if laboratory data is part of the decision. This could assist with interpreting their potential relationship. Human oversight and intervention remain essential for an AI-driven pharmacotherapy decision support system to ensure safe and effective patient care.","2024","2026-02-06 15:33:35","2026-02-06 15:33:35","","","","","15","","Exploratory Research in Clinical and Social Pharmacy","","","","","","","","","","","","","","","","","/Users/clover/Zotero/storage/MNFIE4IK/Bücker et al. - 2024 - Artificial intelligence to assist decision-making on pharmacotherapy A feasibility study.pdf","","","","","","","","","","","","","","","","","","","","","","","","","","","","","","","","","","","","","","","","","","","","","","","","",""
"6ADV4KKT","journalArticle","2018","Komorowski, Matthieu; Celi, Leo A.; Badawi, Omar; Gordon, Anthony C.; Faisal, A. Aldo","The Artificial Intelligence Clinician learns optimal treatment strategies for sepsis in intensive care","Nature Medicine","","","10.1038/s41591-018-0213-5","","Sepsis is the third leading cause of death worldwide and the main cause of mortality in hospitals ¡sup¿1–3¡/sup¿ , but the best treatment strategy remains uncertain. In particular, evidence suggests that current practices in the administration of intravenous fluids and vasopressors are suboptimal and likely induce harm in a proportion of patients ¡sup¿1,4–6¡/sup¿ . To tackle this sequential decision-making problem, we developed a reinforcement learning agent, the Artificial Intelligence (AI) Clinician, which extracted implicit knowledge from an amount of patient data that exceeds by many-fold the life-time experience of human clinicians and learned optimal treatment by analyzing a myriad of (mostly suboptimal) treatment decisions. We demonstrate that the value of the AI Clinician’s selected treatment is on average reliably higher than human clinicians. In a large validation cohort independent of the training data, mortality was lowest in patients for whom clinicians’ actual doses matched the AI decisions. Our model provides individualized and clinically interpretable treatment decisions for sepsis that could improve patient outcomes.","2018","2026-02-06 15:33:35","2026-02-06 15:33:35","","1716-1720","","11","24","","Nature Medicine","","","","","","","","","","","","","","","","","/Users/clover/Zotero/storage/WHESLF36/Komorowski et al. - 2018 - The Artificial Intelligence Clinician learns optimal treatment strategies for sepsis in intensive ca.pdf","","","","","","","","","","","","","","","","","","","","","","","","","","","","","","","","","","","","","","","","","","","","","","","","",""
"UM8DWI7X","journalArticle","2023","Cutforth, Murray; Watson, Hannah; Brown, Cameron; Wang, Chaoyang; Thomson, Stuart; Fell, Dickon; Dilys, Vismantas; Scrimgeour, Morag; Schrempf, Patrick; Lesh, James; Muir, Keith; Weir, Alexander; O’Neil, Alison Q.","Acute stroke CDS: automatic retrieval of thrombolysis contraindications from unstructured clinical letters","Frontiers in Digital Health","","","10.3389/fdgth.2023.1186516","","Introduction: Thrombolysis treatment for acute ischaemic stroke can lead to better outcomes if administered early enough. However, contraindications exist which put the patient at greater risk of a bleed (e.g. recent major surgery, anticoagulant medication). Therefore, clinicians must check a patient's past medical history before proceeding with treatment. In this work we present a machine learning approach for accurate automatic detection of this information in unstructured text documents such as discharge letters or referral letters, to support the clinician in making a decision about whether to administer thrombolysis. Methods: We consulted local and national guidelines for thrombolysis eligibility, identifying 86 entities which are relevant to the thrombolysis decision. A total of 8,067 documents from 2,912 patients were manually annotated with these entities by medical students and clinicians. Using this data, we trained and validated several transformer-based named entity recognition (NER) models, focusing on transformer models which have been pre-trained on a biomedical corpus as these have shown most promise in the biomedical NER literature. Results: Our best model was a PubMedBERT-based approach, which obtained a lenient micro/macro F1 score of 0.829/0.723. Ensembling 5 variants of this model gave a significant boost to precision, obtaining micro/macro F1 of 0.846/0.734 which approaches the human annotator performance of 0.847/0.839. We further propose numeric definitions for the concepts of name regularity (similarity of all spans which refer to an entity) and context regularity (similarity of all context surrounding mentions of an entity), using these to analyse the types of errors made by the system and finding that the name regularity of an entity is a stronger predictor of model performance than raw training set frequency. Discussion: Overall, this work shows the potential of machine learning to provide clinical decision support (CDS) for the time-critical decision of thrombolysis administration in ischaemic stroke by quickly surfacing relevant information, leading to prompt treatment and hence to better patient outcomes.","2023","2026-02-06 15:33:35","2026-02-06 15:33:35","","","","","5","","Frontiers in Digital Health","","","","","","","","","","","","","","","","","/Users/clover/Zotero/storage/VV9BPHZ7/Cutforth et al. - 2023 - Acute stroke CDS automatic retrieval of thrombolysis contraindications from unstructured clinical l.pdf","","","","","","","","","","","","","","","","","","","","","","","","","","","","","","","","","","","","","","","","","","","","","","","","",""
"I4KRYYFB","journalArticle","2022","Allen, Michael; James, Charlotte; Frost, Julia; Liabo, Kristin; Pearn, Kerry; Monks, Thomas; Everson, Richard; Stein, Ken; James, Martin","Use of clinical pathway simulation and machine learning to identify key levers for maximizing the benefit of intravenous thrombolysis in acute stroke","Stroke","","","10.1161/STROKEAHA.121.038454","","Background: Expert opinion is that about 20% of emergency stroke patients should receive thrombolysis. Currently, 11% to 12% of patients in England and Wales receive thrombolysis, ranging from 2% to 24% between hospitals. The aim of this study was to assess how much variation is due to differences in local patient populations, and how much is due to differences in clinical decision-making and stroke pathway performance, while estimating a realistic target thrombolysis use. Methods: Anonymised data for 246 676 emergency stroke admissions to 132 acute hospitals in England and Wales between 2016 and 2018 was obtained from the Sentinel Stroke National Audit Programme data. We used machine learning to learn decisions on who to give thrombolysis to at each hospital. We used clinical pathway simulation to model effects of changing pathway performance. Qualitative research was used to assess clinician attitudes to these methods. Three changes were modeled: (1) arrival-to-treatment in 30 minutes, (2) proportion of patients with determined stroke onset times set to at least the national upper quartile, (3) thrombolysis decisions made based on majority vote of a benchmark set of hospitals. Results: Of the modeled changes, any single change was predicted to increase national thrombolysis use from 11.6% to between 12.3% to 14.5% (clinical decision-making having the most effect). Combined, these changes would be expected to increase thrombolysis to 18.3%, but there would still be significant variation between hospitals depending on local patient population. Clinicians engaged well with the modeling, but those from hospitals with lower thrombolysis use were most cautious about the methods. Conclusions: Machine learning and clinical pathway simulation may be applied at scale to national stroke audit data, allowing extended use and analysis of audit data. Stroke thrombolysis rates of at least 18% look achievable in England and Wales, but each hospital should have its own target.","2022","2026-02-06 15:33:35","2026-02-06 15:33:35","","2758-2767","","9","53","","Stroke","","","","","","","","","","","","","","","","","/Users/clover/Zotero/storage/TL8P25X3/Allen et al. - 2022 - Use of clinical pathway simulation and machine learning to identify key levers for maximizing the be.pdf","","","","","","","","","","","","","","","","","","","","","","","","","","","","","","","","","","","","","","","","","","","","","","","","",""
"94FME97H","journalArticle","2024","Kieu, Anh Mai; Dang, Ha Nguyet; Tran, Khanh Thi Cat; Nguyen, Tuyen Thi Thanh; Nguyen, Chien Huu; Nguyen, Thanh Chi; Pham, Huong Thu; Le, Jennifer; Nguyen, Hai Thanh","Development and validation of machine learning-based predictive clinical decision support system for olanzapine in patients with schizophrenia","Pharmaceutical Sciences Asia","","","10.29090/psa.2024.04.24.AP0713","","Olanzapine is an atypical antipsychotic used to treat schizophrenia but can cause metabolic syndrome leading to severe cardiovascular events. This study aimed to develop a predictive decision tree model for clinical responses and adverse events of olanzapine, and integrate this model into the clinical decision support system (CDSS). The study consisted of three phases: (1) prospectively analyzed clinical responses and safety for hospitalized schizophrenic patients receiving olanzapine at Vietnamese National Psychiatric Hospital No.1; (2) determined the statistically significant predictors and developed predictive algorithms in machine learning (Decision Tree) to build the CDSS that incorporated warnings and predictive models for effectiveness and metabolic syndrome; and (3) conducted a longitudinal study on interventions after CDSS integration. Of 232 patients evaluated in phase 1, 76% responded positively to olanzapine, and 31% developed metabolic syndrome. 24 predictive variables were analyzed for effectiveness and 10 others were analyzed for metabolic syndrome. In phase 2, the decision tree model using Bayesian Model Averaging identified important predictive factors for effectiveness, retaining three important nodes: early response, response history, and olanzapine dose, with performance metrics of accuracy 0.89, precision 0.92, recall 0.94 and F1-score 0.93. Besides, another model using univariate regression identified important predictive factors for metabolic syndrome, retaining three important nodes: baseline waist ¡ 89 cm, baseline triglyceride ¡ 3.1 mmol/L, and age ¡ 36 years with performance metrics of accuracy 0.88, precision 0.90, recall 0.69, and F1-score 0.78. Phase 3 evaluated 70 patients using CDSS, with 87% receiving “positively-responded” predictions, and 30% receiving metabolic syndrome predictions in the first week. 22 clinical pharmacist interventions led to doctors changing ""clinical decisions"", while 389 interventions resulted in the “monitoring plan” of doctors. Incorporating machine learning models into CDSS is valuable in helping physicians identify and make interventions to ensure effective and safe use of olanzapine in schizophrenic patients.","2024","2026-02-06 15:33:35","2026-02-06 15:33:35","","314-325","","4","51","","Pharmaceutical Sciences Asia","","","","","","","","","","","","","","","","","/Users/clover/Zotero/storage/V2AFFD66/Kieu et al. - 2024 - Development and validation of machine learning-based predictive clinical decision support system for.pdf","","","","","","","","","","","","","","","","","","","","","","","","","","","","","","","","","","","","","","","","","","","","","","","","",""
"QB79ZRJ5","journalArticle","2023","Khalid, Muhammad Uzair; Laplante, Simon; Masino, Caterina; Alseidi, Adnan; Jayaraman, Shiva; Zhang, Haochi; Mashouri, Pouria; Protserov, Sergey; Hunter, Jaryd; Brudno, Michael; Madani, Amin","Use of artificial intelligence for decision-support to avoid high-risk behaviors during laparoscopic cholecystectomy","Surgical Endoscopy","","","10.1007/s00464-023-10403-4","","Introduction: Bile duct injuries (BDIs) are a significant source of morbidity among patients undergoing laparoscopic cholecystectomy (LC). GoNoGoNet is an artificial intelligence (AI) algorithm that has been developed and validated to identify safe (“Go”) and dangerous (“No-Go”) zones of dissection during LC, with the potential to prevent BDIs through real-time intraoperative decision-support. This study evaluates GoNoGoNet's ability to predict Go/No-Go zones during LCs with BDIs. Methods and procedures: Eleven LC videos with BDI (BDI group) were annotated by GoNoGoNet. All tool-tissue interactions, including the one that caused the BDI, were characterized in relation to the algorithm’s predicted location of Go/No-Go zones. These were compared to another 11 LC videos with cholecystitis (control group) deemed to represent “safe cholecystectomy” by experts. The probability threshold of GoNoGoNet annotations were then modulated to determine its relationship to Go/No-Go predictions. Data is shown as % difference [99% confidence interval]. Results: Compared to control, the BDI group showed significantly greater proportion of sharp dissection (+ 23.5% [20.0–27.0]), blunt dissection (+ 32.1% [27.2–37.0]), and total interactions (+ 33.6% [31.0–36.2]) outside of the Go zone. Among injury-causing interactions, 4 (36%) were in the No-Go zone, 2 (18%) were in the Go zone, and 5 (45%) were outside both zones, after maximizing the probability threshold of the Go algorithm. Conclusion: AI has potential to detect unsafe dissection and prevent BDIs through real-time intraoperative decision-support. More work is needed to determine how to optimize integration of this technology into the operating room workflow and adoption by end-users.","2023","2026-02-06 15:33:35","2026-02-06 15:33:35","","9467-9475","","12","37","","Surgical Endoscopy","","","","","","","","","","","","","","","","","/Users/clover/Zotero/storage/8WAKZN8Q/Khalid et al. - 2023 - Use of artificial intelligence for decision-support to avoid high-risk behaviors during laparoscopic.pdf","","","","","","","","","","","","","","","","","","","","","","","","","","","","","","","","","","","","","","","","","","","","","","","","",""
"QGNPT34C","journalArticle","2020","Nimri, Revital; Battelino, Tadej; Laffel, Lori M.; Slover, Robert H.; Schatz, Desmond; Weinzimer, Stuart A.; Dovc, Klemen; Danne, Thomas; Phillip, Moshe; Shalitin, Shlomit; Bello, Rachel; Nevo-Shenker, Michal; Fisch-Shvalb, Naama; Shiovitch-Mantzuri, Galit; Choresh, Orit; Drutz, Irit; Nava, Yehiel; Hemo, Alona; Hermon, Orna; Nave, Rachel; Bratina, Natasa; Smigoe-Schweiger, Darja; Mali, Brigita; Gianini, Ana; Sever, Urska; Berkopec, Barbara Murn; Katz, Michelle; Isganaitis, Elvira; Mehta, Sanjeev; Quinn, Heidi; Naik, Nisha; Guo, Zijing; Volkening, Lisa; Forlenza, Gregory; Wadwa, R. Paul; Alonso, G. Todd; Messer, Laurel; Towers, Lindsey; Thivener, Katie; Berget, Cari; Lange, Samantha; Jost, Emily; Rossick-Solis, Maria; Haller, Michael; Hiers, Paul; Jacobsen, Laura; Smith, Madison; O’Neill, Anastasia; Hosford, Jennifer; Perry, Alexis; Cengiz, Eda; Sherr, Jennifer; Gibbons, Kathryn; Carria, Lori; Zgorski, Melinda; Biester, Torben; Kordonouri, Olga; von dem Berge, Thekla; Biester, Sarah; Remus, Kerstin","Insulin dose optimization using an automated artificial intelligence-based decision support system in youths with type 1 diabetes","Nature Medicine","","","10.1038/s41591-020-1045-7","","Despite the increasing adoption of insulin pumps and continuous glucose monitoring devices, most people with type 1 diabetes do not achieve their glycemic goals¡sup¿1¡/sup¿. This could be related to a lack of expertise or inadequate time for clinicians to analyze complex sensor-augmented pump data. We tested whether frequent insulin dose adjustments guided by an automated artificial intelligence-based decision support system (AI-DSS) is as effective and safe as those guided by physicians in controlling glucose levels. ADVICE4U was a six-month, multicenter, multinational, parallel, randomized controlled, non-inferiority trial in 108 participants with type 1 diabetes, aged 10–21 years and using insulin pump therapy (ClinicalTrials.gov no. NCT03003806). Participants were randomized 1:1 to receive remote insulin dose adjustment every three weeks guided by either an AI-DSS, (AI-DSS arm, n = 54) or by physicians (physician arm, n = 54). The results for the primary efficacy measure—the percentage of time spent within the target glucose range (70–180 mg dl¡sup¿−1¡/sup¿ (3.9–10.0 mmol l¡sup¿−1¡/sup¿))—in the AI-DSS arm were statistically non-inferior to those in the physician arm (50.2 ± 11.1% versus 51.6 ± 11.3%, respectively, P ¡ 1 × 10¡sup¿−7¡/sup¿). The percentage of readings below 54 mg dl¡sup¿−1¡/sup¿ (¡3.0 mmol l¡sup¿−1¡/sup¿) within the AI-DSS arm was statistically non-inferior to that in the physician arm (1.3 ± 1.4% versus 1.0 ± 0.9%, respectively, P ¡ 0.0001). Three severe adverse events related to diabetes (two severe hypoglycemia, one diabetic ketoacidosis) were reported in the physician arm and none in the AI-DSS arm. In conclusion, use of an automated decision support tool for optimizing insulin pump settings was non-inferior to intensive insulin titration provided by physicians from specialized academic diabetes centers.","2020","2026-02-06 15:33:35","2026-02-06 15:33:35","","1380-1384","","9","26","","Nature Medicine","","","","","","","","","","","","","","","","","/Users/clover/Zotero/storage/KUU6Q3PG/Nimri et al. - 2020 - Insulin dose optimization using an automated artificial intelligence-based decision support system i.pdf","","","","","","","","","","","","","","","","","","","","","","","","","","","","","","","","","","","","","","","","","","","","","","","","",""
"Y62U9IVF","journalArticle","2020","Habli, Ibrahim; Lawton, Tom; Porter, Zoe","Artificial intelligence in health care: Accountability and safety","Bulletin of the World Health Organization","","","10.2471/BLT.19.237487","","The prospect of patient harm caused by the decisions made by an artificial intelligence-based clinical tool is something to which current practices of accountability and safety worldwide have not yet adjusted. We focus on two aspects of clinical artificial intelligence used for decision-making: moral accountability for harm to patients; and safety assurance to protect patients against such harm. Artificial intelligence-based tools are challenging the standard clinical practices of assigning blame and assuring safety. Human clinicians and safety engineers have weaker control over the decisions reached by artificial intelligence systems and less knowledge and understanding of precisely how the artificial intelligence systems reach their decisions. We illustrate this analysis by applying it to an example of an artificial intelligence-based system developed for use in the treatment of sepsis. The paper ends with practical suggestions for ways forward to mitigate these concerns. We argue for a need to include artificial intelligence developers and systems safety engineers in our assessments of moral accountability for patient harm. Meanwhile, none of the actors in the model robustly fulfil the traditional conditions of moral accountability for the decisions of an artificial intelligence system. We should therefore update our conceptions of moral accountability in this context. We also need to move from a static to a dynamic model of assurance, accepting that considerations of safety are not fully resolvable during the design of the artificial intelligence system before the system has been deployed.","2020","2026-02-06 15:33:35","2026-02-06 15:33:35","","251-256","","4","98","","Bulletin of the World Health Organization","","","","","","","","","","","","","","","","","/Users/clover/Zotero/storage/ATXWK8LB/Habli et al. - 2020 - Artificial intelligence in health care Accountability and safety.pdf","","","","","","","","","","","","","","","","","","","","","","","","","","","","","","","","","","","","","","","","","","","","","","","","",""
"UE4Z44SH","journalArticle","2024","Yau, Jonathan Yi Shin; Saadat, Soheil; Hsu, Edmund; Murphy, Linda Suk Ling; Roh, Jennifer S.; Suchard, Jeffrey; Tapia, Antonio; Wiechmann, Warren; Langdorf, Mark I.","Accuracy of prospective assessments of 4 large language model chatbot responses to patient questions about emergency care: Experimental comparative study","Journal of Medical Internet Research","","","10.2196/60291","","Background: Recent surveys indicate that 48% of consumers actively use generative artificial intelligence (AI) for health-related inquiries. Despite widespread adoption and the potential to improve health care access, scant research examines the performance of AI chatbot responses regarding emergency care advice. Objective: We assessed the quality of AI chatbot responses to common emergency care questions. We sought to determine qualitative differences in responses from 4 free-access AI chatbots, for 10 different serious and benign emergency conditions. Methods: We created 10 emergency care questions that we fed into the free-access versions of ChatGPT 3.5 (OpenAI), Google Bard, Bing AI Chat (Microsoft), and Claude AI (Anthropic) on November 26, 2023. Each response was graded by 5 board-certified emergency medicine (EM) faculty for 8 domains of percentage accuracy, presence of dangerous information, factual accuracy, clarity, completeness, understandability, source reliability, and source relevancy. We determined the correct, complete response to the 10 questions from reputable and scholarly emergency medical references. These were compiled by an EM resident physician. For the readability of the chatbot responses, we used the Flesch-Kincaid Grade Level of each response from readability statistics embedded in Microsoft Word. Differences between chatbots were determined by the chi-square test. Results: Each of the 4 chatbots’ responses to the 10 clinical questions were scored across 8 domains by 5 EM faculty, for 400 assessments for each chatbot. Together, the 4 chatbots had the best performance in clarity and understandability (both 85%), intermediate performance in accuracy and completeness (both 50%), and poor performance (10%) for source relevance and reliability (mostly unreported). Chatbots contained dangerous information in 5% to 35% of responses, with no statistical difference between chatbots on this metric (P=.24). ChatGPT, Google Bard, and Claud AI had similar performances across 6 out of 8 domains. Only Bing AI performed better with more identified or relevant sources (40%; the others had 0%-10%). Flesch-Kincaid Reading level was 7.7-8.9 grade for all chatbots, except ChatGPT at 10.8, which were all too advanced for average emergency patients. Responses included both dangerous (eg, starting cardiopulmonary resuscitation with no pulse check) and generally inappropriate advice (eg, loosening the collar to improve breathing without evidence of airway compromise). Conclusions: AI chatbots, though ubiquitous, have significant deficiencies in EM patient advice, despite relatively consistent performance. Information for when to seek urgent or emergent care is frequently incomplete and inaccurate, and patients may be unaware of misinformation. Sources are not generally provided. Patients who use AI to guide health care decisions assume potential risks. AI chatbots for health should be subject to further research, refinement, and regulation. We strongly recommend proper medical consultation to prevent potential adverse outcomes.","2024","2026-02-06 15:33:35","2026-02-06 15:33:35","","","","","26","","Journal of Medical Internet Research","","","","","","","","","","","","","","","","","/Users/clover/Zotero/storage/XPGQCS3I/Yau et al. - 2024 - Accuracy of prospective assessments of 4 large language model chatbot responses to patient questions.pdf","","","","","","","","","","","","","","","","","","","","","","","","","","","","","","","","","","","","","","","","","","","","","","","","",""
"4T5X46RF","journalArticle","2025","Vieira, Cleverson; Rocha, Leonardo; Guimarães, Marcelo; Dias, Diego","Exploring transparency: A comparative analysis of explainable artificial intelligence techniques in retinography images to support the diagnosis of glaucoma","Computers in Biology and Medicine","","","10.1016/j.compbiomed.2024.109556","","Machine learning models are widely applied across diverse fields, including nearly all segments of human activity. In healthcare, artificial intelligence techniques have revolutionized disease diagnosis, particularly in image classification. Although these models have achieved significant results, their lack of explainability has limited widespread adoption in clinical practice. In medical environments, understanding AI model decisions is essential not only for healthcare professionals’ trust but also for regulatory compliance, patient safety, and accountability in case of failures. Glaucoma, a neurodegenerative eye disease, can lead to irreversible blindness, making early detection crucial for preventing vision loss. Automated glaucoma detection has been a focus of intensive research in computer vision, with numerous studies proposing the use of convolutional neural networks (CNNs) to analyze retinal fundus images and diagnose the disease automatically. However, these models often lack the necessary explainability, which is essential for ophthalmologists to understand and justify their decisions to patients. This paper explores and applies explainable artificial intelligence (XAI) techniques to different CNN architectures for glaucoma classification, comparing which explanation technique offers the best interpretive resources for clinical diagnosis. We propose a new approach, SCIM (SHAP-CAM Interpretable Mapping), which has shown promising results. The experiments were conducted with an ophthalmology specialist who highlighted that CAM-based interpretability, applied to the VGG16 and VGG19 architectures, stands out as the most effective resource for promoting interpretability and supporting diagnosis.","2025","2026-02-06 15:33:35","2026-02-06 15:33:35","","","","","185","","Computers in Biology and Medicine","","","","","","","","","","","","","","","","","/Users/clover/Zotero/storage/KA7IKUM3/Vieira et al. - 2025 - Exploring transparency A comparative analysis of explainable artificial intelligence techniques in.pdf","","","","","","","","","","","","","","","","","","","","","","","","","","","","","","","","","","","","","","","","","","","","","","","","",""
"MJVLQID9","journalArticle","2025","Shhadeh, Amjad; Daoud, Shadi; Redenski, Idan; Oren, Daniel; Zoabi, Adeeb; Kablan, Fares; Srouji, Samer","The contribution of real-time artificial intelligence segmentation in maxillofacial trauma emergencies","Diagnostics","","","10.3390/diagnostics15080984","","Background/Objectives: Maxillofacial trauma poses significant challenges in emergency medicine, requiring rapid interventions to minimize morbidity and mortality. Traditional segmentation methods are time-consuming and error-prone, particularly in high-pressure settings. Real-time artificial intelligence (AI) segmentation offers a transformative solution to streamline workflows and enhance clinical decision-making. This study evaluated the potential of real-time AI segmentation to improve diagnostic efficiency and support decision-making in maxillofacial trauma emergencies. Methods: This study evaluated 53 trauma patients with moderate to severe maxillofacial injuries treated over 16 months at Galilee Medical Center. AI-assisted segmentation using Materialise Mimics Viewer and Romexis Smart Tool was compared to semi-automated methods in terms of time and accuracy. The clinical impact of AI on diagnosis and treatment planning was also assessed. Results: AI segmentation was significantly faster than semi-automated methods (9.87 vs. 63.38 min) with comparable accuracy (DSC: 0.92–0.93 for AI; 0.95 for semi-automated). AI tools provided rapid 3D visualization of key structures, enabling faster decisions for airway management, fracture assessment, and foreign body localization. Specific trauma cases illustrate the potential of real-time AI segmentation to enhance the efficiency of diagnosis, treatment planning, and overall management of maxillofacial emergencies. The highest clinical benefit was observed in complex cases, such as orbital injuries or combined mandible and midface fractures. Conclusions: Real-time AI segmentation has the potential to enhance efficiency and clinical utility in managing maxillofacial trauma by providing precise, actionable data in time-sensitive scenarios. However, the expertise of oral and maxillofacial surgeons remains critical, with AI serving as a complementary tool to aid, rather than replace, clinical decision-making.","2025","2026-02-06 15:33:35","2026-02-06 15:33:35","","","","8","15","","Diagnostics","","","","","","","","","","","","","","","","","/Users/clover/Zotero/storage/C6YD93BE/Shhadeh et al. - 2025 - The contribution of real-time artificial intelligence segmentation in maxillofacial trauma emergenci.pdf","","","","","","","","","","","","","","","","","","","","","","","","","","","","","","","","","","","","","","","","","","","","","","","","",""
"7PPDCKFC","journalArticle","2023","Kwong, Jethro C. C.; Khondker, Adree; Lajkosz, Katherine; McDermott, Matthew B. A.; Frigola, Xavier Borrat; McCradden, Melissa D.; Mamdani, Muhammad; Kulkarni, Girish S.; Johnson, Alistair E. W.","APPRAISE-AI Tool for Quantitative Evaluation of AI Studies for Clinical Decision Support","JAMA Network Open","","2574-3805","10.1001/jamanetworkopen.2023.35377","https://doi.org/10.1001/jamanetworkopen.2023.35377","Artificial intelligence (AI) has gained considerable attention in health care, yet concerns have been raised around appropriate methods and fairness. Current AI reporting guidelines do not provide a means of quantifying overall quality of AI research, limiting their ability to compare models addressing the same clinical question.To develop a tool (APPRAISE-AI) to evaluate the methodological and reporting quality of AI prediction models for clinical decision support.This quality improvement study evaluated AI studies in the model development, silent, and clinical trial phases using the APPRAISE-AI tool, a quantitative method for evaluating quality of AI studies across 6 domains: clinical relevance, data quality, methodological conduct, robustness of results, reporting quality, and reproducibility. These domains included 24 items with a maximum overall score of 100 points. Points were assigned to each item, with higher points indicating stronger methodological or reporting quality. The tool was applied to a systematic review on machine learning to estimate sepsis that included articles published until September 13, 2019. Data analysis was performed from September to December 2022.The primary outcomes were interrater and intrarater reliability and the correlation between APPRAISE-AI scores and expert scores, 3-year citation rate, number of Quality Assessment of Diagnostic Accuracy Studies (QUADAS-2) low risk-of-bias domains, and overall adherence to the Transparent Reporting of a Multivariable Prediction Model for Individual Prognosis or Diagnosis (TRIPOD) statement.A total of 28 studies were included. Overall APPRAISE-AI scores ranged from 33 (low quality) to 67 (high quality). Most studies were moderate quality. The 5 lowest scoring items included source of data, sample size calculation, bias assessment, error analysis, and transparency. Overall APPRAISE-AI scores were associated with expert scores (Spearman ρ, 0.82; 95% CI, 0.64-0.91; P &lt; .001), 3-year citation rate (Spearman ρ, 0.69; 95% CI, 0.43-0.85; P &lt; .001), number of QUADAS-2 low risk-of-bias domains (Spearman ρ, 0.56; 95% CI, 0.24-0.77; P = .002), and adherence to the TRIPOD statement (Spearman ρ, 0.87; 95% CI, 0.73-0.94; P &lt; .001). Intraclass correlation coefficient ranges for interrater and intrarater reliability were 0.74 to 1.00 for individual items, 0.81 to 0.99 for individual domains, and 0.91 to 0.98 for overall scores.In this quality improvement study, APPRAISE-AI demonstrated strong interrater and intrarater reliability and correlated well with several study quality measures. This tool may provide a quantitative approach for investigators, reviewers, editors, and funding organizations to compare the research quality across AI studies for clinical decision support.","2023-09-25","2026-02-10 22:35:18","2026-02-10 22:35:18","2026-02-10 22:35:18","e2335377","","9","6","","JAMA Netw Open","","","","","","","","","","","","","Silverchair","","","","/Users/clover/Zotero/storage/DMSZI5Q3/Kwong et al. - 2023 - APPRAISE-AI Tool for Quantitative Evaluation of AI Studies for Clinical Decision Support.pdf; /Users/clover/Zotero/storage/ZH7NIDGP/jamanetworkopen.2023.html","","","","","","","","","","","","","","","","","","","","","","","","","","","","","","","","","","","","","","","","","","","","","","","","",""
"3CNJXSP5","journalArticle","2021","Page, Matthew J.; McKenzie, Joanne E.; Bossuyt, Patrick M.; Boutron, Isabelle; Hoffmann, Tammy C.; Mulrow, Cynthia D.; Shamseer, Larissa; Tetzlaff, Jennifer M.; Akl, Elie A.; Brennan, Sue E.; Chou, Roger; Glanville, Julie; Grimshaw, Jeremy M.; Hróbjartsson, Asbjørn; Lalu, Manoj M.; Li, Tianjing; Loder, Elizabeth W.; Mayo-Wilson, Evan; McDonald, Steve; McGuinness, Luke A.; Stewart, Lesley A.; Thomas, James; Tricco, Andrea C.; Welch, Vivian A.; Whiting, Penny; Moher, David","The PRISMA 2020 statement: an updated guideline for reporting systematic reviews","BMJ","","1756-1833","10.1136/bmj.n71","https://www.bmj.com/content/372/bmj.n71","<p>The Preferred Reporting Items for Systematic reviews and Meta-Analyses (PRISMA) statement, published in 2009, was designed to help systematic reviewers transparently report why the review was done, what the authors did, and what they found. Over the past decade, advances in systematic review methodology and terminology have necessitated an update to the guideline. The PRISMA 2020 statement replaces the 2009 statement and includes new reporting guidance that reflects advances in methods to identify, select, appraise, and synthesise studies. The structure and presentation of the items have been modified to facilitate implementation. In this article, we present the PRISMA 2020 27-item checklist, an expanded checklist that details reporting recommendations for each item, the PRISMA 2020 abstract checklist, and the revised flow diagrams for original and updated reviews.</p>","2021-03-29","2026-03-18 14:43:46","2026-03-18 14:43:48","2026-03-18 14:43:46","n71","","","372","","BMJ","The PRISMA 2020 statement","","","","","British Medical Journal Publishing Group","","en","© Author(s) (or their employer(s)) 2019. Re-use permitted under CC                 BY. No commercial re-use. See rights and permissions. Published by                 BMJ.. http://creativecommons.org/licenses/by/4.0/This is an Open Access article distributed in accordance with the terms of the Creative Commons Attribution (CC BY 4.0) license, which permits others to distribute, remix, adapt and build upon this work, for commercial use, provided the original work is properly cited. See: http://creativecommons.org/licenses/by/4.0/.","","","","www.bmj.com","","","","/Users/clover/Zotero/storage/QG77D5QI/Page et al. - 2021 - The PRISMA 2020 statement an updated guideline for reporting systematic reviews.pdf; ","http://www.ncbi.nlm.nih.gov/pubmed/33782057","","","","","","","","","","","","","","","","","","","","","","","","","","","","","","","","","","","","","","","","","","","","Research Methods &amp; Reporting","","","",""
"D5HXKW5B","journalArticle","2024","Bach, Tita A.; Kristiansen, Jenny K.; Babic, Aleksandar; Jacovi, Alon","Unpacking Human-AI Interaction in Safety-Critical Industries: A Systematic Literature Review","IEEE Access","","2169-3536","10.1109/ACCESS.2024.3437190","https://ieeexplore.ieee.org/document/10620168","Ensuring quality human-AI interaction (HAII) in safety-critical industries is essential. Failure to do so can lead to catastrophic and deadly consequences. Despite this urgency, existing research on HAII is limited, fragmented, and inconsistent. We present here a survey of that literature and recommendations for research best practices that should improve the field. We divided our investigation into the following areas: 1) terms used to describe HAII, 2) primary roles of AI-enabled systems, 3) factors that influence HAII, and 4) how HAII is measured. Additionally, we described the capabilities and maturity of the AI-enabled systems used in safety-critical industries discussed in these articles. We found that no single term is used across the literature to describe HAII and some terms have multiple meanings. According to our literature, seven factors influence HAII: user characteristics (e.g., user personality), user perceptions and attitudes (e.g., user biases), user expectations and experience (e.g., mismatched user expectations and experience), AI interface and features (e.g., interactive design), AI output (e.g., perceived accuracy), explainability and interpretability (e.g., level of detail, user understanding), and usage of AI (e.g., heterogeneity of environments). HAII is most measured with user-related subjective metrics (e.g., user perceptions, trust, and attitudes), and AI-assisted decision-making is the most common primary role of AI-enabled systems. Based on this review, we conclude that there are substantial research gaps in HAII. Researchers and developers need to codify HAII terminology, involve users throughout the AI lifecycle (especially during development), and tailor HAII in safety-critical industries to the users and environments.","2024","2026-03-18 14:46:24","2026-03-18 14:46:25","2026-03-18 14:46:24","106385-106414","","","12","","","Unpacking Human-AI Interaction in Safety-Critical Industries","","","","","","","","","","","","IEEE Xplore","","","","/Users/clover/Zotero/storage/3S3MJS5Z/Bach et al. - 2024 - Unpacking Human-AI Interaction in Safety-Critical Industries A Systematic Literature Review.pdf","","","Artificial intelligence; Systematic literature review; Medical services; Safety; safety; survey; humans; society; Human factors; Industries; measurement; methods; Reviews; safety-critical; systematic literature review; Task analysis; technology readiness level; Terminology; user","","","","","","","","","","","","","","","","","","","","","","","","","","","","","","","","","","","","","","","","","","","","","",""
"EZKFAHBG","journalArticle","2021","Wang, Yue; Chung, Sai Ho","Artificial intelligence in safety-critical systems: a systematic review","Industrial Management & Data Systems","","0263-5577","10.1108/IMDS-07-2021-0419","https://doi.org/10.1108/IMDS-07-2021-0419","This study is a systematic literature review of the application of artificial intelligence (AI) in safety-critical systems. The authors aim to present the current application status according to different AI techniques and propose some research directions and insights to promote its wider application.A total of 92 articles were selected for this review through a systematic literature review along with a thematic analysis.The literature is divided into three themes: interpretable method, explain model behavior and reinforcement of safe learning. Among AI techniques, the most widely used are Bayesian networks (BNs) and deep neural networks. In addition, given the huge potential in this field, four future research directions were also proposed.This study is of vital interest to industry practitioners and regulators in safety-critical domain, as it provided a clear picture of the current status and pointed out that some AI techniques have great application potential. For those that are inherently appropriate for use in safety-critical systems, regulators can conduct in-depth studies to validate and encourage their use in the industry.This is the first review of the application of AI in safety-critical systems in the literature. It marks the first step toward advancing AI in safety-critical domain. The paper has potential values to promote the use of the term “safety-critical” and to improve the phenomenon of literature fragmentation.","2021-12-07","2026-03-18 14:46:28","2026-03-18 14:46:29","2026-03-18 14:46:28","442-470","","2","122","","Industrial Management & Data Systems","Artificial intelligence in safety-critical systems","","","","","","","","","","","","Silverchair","","","","/Users/clover/Zotero/storage/LRX7W3AF/Wang and Chung - 2021 - Artificial intelligence in safety-critical systems a systematic review.pdf; /Users/clover/Zotero/storage/V62YTM36/IMDS-07-2021-0419.html","","","","","","","","","","","","","","","","","","","","","","","","","","","","","","","","","","","","","","","","","","","","","","","","",""
"QKI9L7V9","journalArticle","2007","Schardt, Connie; Adams, Martha B.; Owens, Thomas; Keitz, Sheri; Fontelo, Paul","Utilization of the PICO framework to improve searching PubMed for clinical questions","BMC medical informatics and decision making","","1472-6947","10.1186/1472-6947-7-16","","BACKGROUND: Supporting 21st century health care and the practice of evidence-based medicine (EBM) requires ubiquitous access to clinical information and to knowledge-based resources to answer clinical questions. Many questions go unanswered, however, due to lack of skills in formulating questions, crafting effective search strategies, and accessing databases to identify best levels of evidence. METHODS: This randomized trial was designed as a pilot study to measure the relevancy of search results using three different interfaces for the PubMed search system. Two of the search interfaces utilized a specific framework called PICO, which was designed to focus clinical questions and to prompt for publication type or type of question asked. The third interface was the standard PubMed interface readily available on the Web. Study subjects were recruited from interns and residents on an inpatient general medicine rotation at an academic medical center in the US. Thirty-one subjects were randomized to one of the three interfaces, given 3 clinical questions, and asked to search PubMed for a set of relevant articles that would provide an answer for each question. The success of the search results was determined by a precision score, which compared the number of relevant or gold standard articles retrieved in a result set to the total number of articles retrieved in that set. RESULTS: Participants using the PICO templates (Protocol A or Protocol B) had higher precision scores for each question than the participants who used Protocol C, the standard PubMed Web interface. (Question 1: A = 35%, B = 28%, C = 20%; Question 2: A = 5%, B = 6%, C = 4%; Question 3: A = 1%, B = 0%, C = 0%) 95% confidence intervals were calculated for the precision for each question using a lower boundary of zero. However, the 95% confidence limits were overlapping, suggesting no statistical difference between the groups. CONCLUSION: Due to the small number of searches for each arm, this pilot study could not demonstrate a statistically significant difference between the search protocols. However there was a trend towards higher precision that needs to be investigated in a larger study to determine if PICO can improve the relevancy of search results.","2007-06-15","2026-03-18 14:51:09","2026-03-18 14:51:11","","16","","","7","","BMC Med Inform Decis Mak","","","","","","","","eng","","","","","PubMed","","","","/Users/clover/Zotero/storage/7H3MHVHD/Schardt et al. - 2007 - Utilization of the PICO framework to improve searching PubMed for clinical questions.pdf; ","http://www.ncbi.nlm.nih.gov/pubmed/17573961","","Evidence-Based Medicine; Humans; Information Storage and Retrieval; Internship and Residency; Medical Informatics; Medical Subject Headings; MEDLINE; Probability; PubMed; Sensitivity and Specificity; Surveys and Questionnaires","","","","","","","","","","","","","","","","","","","","","","","","","","","","","","","","","","","","","","","","","","","","","",""
"SMTYCPZG","document","2026","The White House","National Policy Framework for Artificial-Intelligence Legislative Recommendations","","","","","https://www.whitehouse.gov/wp-content/uploads/2026/03/03.20.26-National-Policy-Framework-for-Artificial-Intelligence-Legislative-Recommendations.pdf?stream=top","","2026-03","2026-03-20 17:34:37","2026-03-20 17:36:20","2026-03-20 17:33:49","","","","","","","","","","","","","","","","","","","","","","","/Users/clover/Zotero/storage/Z9936C9F/03.20.26-National-Policy-Framework-for-Artificial-Intelligence-Legislative-Recommendations.pdf","","","","","","","","","","","","","","","","","","","","","","","","","","","","","","","","","","","","","","","","","","","","","","","","",""