Paper Index,Author,Publication Year,Title,Abstract,DOI,Majdi's Vote to Include,Nataly's Vote to Include
84,"Huegli, David; Chavaillaz, Alain; Sauer, Juergen; Schwaninger, Adrian",2025,Effects of false alarms and miscues of decision support systems on human-machine system performance: a study with airport security screeners,"ABSTRACT  Decision support systems such as explosives detection systems for cabin baggage (eDscB) at airport security checkpoints help screeners detect bombs by highlighting areas in X-ray images that might contain explosives. however, these systems are not perfect and can produce false alarms (i.e. alarm when no target is present) and miscues (i.e. a non-target is cued but the actual target is located elsewhere in the image). this study investigated the consequences of such automation errors in 112 professional airport security screeners who were supported by a simulated eDscB with realistic X-ray images of cabin baggage. they had to detect bombs, guns, and knives under one of three experimental conditions: miscue prone, false alarm prone, or multiple failures (false alarms and miscues). Results showed that screeners missed more knives when the eDscB provided miscues. We conclude that on-screen alarm resolution of eDscB alarms in primary screening has the disadvantage that miscues can result in missing prohibited articles at airport security checkpoints. to avoid this problem, automated decision or clear instructions to screeners should be considered.  Practitioner Statement: airport security screeners inspect X-ray images of cabin baggage through visual search and decision making with the help of explosives detection system for cabin baggage screening (eDscB). the present experiment addresses whether eDscB miscues affect operator performance and whether miscues are a problem when conducting eDscB on-screen alarm resolution.  HIGHLIGHTS  • We tested 115 professional airport security screeners using realistic X-ray images of cabin  baggage. • screeners were supported by an explosives detection system for cabin baggage (eDscB) to  help them detect bombs. • Besides correct explosives alarms, the eDscB made false alarms on target-absent images or  miscues on images containing guns or knives that were localised elsewhere on the image. • screeners missed more knives when the eDscB provided miscues than when the eDscB  provided no miscues. • instead of on-screen alarm resolution of eDscB alarms in primary screening, automated  decision or clear instructions to screeners should be considered.",10.1080/00140139.2025.2453546,,
413,"Fleury, Emmanuelle; Pignol, Jean Philippe; Kili√ß, Emine; van Rij, Caroline; Naus, Nicole; Yavuzyigitoglu, Serdar; den Toom, Wilhelm; Zolnay, Andras; Spruijt, Kees; van Vulpen, Marco; Trnkov√°, Petra; Hoogeman, Mischa",2025,Stereotactic radiation therapy or protons for uveal melanoma patients? An artificial intelligence (AI)-based clinical treatment decision-making tool predicting doses to radiation therapy constraints,"Purpose
For ocular melanoma, selecting between stereotactic radiation therapy (SRT) and protons requires a lengthy plan comparison process. The purpose of this brief report is to describe an artificial intelligence (AI) decision-making tool to predict dosimetric and clinical outcomes based on easy-to-access tumor characteristics.
Methods and Materials
The AI tool was based on a retrospective database of 66 patients with uveal melanoma treated in a single center with robotic SRT. A supervised machine learning model was developed to correlate the risk of toxicity for each radiation modality and clinical features. Clinical toxicity risks were built in various profiles: Profile I for maculopathy, optic-neuropathy, and visual acuity deterioration; Profile II for neovascular glaucoma; Profile III for radiation-induced retinopathy; and Profile IV for dry-eye syndrome.
Results
Machine learning-based toxicity prediction accuracy for selecting the correct treatment modality was 81%, 77%, 91%, and 93% for Profiles I, II, III, and IV, respectively.
Conclusion
The study shows that a machine learning method based on easy-to-access clinical characteristics can predict which toxicity would be greater with SRT or protons. This AI tool could support patients in making informed treatment decisions in an ophthalmology clinic, without the lengthy wait for computed tomographic simulation results and extensive plan comparisons.",10.1016/j.ijrobp.2025.06.3867,,
341,"Khan, Ehsan; Lambrakis, Kristina; Briffa, Tom; Cullen, Louise A.; Karnon, Jonathon; Papendick, Cynthia; Quinn, Stephen; Tideman, Phil; van den Hengel, Anton; Verjans, Johan; Chew, Derek P.",2025,Re-engineering the clinical approach to suspected cardiac chest pain assessment in the emergency department by expediting research evidence to practice using artificial intelligence. (RAPIDx AI)-a cluster randomized study design,"Background
Clinical work-up for suspected cardiac chest pain is resource intensive. Despite expectations, high-sensitivity cardiac troponin assays have not made decision making easier. The impact of recently validated rapid triage protocols including the 0-hour/1-hour hs-cTn protocols on care and outcomes may be limited by the heterogeneity in interpretation of troponin profiles by clinicians. We have developed machine learning (ML) models which digitally phenotype myocardial injury and infarction with a high predictive performance and provide accurate risk assessment among patients presenting to EDs with suspected cardiac symptoms. The use of these models may support clinical decision-making and allow the synthesis of an evidence base particularly in non-T1MI patients however prospective validation is required.
Objective
We propose that integrating validated real-time artificial intelligence (AI) methods into clinical care may better support clinical decision-making and establish the foundation for a self-learning health system.
Design
This prospective, multicenter, open-label, cluster-randomized clinical trial within blinded endpoint adjudication across 12 hospitals (n = 20,000) will randomize sites to the clinical decision-support tool or continue current standard of care. The clinical decision support tool will utilize ML models to provide objective patient-specific diagnostic probabilities (ie, likelihood for Type 1 myocardial infarction [MI] versus Type 2 MI/Acute Myocardial Injury versus Chronic Myocardial Injury etc.) and prognostic assessments. The primary outcome is the composite of cardiovascular mortality, new or recurrent MI and unplanned hospital re-admission at 12 months post index presentation.
Summary
Supporting clinicians with a decision support tool that utilizes AI has the potential to provide better diagnostic and prognostic assessment thereby improving clinical efficiency and establish a self-learning health system continually improving risk assessment, quality and safety.",10.1016/j.ahj.2025.02.016,,
53,"Gutierrez-Zaballa, Jon; Basterretxea, Koldo; Echanobe, Javier",2024,Evaluating single event upsets in deep neural networks for semantic segmentation: An embedded system perspective,"As the deployment of artificial intelligence (AI) algorithms at edge devices becomes increasingly prevalent, enhancing the robustness and reliability of autonomous AI-based perception and decision systems is becoming as relevant as precision and performance, especially in applications areas considered safety-critical such as autonomous driving and aerospace. This paper delves into the robustness assessment in embedded Deep Neural Networks (DNNs), particularly focusing on the impact of parameter perturbations produced by single event upsets (SEUs) on convolutional neural networks (CNN) for image semantic segmentation. By scrutinizing the layer-by-layer and bit-by-bit sensitivity of various encoder–decoder models to soft errors, this study thoroughly investigates the vulnerability of segmentation DNNs to SEUs and evaluates the consequences of techniques like model pruning and parameter quantization on the robustness of compressed models aimed at embedded implementations. The findings offer valuable insights into the mechanisms underlying SEU-induced failures that allow for evaluating the robustness of DNNs once trained in advance. Moreover, based on the collected data, we propose a set of practical lightweight error mitigation techniques with no memory or computational cost suitable for resource-constrained deployments. The code used to perform the fault injection (FI) campaign is available at https://github.com/jonGuti13/TensorFI2, while the code to implement proposed techniques is available at https://github.com/jonGuti13/parameterProtection.",10.1016/j.sysarc.2024.103242,,
544,"Silvey, Scott; Patel, Nilang; Liu, Jinze; Tafader, Asiya; Nadeem, Mahum; Dhaliwal, Galvin; O'Leary, Jacqueline G.; Patton, Heather; Morgan, Timothy R.; Rogal, Shari; Bajaj, Jasmohan S.",2024,A machine learning algorithm avoids unnecessary paracentesis for exclusion of SBP in cirrhosis in resource-limited settings,"Background & Aims
Despite the poor prognosis associated with missed or delayed spontaneous bacterial peritonitis (SBP) diagnosis, <15% get timely paracentesis, which persists despite guidelines/education in the United States. Measures to exclude SBP non-invasively where timely paracentesis cannot be performed could streamline this burden.
Methods
Using Veterans Health Administration Corporate Data Warehouse (VHA-CDW) we included patients with cirrhosis between 2009 and 2019 who underwent timely paracentesis and collected relevant clinical information (demographics, cirrhosis severity, medications, vitals, and comorbidities). XGBoost-models were trained on 75% of the primary cohort, with 25% reserved for testing. The final model was further validated in 2 cohorts: Validation cohort #1: In VHA-CDW, those without prior SBP who received 2nd early paracentesis, and Validation cohort #2: Prospective data from 276 non-electively admitted University hospital patients.
Results
Negative predictive values (NPVs) at 5%,10%, and 15% probability cutoffs were examined. Primary cohort: n = 9643 (mean age, 63.1 ± 8.7 years; 97.2% men; SBP, 15.0%) received first early paracentesis. Testing-set NPVs for SBP were 96.5%, 93.0%, and 91.6% at the 5%, 10%, and 15% probability thresholds, respectively. In Validation cohort #1: n = 2844 (mean age, 63.14 ± 8.37 years; 97.1% male; SBP, 9.7%) with NPVs were 98.8%, 95.3%, and 94.5%. In Validation cohort #2: n = 276 (mean age, 56.08 ± 9.09; 59.6% male; SBP, 7.6%) with NPVs were 100%, 98.9%, and 98.0% The final machine learning model showed the greatest net benefit on decision-curve analyses.
Conclusions
A machine learning model generated using routinely collected variables excluded SBP with high NPV. Applying this model could ease the need to provide paracentesis in resource-limited settings by excluding those unlikely to have SBP.",10.1016/j.cgh.2024.06.015,,
347,"Moosavi, Amirhossein; Huang, Steven; Vahabi, Maryam; Motamedivafa, Bahar; Tian, Nelly; Mahmood, Rafid; Liu, Peter; Sun, Christopher L. F.",2024,Prospective human validation of artificial intelligence interventions in cardiology: a scoping review,"BACKGROUND Despite the potential of artificial intelligence (AI) in enhancing cardiovascular care, its integration into clinical practice is limited by a lack of evidence on its effectiveness with respect to human experts or gold standard practices in real-world settings.  OBJECTIVES The purpose of this study was to identify AI interventions in cardiology that have been prospectively validated against human expert benchmarks or gold standard practices, assessing their effectiveness, and identifying future research areas.  METHODS We systematically reviewed Scopus and MEDLINE to identify peer-reviewed publications that involved prospective human validation of AI-based interventions in cardiology from January 2015 to December 2023.  RESULTS Of 2,351 initial records, 64 studies were included. Among these studies, 59 (92.2%) were published after 2020. A total of 11 (17.2%) randomized controlled trials were published. AI interventions in 44 articles (68.75%) reported definite clinical or operational improvements over human experts. These interventions were mostly used in imaging (n 1⁄4 14, 21.9%), ejection fraction (n 1⁄4 10, 15.6%), arrhythmia (n 1⁄4 9, 14.1%), and coronary artery disease (n 1⁄4 12, 18.8%) application areas. Convolutional neural networks were the most common predictive model (n 1⁄4 44, 69%), and images were the most used data type (n 1⁄4 38, 54.3%). Only 22 (34.4%) studies made their models or data accessible.  CONCLUSIONS This review identifies the potential of AI in cardiology, with models often performing equally well as human counterparts for specific and clearly scoped tasks suitable for such models. Nonetheless, the limited number of randomized controlled trials emphasizes the need for continued validation, especially in real-world settings that closely examine joint human AI decision-making. (JACC Adv. 2024;3:101202) © 2024 The Authors. Published by Elsevier on behalf of the American College of Cardiology Fo",10.1016/j.jacadv.2024.101202,,
63,"Cankaya, Burak; Topuz, Kazim; Delen, Dursun; Glassman, Aaron",2023,Evidence-based managerial decision-making with machine learning: The case of Bayesian inference in aviation incidents,"Understanding the factors behind aviation incidents is essential, not only because of the lethality of the accidents but also the incidents' direct and indirect economic impact. Even minor incidents trigger significant economic damage and create disruptions to aviation operations. It is crucial to investigate these incidents to understand the underlying reasons and hence, reduce the risk associated with physical and financial safety in a precarious industry like aviation. The findings may provide decision-makers with a causally accurate means of investigating the topic while untangling the difficulties concerning the statistical associations and causal effects. This research aims to identify the significant variables and their probabilistic dependencies/relationships determining the degree of aircraft damage. The value and the contribution of this study include (1) developing a fully automatic ML prediction-based DSS for aircraft damage severity, (2) conducting a deep network analysis of affinity between predicting variables using probabilistic graphical modeling (PGM), and (3) implementing a user-friendly dashboard to interpret the business insight coming from the design and development of the Bayesian Belief Network (BBN). By leveraging a large, real-world dataset, the proposed methodology captures the probability-based interrelations among air terminal, flight, flight crew, and air-vehicle-related characteristics as explanatory variables, thereby revealing the underlying, complex interactions in accident severity. This research contributes significantly to the current body of knowledge by defining and proving a methodology for automatically categorizing aircraft damage severity based on flight, aircraft, and PIC (pilot in command) information. Moreover, the study combines the findings of the Bayesian Belief Networks with decades of aviation expertise of the subject matter expert, drawing and explaining the association map to find the root causes of the problems and accident relayed variables.",10.1016/j.omega.2023.102906,,
553,"Bellelli, Valeria; Siccardi, Guido; Conte, Livia; Celani, Luigi; Congeduti, Elena; Borrazzo, Cristian; Santinelli, Letizia; Innocenti, Giuseppe Pietro; Pinacchio, Claudia; Ceccarelli, Giancarlo; Venditti, Mario; D‚Äôettorre, Gabriella",2020,Preliminary attempt to predict risk of invasive pulmonary aspergillosis in patients with influenza: Decision trees may help?,"Invasive pulmonary aspergillosis (IPA) is typically considered a disease of immunocompromised patients, but, recently, many cases have been reported in patients without typical risk factors. The aim of our study is to develop a risk predictive model for IPA through machine learning techniques (decision trees) in patients with influenza. We conducted a retrospective observational study analyzing data regarding patients diagnosed with influenza hospitalized at the University Hospital “Umberto I” of Rome during the 2018-2019 season. We collected five IPA cases out of 77 influenza patients. Although the small sample size is a limit, the most vulnerable patients among the influenza-infected population seem to be those with evidence of lymphocytopenia and those that received corticosteroid therapy.",10.3390/antibiotics9100644,,
628,"Jeong, Ji Yun; Jeon, Jae Han; Bae, Kwi Hyun; Choi, Yeon Kyung; Park, Keun Gyu; Kim, Jung Guk; Won, Kyu Chang; Cha, Bong Soo; Ahn, Chul Woo; Kim, Dong Won; Lee, Chang Hee; Lee, In Kyu",2018,Smart care based on telemonitoring and telemedicine for type 2 diabetes care: Multi-center randomized controlled trial,"Background:
This study was performed to determine the effectiveness of the Smart Care service on glucose control based on telemedicine and telemonitoring compared with conventional treatment in patients with type 2 diabetes.
Materials and Methods:
This 24-week prospective multi-center randomized controlled trial involved 338 adult patients with type 2 diabetes at four university hospitals in South Korea. The patients were randomly assigned to a control group (group A, n_=_113), a telemonitoring group (group B, n_=_113), or a telemedicine group (group C, n_=_112). Patients in the telemonitoring group visited the outpatient clinic regularly, accompanied by an additional telemonitoring service that included remote glucose monitoring with automated patient decision support by text. Remote glucose monitoring was identical in the telemedicine group, but assessment by outpatient visits was replaced by video conferencing with an endocrinologist.
Results:
The adjusted net reductions in HbA1c concentration after 24 weeks were similar in the conventional, telemonitoring, and telemedicine groups (_0.66%_±_1.03% vs. _0.66%_±_1.09% vs. _0.81%_±_1.05%; p > 0.05 for each pairwise comparison). Fasting glucose concentrations were lower in the telemonitoring and telemedicine groups than in the conventional group. Rates of hypoglycemia were lower in the telemedicine group than in the other two groups, and compliance with medication was better in the telemonitoring and telemedicine than in the conventional group. No serious adverse events were associated with telemedicine.
Conclusions:
Telehealthcare was as effective as conventional care at improving glycemia in patients with type 2 diabetes without serious adverse effects.",10.1089/tmj.2017.0203,,
562,"Acheampong, Emmanuel; Adua, Eric; Obirikorang, Christian; Anto, Enoch Odame; Peprah-Yamoah, Emmanuel; Obirikorang, Yaa; Asamoah, Evans Adu; Opoku-Yamoah, Victor; Nyantakyi, Michael; Taylor, John; Buckman, Tonnies Abeku; Yakubu, Maryam; Afrifa-Yamoah, Ebenezer",2024,Predictive modelling of metabolic syndrome in Ghanaian diabetic patients: an ensemble machine learning approach,"Objectives The burgeoning prevalence of cardiometabolic disorders, including type 2 diabetes mellitus (T2DM) and metabolic syndrome (MetS) within Africa is concerning. Machine learning (ML) techniques offer a unique opportunity to leverage data-driven insights and construct predictive models for MetS risk, thereby enhancing the implementation of personalised prevention strategies. In this work, we employed ML techniques to develop predictive models for pre-MetS and MetS among diabetic patients. Methods This multi-centre cross-sectional study comprised of 919 T2DM patients. Age, gender, novel anthropometric indices along with biochemical measures were analysed using BORUTA feature selection and an ensemble majority voting classification model, which included logistic regression, k-nearest neighbour, Gaussian Naive Bayes, Gradient boosting classification, and support vector machine. Results Distinct metabolic profiles and phenotype clusters were associated with MetS progression. The BORUTA algorithm identified 10 and 16 significant features for pre-MetS and MetS prediction, respectively. For pre-MetS, the top-ranked features were lipid accumulation product (LAP), triglyceride-glucose index adjusted for waist-to-height ratio (TyG-WHtR), coronary risk (CR), visceral adiposity index (VAI) and abdominal volume index (AVI). For MetS prediction, the most influential features were VAI, LAP, waist triglyceride index (WTI), Very low-density cholesterol (VLDLC) and TyG-WHtR. Majority voting ensemble classifier demonstrated superior performance in predicting pre-MetS (AUC = 0.79) and MetS (AUC = 0.87). Conclusion Identifying these risk factors reveals the complex interplay between visceral adiposity and metabolic dysregulation in African populations, enabling early detection and treatment. Ethical integration of ML algorithms in clinical decisionmaking can streamline identification of high-risk individuals, optimize resource allocation, and enable precise, tailored interventions.",10.1007/s40200-024-01491-7,,
466,"Herke, Habil Csongor; Szab√≥, Barbara",2024,Self-driving vehicles and their impact on the european convention on human rights,"The integration of artificial intelligence (AI) into criminal justice systems has grown rapidly, offering significant potential to enhance efficiency and decision-making. However, this advancement also raises ethical and legal concerns, such as data privacy violations, algorithmic bias, and transparency in AIdriven processes. This research examines the legal and ethical implications of AI in criminal justice, focusing on its applications in law enforcement and judiciary systems. Through a normative legal analysis, employing statutory, conceptual, and comparative legal approaches, the study draws insights from the European Convention on Human Rights (ECHR) and international literature. The findings highlight societal apprehensions regarding autonomous systems, inadequacies in current legal frameworks, and ethical challenges in programming AI for decision-making. These challenges include ensuring privacy, data protection, and adherence to fair trial principles. The study concludes that prudent legal regulations are crucial for ensuring responsible and ethical deployment of AI in criminal justice systems. Ultimately, the research emphasizes the importance of balancing technological innovation with the protection of fundamental human rights, contributing to a framework for the ethical a",10.53955/jhcls.v4i3.376,,
505,"Renard, Jade; Faucher, Mathieu R.; Combes, Ana√Øs; Concordet, Didier; Reynolds, Brice S.",2021,Machine-learning algorithm as a prognostic tool in non-obstructive acute-on-chronic kidney disease in the cat,"Objectives The aim of this study was to develop an algorithm capable of predicting short- and medium-term survival in cases of intrinsic acute-on-chronic kidney disease (ACKD) in cats. Methods The medical record database was searched to identify cats hospitalised for acute clinical signs and azotaemia of at least 48h duration and diagnosed to have underlying chronic kidney disease based on ultrasonographic renal abnormalities or previously documented azotaemia. Cases with postrenal azotaemia, exposure to nephrotoxicants, feline infectious peritonitis or neoplasia were excluded. Clinical variables were combined in a clinical severity score (CSS). Clinicopathological and ultrasonographic variables were also collected. The following variables were tested as inputs in a machine learning system: age, body weight (BW), CSS, identification of small kidneys or nephroliths by ultrasonography, serum creatinine at 48h (Crea48), spontaneous feeding at 48h (SpF48) and aetiology. Outputs were outcomes at 7, 30, 90 and 180 days. The machine-learning system was trained to develop decision tree algorithms capable of predicting outputs from inputs. Finally, the diagnostic performance of the algorithms was calculated. Results Crea48 was the best predictor of survival at 7 days (threshold 1043 _mol/l, sensitivity 0.96, specificity 0.53), 30 days (threshold 566 _mol/l, sensitivity 0.70, specificity 0.89) and 90 days (threshold 566 _mol/l, sensitivity 0.76, specificity 0.80), with fewer cats still alive when their Crea48 was above these thresholds. A short decision tree, including age and Crea48, predicted the 180-day outcome best. When Crea48 was excluded from the analysis, the generated decision trees included CSS, age, BW, SpF48 and identification of small kidneys with an overall diagnostic performance similar to that using Crea48. Conclusions and relevance Crea48 helps predict short- and medium-term survival in cats with ACKD. Secondary variables that helped predict outcomes were age, CSS, BW, SpF48 and identification of small kidneys.",10.1177/1098612X211001273,,
145,"Kim, Woojin; Kim, Junghwa; Jang, Jeong Ah; Kim, Suk-Hee",2023,Do perceptions of hydrogen energy effect on vehicle preference? A learning-based model approach,"The attention towards hydrogen energy is growing as green energy sources are becoming more and more important over the world. the South Korean government has also implemented hydrogen economy since 2018 and established a plan to develop into a hydrogen economy leading country through fuel cell electric vehicles (FCEVs) and hydrogen fuel cells. Therefore, a preparatory process of verifying awareness and acceptance of FCEV and hydrogen energy through research is necessary. As there are issues about the safety of hydrogen energy due to several explosion accidents, we hypothesized that psychological attitudes to hydrogen energy like risk perception and familiarity would be effect on vehicle purchase behavior. In order to verify hypothesis this study analyzed using logistic regression and decision tree method, a machine learning technique for a preference model among FCEVs. The results show that hydrogen risk has a larger influence than hydrogen familiarity on the choice of FCEVs. In addition, we identified that the variables which are vehicle price, charge price, VKT(Vehicle Kilometers Traveled), distance to the charging station, gender, and age group also affect on vehicle purchase behavior. Using the decision tree algorithm in the AI technique, analysis results for vehicle preference in e-mobility (EVs, hybrid, FCEVs) show that hybrid vehicles select 46%, EVs 31%, FCEVs 23%. In addition, as a result of analyzing the influence of variables on the e-mobility Preference, the major variables were charge price, distance to the charging station, and vehicle price, in the descending order of importance.",10.1007/s12205-022-0227-x,,
455,"Abu, N. S.; Bukhari, W. M.; Adli, M. H.; Maghfiroh, Hari; Ma‚Äôarif, Alfian",2024,"Advancements, challenges and safety implications of AI in autonomous vehicles: a comparative analysis of urban vs. highway environments","Abstract—This research reviews AI integration in AVs, evaluating its effectiveness in urban and highway settings. Analyzing over 161 studies, it explores advancements like machine learning perception, sensor technology, V2X communication, and adaptive cruise control. It also examines challenges like traffic congestion, pedestrian and cyclist safety, regulations, and technology limitations. Safety considerations include human-AI interaction, cybersecurity, and liability/ethics. The study contributes valuable insights into the latest developments and challenges of AI in AVs, specifically in urban and highway contexts, which will guide future transportation research and decision-making. In urban settings, AI-powered sensor fusion technology helps AVs navigate dynamic traffic safely. On highways, adaptive cruise control systems maintain safe distances, reducing accidents. These findings suggest AI facilitates safer navigation in urban areas and enhances safety and efficiency on highways. While AI integration in AVs holds immense potential, innovative solutions like advanced perception systems and optimized long-range communication are needed to create safer and more sustainable transportation systems.",10.18196/jrc.v5i3.21114,,
232,"Nam, Su Han; Kwon, Jae Hyun; Kim, Young Do",2023,Comparison of optimal machine learning algorithms for early detection of unknown hazardous chemicals in rivers using sensor monitoring data,"Water environment pollution due to chemical spills occurs constantly worldwide. When a chemical accident occurs, a quick initial response is most important. In previous studies, samples collected from chemical accident sites were subjected to laboratory-based precise analysis or predictive research through modeling. These results can be used to formulate appropriate responses in the event of chemical accidents; however, there are limitations to this process. For the initial response, it is important to quickly acquire information on chemicals leaked from the site. In this study, pH and electrical conductivity (EC), which are easy to measure in the field, were applied. In addition, 13 chemical substances were selected, and pH and EC data for each were established according to concentration change. The obtained data were applied to machine learning algorithms, including decision trees, random forests, gradient boosting, and XGBoost (XGB), to determine the chemical substances present. Through performance evaluation, the boosting method was found to be sufficient, and XGB was the most suitable algorithm for chemical substance detection.",10.3390/toxics11040314,,
132,"Loken, Erik Andreas; Lokkevik, Jens; Sui, Dan",2020,Data-driven approaches tests on a laboratory drilling system,"In recent years, considerable resources have been invested to exploit vast amounts of data that get collected during exploration, drilling and production of oil and gas. Data-related digital technologies potentially become a game changer for the industry in terms of reduced costs through increasing operational efficiency and avoiding accidents, improved health, safety and environment through strengthening situational awareness and so on. Machine learning, an application of artificial intelligence to offer systems/processes self-learning and self-driving ability, has been around for recent decades. In the last five to ten years, the increased computational powers along with heavily digitized control and monitoring systems have made machine learning algorithms more available, powerful and accurate. Considering the state-of-art technologies that exist today and the significant resources that are being invested into the technologies of tomorrow, the idea of intelligent and automated drilling systems to select best decisions or provide good recommendations based on the information available becomes closer to a reality. This study shows the results of our research activity carried out on the topic of drilling automation and digitalization. The main objective is to test the developed machine learning algorithms of formation classification and drilling operations identification on a laboratory drilling system. In this paper, an algorithm to develop data-driven models based on the laboratory data collocated in many scenarios (for instance, drilling different formation samples with varying drilling operational parameters and running different operations) is presented. Moreover, a testing algorithm based on datadriven models for new formation detection and confirmation is proposed. In the case study, results on multiple experiments conducted to test and validate the developed machine learning methods have been illustrated and discussed.",10.1007/s13202-020-00870-z,,
509,"Javaid, Sabah; Gorji, Hamed Taheri; Soulami, Khaoula Belhaj; Kaabouch, Naima",2023,Identification and ranking biomaterials for bone scaffolds using machine learning and PROMETHEE,"Purpose

Bones have a complex hierarchical structure that supports their diverse chemical, biological, and mechanical functions. High rates of bone susceptibility to fractures and injury have attracted extensive research interest to find alternate biomaterials for bone scaffolds. Natural bone healing is only successful if the defect is very small and when a defect exceeds 1 cm3 then bone grafting is required. Large bone defects or injuries are very serious problems in orthopedics as they bring great harm to health and normal function of daily life routine. A scaffold should have good strength to maintain its own structure after implantation in a load bearing environment and without being stiff that shields surrounding bone from the load. Therefore, mechanical properties of bone scaffolds should match those of the host tissue and should be part of the natural environment of the body without any harm or further damage.
Methods

In this paper, we present two main contributions. First, we investigate the use of machine learning models in identifying biomaterials that are suitable for bone scaffolds. Second, we rank the best materials for biomedical scaffold applications using the multi-criteria decision analysis methods, the Preference Ranking Organization METhod for the Enrichment of Evaluations (PROMETHEE). Machine learning models investigated are AdaBoost, artificial neural network (ANN), Naïve Bayes (NB), Decision tree (DT), Support Vector Machine (SVM), and K-Nearest Neighbor (KNN). Mechanical properties such as comprehensive strength, tensile strength, and Young’s modulus with the cortical bone are used as the standard reference for classification.
Results

The results show that the ANN outperforms the other machine learning models in identifying the biomaterials suitable for bone tissue engineering, while the ranking results using PROMETHEE show that Brushite and Titanium alloy are the best appropriate biomaterials for the cancellous and cortical bones, respectively.
Conclusion

Brushite and Titanium alloy are the best biomaterials for the cancellous and cortical bones, respectively.",10.1007/s42600-022-00257-5,,
133,"Suryana, Lucas Elbert; Nordhoff, Sina; Calvert, Simeon; Zgonnikov, Arkady; van Arem, Bart",2025,Meaningful human control of partially automated driving systems: Insights from interviews with Tesla users,"Partially automated driving systems are designed to perform specific driving tasks—such as steering, accelerating, and braking—while still requiring human drivers to monitor the environment and intervene when necessary. This shift of driving responsibilities from human drivers to automated systems raises concerns about accountability, particularly in scenarios involving unexpected events. To address these concerns, the concept of meaningful human control (MHC) has been proposed. MHC emphasises the importance of humans retaining oversight and responsibility for decisions made by automated systems. Despite extensive theoretical discussion of MHC in driving automation, there is limited empirical research on how real-world partially automated systems align with MHC principles. This study offers two main contributions: (1) an empirical evaluation of MHC in partially automated driving, based on 103 semi-structured interviews with users of Tesla's Autopilot and Full Self-Driving (FSD) Beta systems; and (2) a methodological framework for assessing MHC through qualitative interview data. We operationalise the previously proposed tracking and tracing conditions of MHC using a set of evaluation criteria to determine whether these systems support meaningful human control in practice. Our findings indicate that several factors influence the degree to which MHC is achieved. Failures in tracking—where drivers' expectations regarding system safety are not adequately met—arise from technological limitations, susceptibility to environmental conditions (e.g., adverse weather or inadequate infrastructure), and discrepancies between technical performance and user satisfaction. Tracing performance—the ability to clearly assign responsibility—is affected by inconsistent adherence to safety protocols, varying levels of driver confidence, and the specific driving mode in use (e.g., Autopilot versus FSD Beta). These findings contribute to ongoing efforts to design partially automated driving systems that more effectively support meaningful human control and promote more appropriate use of automation.",10.1016/j.trf.2025.04.026,,
108,"Mehta, Aryan Alpesh; Padaria, Ali Asgar; Bavisi, Dwij Jayesh; Ukani, Vijay; Thakkar, Priyank; Geddam, Rebekah; Kotecha, Ketan; Abraham, Ajith",2024,Securing the future: a comprehensive review of security challenges and solutions in advanced driver assistance systems,"Advanced Driver Assistance Systems (ADAS) are advanced technologies that assist drivers with vehicle operation and navigation. Recent improvements and brisk expansion in the ADAS market, as well as an increase in the frequency of incidents such as sensor spoofing, communication interruption etc., in autonomous vehicles (AVs), have raised the need to research ADAS security technology. The security issues raised by incorporating these technologies into automobiles must be addressed to protect the privacy and safety of passengers and other road users. As a result, the purpose of this research is to investigate the security issues that arise from the integration of ADAS technologies. Addressing these challenges holds the potential to establish a foundation for enhanced safety and dependability within transportation networks amidst the ongoing advancements in vehicle technology. This paper starts by describing the vulnerabilities, threats, assaults, and defense mechanisms of the ADAS. It then delves into the attacks and countermeasures in three categories, namely VANET, Hardware, and Adversarial attacks. VANET attacks encompass threats targeting Vehicular Ad Hoc Networks, aiming to disrupt communication among vehicles or between vehicles and infrastructure. Hardware attacks focus on vulnerabilities within the physical components of ADAS, including sensors, processors, or communication modules. Adversarial attacks involve deliberate manipulations or perturbations introduced into machine learning models or algorithms utilized within ADAS. These attacks aim to deceive or undermine the functionality of AI-based systems, causing misclassification, compromising system integrity, and posing risks to user safety by exploiting vulnerabilities in the AI decision-making process. Finally, this study highlights potential areas for future research, such as the utilization of artificial intelligence (AI), the necessity of industry-wide standardization, and recommends specific future work tailored to each attack described in the corresponding sections.",10.1109/ACCESS.2023.3347200,,
165,"Ahmad, Usman",2022,A node pairing approach to secure the Internet of Things using machine learning,"Although the reception of Internet of Things (IoT) services increased efficiency and allowed companies to automate the production through remote and intelligent control, it also increases the risk of potential threats and security attacks. The attackers can compromise the security of the IoT node and join it to a botnet, manipulate sensitive data or take control of a full network. Securing the IoT nodes from security attacks remains a challenge, especially under the multiple attack models where several attacks can be launched simultaneously. The objective of this paper is to prevent a type of multiple attacks that are the foundation to manipulate sensor nodes’ data that are: clone attack, tamper attack, false data injection, node malfunctioning, and physical layer attack. A solution is proposed to secure the IoT nodes against these attacks. The proposed solution is based on a novel sensor pairing approach to evaluate the trustworthiness of IoT nodes’ sensor data using multiple machine learning models. In particular, we propose a threat model and the pairing algorithm to pair each sensor node with the sensor node located in the neighbor. We compare the performance of three machine learning models, which are decision tree, Support Vector Machine (SVM), and k-Nearest Neighbors (KNN) by using two publically available real-world datasets in terms of attack detection accuracy, training time, and testing time. Our proposed system achieved up to 100% accuracy rate and nearly twice faster training and testing time as compared to the existing solutions. We provide the memory and energy consumption analysis to show that the proposed method has lower communication and memory overhead on IoT nodes than previous solutions against IoT security attacks. Our dataset just contains the data of a pair of sensors and is reduced up to eight times smaller in size than the actual dataset.",10.1016/j.jocs.2022.101718,,
167,"Yalcin, Mustafa; Sari, Fatih; Yildiz, Ahmet",2023,Exploration of potential geothermal fields using MAXENT and AHP: A case study of the Buyuk Menderes Graben,"In today's world, geothermal energy is essential as one of the alternative energy sources because it is renewable and does not harm the environment or the atmosphere. Büyük Menderes Graben (BMG) has significant geothermal potential in the Aegean Region of Turkey. The Maximum Entropy (MaxEnt) Method and Multi-criteria Decision Analysis (MCDA) were used in this study to define potential geothermal areas. The Geographical Information Systems (GIS) Based Maxent Method is the machine learning method. The decision analysis stage of the MCDA employed the Analytic Hierarchy Process (AHP). A geothermal favorability map was produced by combining weighted layers of standardized data according to the AHP. The Maxent Method created the other geothermal favorability map that self-estimates the weight of criteria. The Natural Breaks Jenks Method was used to categorize both maps. The findings of our study were compared with the locations of the geothermal resources in BMG. Both methods result in high accuracy, but the MaxEnt method has a high sensitivity to the geological parameters (cap rock geology and fault) of the geothermal system. So, the high gain values ensured the target was determined more precisely in the Maxent method. The MaxEnt method in our study is a guide for the exploration of new geothermal fields. Further geothermal explorations in the BMG will increase the potential of thermal tourism, housing heating, greenhouse, and balneological applications and contribute to renewable energy production in Turkey.",10.1016/j.geothermics.2023.102792,,
77,"de Silva, Brian M.; Callaham, Jared; Jonker, Jonathan; Goebel, Nicholas; Klemisch, Jennifer; McDonald, Darren; Hicks, Nathan; Kutz, J. Nathan; Brunton, Steven L.; Aravkin, Aleksandr Y.",2021,Hybrid learning approach to sensor fault detection with flight test data,"Data-driven algorithms are developed to fully automate sensor fault detection in systems governed by underlying physics, with a particular focus on the flight test setting. The proposed machine learning method uses a time series of typical behavior to approximate the evolution of measurements of interest by a linear time-invariant system. Given additional data from related sensors, a Kalman observer is used to maintain a separate real-time estimate of the measurement of interest. Sustained deviation between the measurements and the estimate is used to detect anomalous behavior. A decision tree, informed by integrating other sensor measurement values, is used to determine the amount of deviation required to identify a sensor fault. The method is validated by applying it to three test systems exhibiting various types of sensor faults: commercial flight test data, an unsteady aerodynamics model with dynamic stall, and a model for longitudinal flight dynamics forced by atmospheric turbulence. In the latter two cases, fault detection was tested for several prototypical failure modes. The combination of a learned dynamic model with the automated decision tree accurately detects sensor faults in each case.",10.2514/1.J059943,,
106,"Ji, Yuxiong; Xu, Zhongke; Zhao, Cong; Chen, Kun; Du, Yuchuan",2025,Accelerated testing and evaluation for black-box autonomous driving systems via adaptive markov chain monte carlo,"Black-box decision-making algorithms based on deep learning and reinforcement learning have demonstrated significant advancements in autonomous vehicles (AVs), but still encounter challenges due to unpredictable failures in long-tail scenarios. The efficient evaluation of the safety of these algorithms is essential for the further development of AVs. This paper introduces a novel testing and evaluation method that leverages subset simulation (SuS) with adaptive Markov chain Monte Carlo (ApMCMC). The method is designed to facilitate the occurrence of rare events and expedite the probability assessment process, thereby enabling rapid evaluation of the failure probability of deep reinforcement learning (DRL)–based end-to-end decision-making algorithms. The car-following scenario is used as a case study to demonstrate the efficacy of our proposed method and four state-of-the-art DRL-based algorithms are trained as evaluation objects. Experimental results indicate that our method maintains evaluation errors within 5%. Compared with the naive Monte Carlo method and other existing evaluation techniques, our approach significantly enhances evaluation accuracy, reduces variance, and improves confidence levels, while accelerating evaluation efficiency by 5-200 times. Additionally, our method can easily handle end-to-end black-box decision-making systems and exhibits the adaptability to be seamlessly extended and applied to other scenarios.",10.1109/TITS.2024.3525059,,
391,"Gui, Chengzhi; Cao, Chen; Zhang, Xin; Zhang, Jiaxin; Ni, Guangjian; Ming, Dong",2023,Radiomics and artificial neural networks modelling for identification of high-risk carotid plaques,"Objective: In this study, we aimed to investigate the classification of symptomatic plaques by evaluating the models generated via two different approaches, a radiomics-based machine learning (ML) approach, and an end-to-end learning approach which utilized deep learning (DL) techniques with several representative model frameworks. Methods: We collected high-resolution magnetic resonance imaging (HRMRI) data from 104 patients with carotid artery stenosis, who were diagnosed with either symptomatic plaques (SPs) or asymptomatic plaques (ASPs), in two medical centers. 74 patients were diagnosed with SPs and 30 patients were ASPs. Sampling Perfection with Application-optimized Contrasts (SPACE) by using different flip angle Evolutions was used for MRI imaging. Repeated stratified fivefold cross-validation was used to evaluate the accuracy and receiver operating characteristic (ROC) of the trained classifier. The two proposed approaches were investigated to train the models separately. The difference in the model performance of the two proposed methods was quantitatively evaluated to find a better model to differentiate between SPs and ASPs. Results: 3D-SE-Densenet-121 model showed the best performance among all prediction models (AUC, accuracy, precision, sensitivity, and F1-score of 0.9300, 0.9308, 0.9008, 0.8588, and 0.8614, respectively), which were 0.0689, 0.1119, 0.1043, 0.0805, and 0.1089 higher than the best radiomics-based ML model (MLP). Decision curve analysis showed that the 3D-SE-Densenet-121 model delivered more net benefit than the best radiomics-based ML model (MLP) with a wider threshold probability. Conclusion: The DL models were able to accurately differentiate between symptomatic and asymptomatic carotid plaques with limited data, which outperformed radiomics-based ML models in identifying symptomatic plaques.",10.3389/fcvm.2023.1173769,,
382,"Chen, Ai; Zhong, Hua; Peng, Jie; Luo, Tao; Jun, Su",2025,Machine learning-based modeling for predicting hypopituitarism after cranial trauma,"Objective
Traumatic brain injury (TBI) remains a leading cause of disability and death globally, and post-traumatic hypopituitarism (PTHP) is a common complication for which there is a lack of accurate predictive models. This study aimed to develop a machine learning model to assess the risk of hypopituitarism after TBI.
Methods
A sample of 620 cases was analyzed using the logistic independent variable event count method. Data was split into a training set (70%) and a test set (30%), with 5-fold cross-validation applied. Ten machine learning models were evaluated: Logistic Regression, Decision Tree, Random Forest, LightGBM, XGBoost, CatBoost, Naive Bayes, Support Vector Machine, k-nearest neighbors, and Multi-Layer Perceptron. Performance metrics included accuracy, sensitivity, specificity, positive predictive value, negative predictive value, and area under the receiver operating characteristic curve. The following variables were significantly associated with PTHP (P < 0.05): hypertension, intensive care unit admission, Glasgow Coma Scale ≤8, diffuse cerebral edema, cerebral herniation, midline shift ≥5 mm, elevated intracranial pressure, craniotomy, skull base fracture, and length of stay. These variables may contribute to a predictive model for PTHP risk.
Results
Logistic regression excelled in training and test sets, boasting an area under the curve (AUC) of 0.905 and 0.887, respectively, with balanced sensitivity and specificity. Naive Bayes and ensemble methods like LightGBM and CatBoost showed competitive AUCs. Midline shift ≥5 mm was the strongest predictor. The model demonstrated excellent calibration per the Hosmer-Lemeshow test.
Conclusions
Logistic regression, with its strong AUC, sensitivity, specificity, and calibration, emerged as the superior model for PTHP prediction post-TBI, This study could facilitate earlier diagnosis and treatment of PTHP in TBI patients.",10.1016/j.wneu.2025.124018,,
423,"Najla, Mehyar; Mach, Pavel; Becvar, Zdenek",2020,Deep learning for selection between RF and VLC bands in device-to-device communication,"This letter focuses on the selection between radio frequency (RF) and visible light communications (VLC) bands for users exchanging data directly with each other via device-to-device (D2D) communication. We target to maximize the energy efficiency of D2D communication while the outage is minimized. Since the VLC channel can vary quickly due to the possible changes in irradiance and incidence angles, we aim to reach a quick band selection decision in a multi-user scenario based only on the knowledge of the received power and sum interference from all D2D transmitters at the individual D2D receivers. The proposed solution is based on a deep neural network making an initial band selection decision. Then, based on the DNN's output, a fast heuristic algorithm is proposed to further improve the band selection decision. The results show that the proposal reaches a close-to-optimal performance and outperforms the existing solutions in complexity, outage ratio, and energy efficiency.",10.1109/LWC.2020.3003786,,
228,"Letkovsky, Stanislav; Jencova, Sylvia; Vasanicova, Petra",2024,Is artificial intelligence really more accurate in predicting bankruptcy?,"Abstract: Predicting bankruptcy within selected industries is crucial because of the potential ripple effects and unique characteristics of those industries. It serves as a risk management tool, guiding various stakeholders in making decisions. While artificial intelligence (AI) has shown high success rates in classification tasks, it remains uncertain whether its use significantly enhances the potential for early warning of impending problems. The following question arises: will classical methods eventually replace the effectiveness of these advanced techniques? This paper sheds light on the fact that even classical methods continue to achieve results that are not far behind, highlighting their enduring importance in financial analysis. This paper aims to develop bankruptcy prediction models for the chemical industry in Slovakia and to compare their effectiveness. Predictions are generated using the classical logistic regression (LR) method as well as AI techniques, artificial neural networks (ANNs), support vector machines (SVMs), and decision trees (DTs). The analysis aims to determine which of the employed methods is the most efficient. The research sample consists of circa 600 enterprises operating in the Slovak chemical industry. The selection of eleven financial indicators used for bankruptcy prediction was grounded in prior research and existing literature. The results show that all of the explored methods yielded highly similar outcomes. Therefore, determining the clear superiority of any single method is a difficult task. This might be partially due to the potentially reduced quality of the input data. In addition to classical statistical methods employed in econometrics, there is an ongoing development of AI-based models and their hybrid forms. The following question arises: to what extent can these newer approaches enhance accuracy and effectiveness?",10.3390/ijfs12010008,,
608,"Nedadur, Rashmi; Bhatt, Nitish; Chung, Jennifer; Chu, Michael W.A.; Ouzounian, Maral; Wang, Bo",2025,Machine learning and decision making in aortic arch repair,"Background
Decision making during aortic arch surgery regarding cannulation strategy and nadir temperature are important in reducing risk, and there is a need to determine the best individualized strategy in a data-driven fashion. Using machine learning (ML), we modeled the risk of death or stroke in elective aortic arch surgery based on patient characteristics and intraoperative decisions.
Methods
The study cohort comprised 1323 patients from 9 institutions who underwent an elective aortic arch procedure between 2002 and 2021. A total of 69 variables were used in developing a logistic regression and XGBoost ML model trained for binary classification of mortality and stroke. Shapely additive explanations (SHAP) values were studied to determine the importance of intraoperative decisions.
Results
During the study period, 3.9% of patients died and 5.4% experienced stroke. XGBoost (area under the curve [AUC], 0.77 for death, 0.87 for stroke) demonstrated better discrimination than logistic regression (AUC, 0.65 for death, 0.75 for stroke). From SHAP analysis, intraoperative decisions are 3 of the top 20 predictors of death and 6 of the top 20 predictors of stroke. Predictor weights are patient-specific and reflect the patient's preoperative characteristics and other intraoperative decisions. Patient-level simulation also demonstrates the variable contribution of each decision in the context of the other choices that are made.
Conclusions
Using ML, we can more accurately identify patients at risk of death and stroke, as well as the strategy that better reduces the risk of adverse events compared to traditional prediction models. Operative decisions made may be tailored based on a patient's specific characteristics, allowing for maximized, personalized benefit.",10.1016/j.jtcvs.2023.11.032,,
568,"Kherabi, Yousra; Messika, Jonathan; Peiffer-Smadja, Nathan",2022,"Machine learning, antimicrobial stewardship, and solid organ transplantation: Is this the future?","
Background

The use of machine learning (ML) in infectious diseases is expanding.
Objectives

This review aims to provide an overview of the literature on ML for clinical decision support in antimicrobial stewardship in the particular context of solid organ transplantation (SOT).
Methods

References for this review were identified through searches of MEDLINE/PubMed and Google Scholar databases up to July 2022.
Results

ML may improve the prediction of infectious complications and the diagnosis and treatment of infectious diseases in SOT recipients. One of the most studied applications for antimicrobial stewardship is the individual prediction of antimicrobial resistance that could guide the empiric use of anti-infective treatments. ML may also guide the choice of antimicrobial dose taking into account the interactions with immunosuppressive drugs. The main challenge to the development of ML clinical decision support systems (CDSSs) in SOT is the development of large clinical databases, accessible to all, with good quality, comprehensive, and diversified data. ML-driven CDSSs are still at an experimental stage, and the education of clinicians about the benefits and limits of ML is essential.
Conclusion

ML could improve antimicrobial stewardship for SOT, but literature on that specific topic is scarce. Future studies are needed to design ML-CDSS in the particular population of solid organ recipients and report clinical outcomes following use in routine practice.",10.1111/tid.13957,,
500,"Guo, Zhenya; Liu, Jiaping; Liang, Guozhi; Liang, Haifeng; Zhong, Mingbei; Tomlinson, Stephen; He, Songqing; Ouyang, Guoqing; Yuan, Guandou",2024,Identification and validation of cuproptosis-related genes in acetaminophen-induced liver injury using bioinformatics analysis and machine learning,"Background: Acetaminophen (APAP) is commonly used as an antipyretic analgesic. However, acetaminophen overdose may contribute to liver injury and even liver failure. Acetaminophen-induced liver injury (AILI) is closely related to mitochondrial oxidative stress and dysfunction, which play critical roles in cuproptosis. Here, we explored the potential role of cuproptosis-related genes (CRGs) in AILI.  Methods: The gene expression profiles were obtained from the Gene Expression Omnibus database. The differential expression of CRGs was determined between the AILI and control samples. Protein protein interaction, correlation, and functional enrichment analyses were performed. Machine learning was used to identify hub genes. Immune infiltration was evaluated. The AILI mouse model was established by intraperitoneal injection of APAP solution. Quantitative real-time PCR and western blotting were used to validate hub gene expression in the AILI mouse model. The copper content in the mouse liver samples and AML12 cells were quantified using a colorimetric assay kit. Ammonium tetrathiomolybdate (ATTM), was administered to mouse models and AML12 cells in order to investigate the effects of copper chelator on AILI.  Results: The analysis identified 7,809 differentially expressed genes, 4,245 of which were downregulated and 3,564 of which were upregulated. Four optimal feature genes (OFGs; SDHB, PDHA1, NDUFB2, and NDUFB6) were identified through the intersection of two machine learning algorithms. Further nomogram, decision curve, and calibration curve analyses confirmed the diagnostic predictive efficacy of the four OFGs. Enrichment analysis indicated that the OFGs were involved in multiple pathways, such as IL-17 pathway and chemokine signaling pathway, that are related to AILI progression. Immune infiltration analysis revealed that macrophages were more abundant in AILI than in control samples, whereas eosinophils and endothelial cells were less abundant. Subsequently, the AILI mouse model was successfully established, and histopathological analysis using hematoxylin–eosin staining along with liver function tests revealed a significant induction of liver injury in the APAP group. Consistent with expectations, both mRNA and protein levels of the four OFGs exhibited a substantial decrease. The administration of ATTAM effectively mitigates copper elevation induced by APAP in both mouse model and AML12 cells. However, systemic administration of ATTM did not significantly alleviate AILI in the mouse model.  Conclusion: This study first revealed the potential role of CRGs in the pathological process of AILI and offered novel insights into its underlying pathogenesis.",10.3389/fimmu.2024.1371446,,
216,"Nagappan, G.; Maheswari, K. G.; Siva, C.",2024,Enhancing intelligent transport systems: A cutting-edge framework for context-aware service management with hybrid deep learning,"This study presents a comprehensive framework for optimizing intelligent transport systems (ITS) by integrating advanced communication and information technologies into vehicles, roads, and infrastructure. The primary goal is to enhance transportation efficiency, safety, and environmental sustainability while improving overall mobility for people and goods. Leveraging contextual information, the framework offers personalized, proactive services such as real-time traffic updates, route recommendations, and parking availability. Additionally, it enhances safety and security by providing early hazard warnings and adapting to changing road conditions. Our proposed framework utilizes the enhanced coral reef optimization (ECRO) algorithm to efficiently group vehicles for energy-saving data collection, maximizing information gathering efficiency. Collected data is then transmitted to a central data gathering center via a sink node optimized through the modified pelican optimization (MPO) algorithm, considering various vehicle node design constraints. An incident detection module accurately classifies and detects road incidents, enabling timely emergency service requests and alternate route recommendations. To facilitate incident detection, we introduce the deep Rigdelet neural network (DRNN), a novel deep learning technique tailored for decision-making in incident classification. We validate our framework's performance through NS-2 simulations using the SUMO traffic generator, demonstrating its effectiveness in meeting quality of service (QoS) metrics. Through comparative analysis with existing frameworks, our proposed approach stands out for its superior performance and ability to optimize ITS operations.",10.1016/j.simpat.2024.102979,,
379,"Leidinger, Andreas; Zuckerman, Scott L.; Feng, Yueqi; He, Yitian; Chen, Xinrui; Cheserem, Beverly; Gerber, Linda M.; Lessing, Noah L.; Shabani, Hamisi K.; H√§rtl, Roger; Mangat, Halinder S.",2023,Predictors of spinal trauma care and outcomes in a resource-constrained environment: a decision tree analysis of spinal trauma surgery and outcomes in Tanzania,"
OBJECTIVE

The burden of spinal trauma in low- and middle-income countries (LMICs) is immense, and its management is made complex in such resource-restricted settings. Algorithmic evidence-based management is cost-prohibitive, especially with respect to spinal implants, while perioperative care is work-intensive, making overall care dependent on multiple constraints. The objective of this study was to identify determinants of decision-making for surgical intervention, improvement in function, and in-hospital mortality among patients experiencing acute spinal trauma in resource-constrained settings.
METHODS

This study was a retrospective analysis of prospectively collected data in a cohort of patients with spinal trauma admitted to a tertiary referral hospital center in Dar es Salam, Tanzania. Data on demographic, clinical, and treatment characteristics were collected as part of a quality improvement neurotrauma registry. Outcome measures were surgical intervention, American Spinal Injury Association (ASIA) Impairment Scale (AIS) grade improvement, and in-hospital mortality, based on existing treatment protocols. Univariate analyses of demographic and clinical characteristics were performed for each outcome of interest. Using the variables associated with each outcome, a machine learning algorithm-based regression nonparametric decision tree model utilizing a bootstrapping method was created and the accuracy of the three models was estimated.
RESULTS

Two hundred eighty-four consecutively admitted patients with acute spinal trauma were included over a period of 33 months. The median age was 34 (IQR 26–43) years, 83.8% were male, and 50.7% had experienced injury in a motor vehicle accident. The median time to hospital admission after injury was 2 (IQR 1–6) days; surgery was performed after a further median delay of 22 (IQR 13–39) days. Cervical spine injury comprised 38.4% of the injuries. Admission AIS grades were A in 48.9%, B in 16.2%, C in 8.5%, D in 9.5%, and E in 16.6%. Nearly half (45.1%) of the patients underwent surgery, 12% had at least one functional improvement in AIS grade, and 11.6% died in the hospital. Determinants of surgical intervention were age ≤ 30 years, spinal injury level, admission AIS grade, delay in arrival to the referral hospital, undergoing MRI, and type of insurance; admission AIS grade, delay to arrival to the hospital, and injury level for functional improvement; and delay to arrival, injury level, delay to surgery, and admission AIS grade for in-hospital mortality. The best accuracies for the decision tree models were 0.62, 0.34, and 0.93 for surgery, AIS grade improvement, and in-hospital mortality, respectively.
CONCLUSIONS

Operative intervention and functional improvement after acute spinal trauma in this tertiary referral hospital in an LMIC environment were low and inconsistent, which suggests that nonclinical factors exist within complex resource-driven decision-making frameworks. These nonclinical factors are highlighted by the authors’ results showing clinical outcomes and in-hospital mortality were determined by natural history, as evidenced by the highest accuracy of the model predicting in-hospital mortality.",10.3171/2022.11.SPINE22763,,
151,"Minagawa, Hideaki; Tezuka, Tomoya; Tsuchida, Hidetsugu",2024,Effective combinations of features in predicting the range of incident ions using machine learning,"Machine learning techniques were used to predict the range of ions in material, even when stopping power data is unknown. Simple features such as atomic and mass numbers were used in learning process. Two different machine learning models, Decision Tree (DT) and Kernel Ridge Regression (KRR), were used to assess each feature’s importance and the effect of combining them. The results showed that the chosen features were sufficient for accurate prediction. Furthermore, it was found that the combination and features are essential for accurate results. Analysis by KRR established a relationship between the range of the implanted ions and the energy of the incident ions, showing that the range is approximately proportional to the energy in the dataset used in this work.",10.1016/j.nimb.2024.165383,,
46,"Chinchilla, Monica; Santos-Martin, David; Carpintero-Renteria, Miguel; Lemon, Scott",2021,Worldwide annual optimum tilt angle model for solar collectors and photovoltaic systems in the absence of site meteorological data,"This study provides several models for accurately computing the annual optimum tilt angle for fixed solar photovoltaic arrays or solar collectors, in any location of the world. The optimum tilt angle that maximizes the annual energy yield can therefore be easily calculated in the absence of meteorological data and simulation software tools. The proposed models are calculated using global horizontal radiation data collected from 2551 sites across the world. In the process, well-established submodels have been selected to estimate the hourly irradiance on any possible inclined surface, and its corresponding annual energy yield. After selecting the optimum angle for each location, through a regression analysis, a mathematical model that calculates annual optimum angles as a function of latitude has been developed. Furthermore, regression techniques such as neural networks and decision trees have been compared with the polynomial models. Finally, the results are compared to those obtained from high-quality 1-min measured irradiance data obtained at 52 research-class stations from the World Radiation Monitoring Center–Baseline Surface Radiation Network, providing a remarkably high number of validation data points. The results are analyzed, validated, and compared with previous research proposals proving the good performance of the proposed models.",10.1016/j.apenergy.2020.116056,,
479,"Manonmani, Gangadharan; Ponmozhi, Krishnasamy; Balasubramanian, Krishnasamy",2025,The A3C-CCTSO-R2N2 algorithmic framework for precise edge-cloud parameter estimation,"Efficient resource allocation is crucial in fog computing environments due to dynamic conditions and different user requirements; this work addresses the scheduling issues of internet of things (IoT) applications in such situations. Our proposed method, chaotic crossover tuna swarm optimizer (CCTSO), is based on metaheuristics and aims to reduce energy usage, reaction time, and SLA breaches; it should help with these problems. Improved system responsiveness and dependability are outcomes of the suggested approach's use of machine learning models for scheduling decision prediction and dynamic workload adaptation. The framework achieves a good balance between performance and energy efficiency by adjusting critical parameters and application settings. By reducing energy usage, reaction time, and operational cost while retaining reduced service level agreement (SLA) violation rates, our solution greatly outperforms previous techniques, according to experimental assessments. In real-world implementations, our results demonstrate that CCTSO is a strong solution for fog-based IoT scheduling, providing greater scalability and adaptability. Taken together, the results of this study provide a strong algorithmic foundation for better resource management in cloud, fog, and edge computing environments.",10.11591/eei.v14i5.8982,,
325,"Woo, Myung; Alhanti, Brooke; Lusk, Sam; Dunston, Felicia; Blackwelder, Stephen; Lytle, Kay S.; Goldstein, Benjamin A.; Bedoya, Armando",2020,Evaluation of ML-based clinical decision support tool to replace an existing tool in an academic health system: Lessons learned,"There is increasing application of machine learning tools to problems in healthcare, with an ultimate goal to improve patient safety and health outcomes. When applied appropriately, machine learning tools can augment clinical care provided to patients. However, even if a model has impressive performance characteristics, prospectively evaluating and effectively implementing models into clinical care remains difficult. The primary objective of this paper is to recount our experiences and challenges in comparing a novel machine learning-based clinical decision support tool to legacy, non-machine learning tools addressing potential safety events in the hospitals and to summarize the obstacles which prevented evaluation of clinical efficacy of tools prior to widespread institutional use. We collected and compared safety events data, specifically patient falls and pressure injuries, between the standard of care approach and machine learning (ML)-based clinical decision support (CDS). Our assessment was limited to performance of the model rather than the workflow due to challenges in directly comparing both approaches. We did note a modest improvement in falls with ML-based CDS; however, it was not possible to determine that overall improvement was due to model characteristics.",10.3390/jpm10030104,,
324,"Hegde, Shwetha; Nanayakkara, Shanika; Cox, Stephen; Vasa, Rajesh; Gao, Jinlong",2024,Australian dentists' knowledge of the consequences of interpretive errors in dental radiographs and potential mitigation measures,"Objectives: Dental radiographs, typically taken and interpreted by dentists, are essential for diagnosis and effective treatment planning. Interpretive errors in dental radiographs, stemming from failures of visual and cognitive processes, can affect both patients and clinicians. This survey aimed to assess the dental practitioners' perceptions of the consequences of these errors and potential measures to minimize them.  Materials and Methods: This online anonymized survey assessed Australian dental practitioners' perceptions of the consequences of these errors and potential mitigation measures using ranking, Likert scale, and open_ended questions. The data were analyzed using descriptive statistics and bivariate analysis.  Results: Participants identified undertreatment (72%) and legal implications (82%) as the most significant consequences of interpretive errors, whereas severe harm to patients was deemed the least likely. Dental practitioners placed a greater emphasis on maintaining a high level of competence and the well_being of their patients. Utilizing high_quality images (63.9%) and  appropriate radiographs (59.7%) were identified as the most effective measures to minimize interpretive errors. Participants showed hesitancy regarding the reliance on machine learning as a clinical decision_making tool. Conclusions: The survey provides valuable practical insights into the consequences and targeted measures to minimize the  occurrence of interpretive errors. Efforts to minimize interpretive errors should address patient safety and practitioners' concerns about professional reputation and business viability. The study also suggests further research into the role of machine learning algorithms in reducing interpretive errors in dentistry.",10.1002/cre2.70027,,
624,"Rodr√≠guez, Andr√©s; Mendoza, Deibie; Ascuntar, Johana; Jaimes, Fabi√°n",2021,Supervised classification techniques for prediction of mortality in adult patients with sepsis,"Background
Sepsis mortality is still unacceptably high and an appropriate prognostic tool may increase the accuracy for clinical decisions.
Objective
To evaluate several supervised techniques of Artificial Intelligence (AI) for classification and prediction of mortality, in adult patients hospitalized by emergency services with sepsis diagnosis.
Methods
Secondary data analysis of a prospective cohort in three university hospitals in Medellín, Colombia. We included patients >18_years hospitalized for suspected or confirmed infection and any organ dysfunction according to the Sepsis-related Organ Failure Assessment. The outcome variable was hospital mortality and the prediction variables were grouped into those related to the initial clinical treatment and care or to the direct measurement of physiological disturbances. Four supervised classification techniques were analyzed: the C4.5 Decision Tree, Random Forest, artificial neural networks (ANN) and support vector machine (SVM) models. Their performance was evaluated by the concordance between the observed and predicted outcomes and by the discrimination according to AUC-ROC.
Results
A total of 2510 patients with a median age of 62_years (IQR_=_46–74) and an overall hospital mortality rate of 11.5% (n_=_289). The best discrimination was provided by the SVM and ANN using physiological variables, with an AUC-ROC of 0.69 (95%CI: 0.62; 0.76) and AUC-ROC of 0.69 (95%CI: 0.61; 0.76) respectively.
Conclusion
Deep learning and AI are increasingly used as support tools in clinical medicine. Their performance in a syndrome as complex and heterogeneous as sepsis may be a new horizon in clinical research. SVM and ANN seem promising for improving sepsis classification and prognosis.",10.1016/j.ajem.2020.09.013,,
359,"Cappelli, M.; Ambi, F.; Botta, E.; Cruz, J.; Diaz, J.; Chen, Z.; Dwojewski, D.; Giacchini, M.; Gutierrez, V.; Lorenzo, R.; Montis, M.; Sousa, J.; Ibarra, A.",2025,"Advancements in central control for IFMIF-DONES: Integrating CODAC, MPS, and SCS into a unified control framework","The International Fusion Materials Irradiation Facility-DEMOsingle bondOriented NEutron Source (IFMIF-DONES) represents a cutting-edge accelerator-based neutron source designed to produce high-energy neutrons for the irradiation of materials intended for use in DEMO, the future fusion reactor. Given the complexity of such a facility, a robust central control system is indispensable to ensure safe supervision and management of all operations. This paper provides an overview of recent advancements in the design of the Central Instrumentation and Control Systems (CICS) for IFMIF-DONES, focusing on the transition to the definition design phase. Employing a distributed approach, the architecture utilizes fast devices and dedicated networks for real-time communication among control units. This paper outlines the current status of the design for each CICS system and discusses existing and future plans for their integration into a unified control framework. The ongoing effort to integrate all CICS systems into a cohesive framework faces various challenges, such as data acquisition synchronization and interlock management. The integration of subsystems within CICS may be powerfully enhanced using artificial intelligence tools by enabling data-driven decision-making, proactive maintenance, adaptive control, and intelligent optimization.",10.1016/j.fusengdes.2025.115345,,
516,"Tariq, Zeeshan; Abu-Al-Saud, Moataz O.; Mahmoud, Mohamed; Zhu, Chen; Sun, Shuyu; Yan, Bicheng",2025,Fast tracking of safe CO2 trapping indices using machine learning for smarter reservoir management,"Predicting trapping indices is crucial for assessing the viability of carbon dioxide (CO2) storage sites, particularly in mitigating risks associated with cap-rock failure. Accurate prediction of trapping mechanisms—structural, residual, solubility, and mineral—is critical to ensuring effective CO2 containment and minimizing environmental impacts. The traditional determination of trapping indices mostly relies on high-resolution and expensive numerical reservoir simulations, which considers the full physics occurring in subsurface. However, engineers often overlook an important aspect related to the safe storage of CO2 in subsurface, which mainly accounts the risk of CO2 leakage due to mechanisms like cap-rock failure. To bridge this gap and promote smarter reservoir management, this study develops machine learning (ML)-based predictive models to rapidly and accurately estimate effective CO2 trapping indices, emphasizing the critical influence of cap-rock failure. We use traditional numerical reservoir simulations to generate a substantial amount of long-term (200 years) GCS simulation data, which considers reservoir heterogeneity, overburden zone/cap-rock layer/storage zone formation setup, as well as the coupled mechanisms of multiphase flow, geochemical reaction and geomechanics. We detect the cap-rock failure time based on the dynamic change of bottom-hole pressure from the monitoring injecting well, and the cap-rock failure time is further used as the safe CO2 injection duration to calculate the effective trapping indices. Reservoir and well parameters were used as inputs, with effective trapping indices as outputs, to train ML models, including, fully connected deep neural networks (FCNN), decision trees (DT), K-nearest neighbors (KNN), random forests (RF), and gradient-boosting methods (AdaBoost and XGBoost). Among these, FCNN demonstrated superior performance, achieving an average prediction error below 5% and a coefficient of determination (R2) exceeding 0.99 across all trapping indices. This study highlights the potential of data-driven ML models to predict long-term safe trapping indices with high accuracy, significantly reducing computation time compared to conventional numerical simulations. These findings offer a practical solution for efficient GCS site assessment and risk management.",10.1016/j.petlm.2025.01.002,,
142,"Mulero-Palencia, Sofia; Alvarez-Diaz, Sonia; Andres-Chicote, Manuel",2021,Machine learning for the improvement of deep renovation building projects using as-built BIM models,"In recent years, new technologies, such as Artificial Intelligence, are emerging to improve decision making based on learning. Their use applied to the Architectural, Engineering and Construction (AEC) sector, together with the increased use of Building Information Modeling (BIM) methodology in all phases of a building’s life cycle, is opening up a wide range of opportunities in the sector. At the same time, the need to reduce CO2 emissions in cities is focusing on the energy renovation of existing buildings, thus tackling one of the main causes of these emissions. This paper shows the potentials, constraints and viable solutions of the use of Machine Learning/Artificial Intelligence approaches at the design stage of deep renovation building projects using As-Built BIM models as input to improve the decision-making process towards the uptake of energy efficiency measures. First, existing databases on buildings pathologies have been studied. Second, a Machine Learning based algorithm has been designed as a prototype diagnosis tool. It determines the critical areas to be solved through deep renovation projects by analysing BIM data according to the Industry Foundation Classes (IFC4) standard and proposing the most convenient renovation alternative (based on a catalogue of Energy Conservation Measures). Finally, the proposed diagnosis tool has been applied to a reference test building for different locations. The comparison shows how significant differences appear in the results depending on the situation of the building and the regulatory requirements to which it must be subjected.",10.3390/su13126576,,
169,"Han, Hua; Gao, Jiaqing; Gu, Bo; Ren, Zhengxiong",2025,Comprehensive study on building chiller fault feature and diagnosis using hybrid CNN,"Chillers are one of the biggest energy consumption devices in HVAC systems. Abnormal operation may undermine the performance, energy efficiency, and environment. This study comprehensively explores the hybrid applications of deep convolutional neural network (CNN) in chiller fault diagnosis and fault feature extraction. Unlike the computer vision where the feature locations are fixed, for chiller fault, it can be changed. The effect of feature sequence on diagnostic performance is carefully investigated, and found that it depends on the size and number of the convolution kernels. Small and large number of kernels may extract fine and enough features for the model to counter the location change and maintain the basic characteristics of the faults. 1-D CNN is further studied as a hierarchical feature extractor combined with the traditional machine learning, like k-nearest neighbor (KNN), decision tree (DT), and random forest (RF), to build a hybrid strategy. It is found that the highest accuracy of 99.85% is achieved by RF plus 1-D CNN with an accuracy of 100% for refrigerant leakage. Fine and clear features from deeper structure are most favorable for the weak learner like DT, but may harm the information diversity of RF and lower its accuracy.",10.1080/23744731.2024.2402200,,
25,"Nasir, K. M. Zaheen; Chakma, Tanaya",2025,Constitutive modeling of anisotropic plasticity with ML algorithms in metals,"Nuclear reactors hold significant promise for mitigating the environmental crisis and achieving a carbon-free world. The advancement of nuclear technology, however, is intricately tied to the materials used in reactors, with metals and alloys forming their core components. Understanding the plasticity and degradation of these materials is crucial to prevent critical reactor failures caused by factors such as radiation-induced embrittlement, creep, and fuel-cladding interactions. While traditional plasticity modeling has relied on constitutive laws and yield functions, the advent of machine learning (ML) and artificial intelligence has opened new avenues for this field. This paper explores the potential of data-driven approaches to enhance plasticity modeling for metals used in nuclear reactors. Recent studies have leveraged ML algorithms, including support vector machines and artificial neural networks, to model yield surfaces and correct theoretical yield functions with experimental data. Despite their accuracy, these models often lack interpretability and generality. To address these challenges, we investigate the applicability of various ML algorithms, i.e. neural networks, logistic regressions, decision trees, K-nearest neighbors, and Gaussian processes (GPs), in developing data-oriented flow rules for plasticity modeling. The paper demonstrates the superiority of GPs in terms of interpretability and generality. Using stress data generated from PyLabFEA, we compared the performance of these algorithms, highlighting the intrinsic uncertainties associated with GP predictions. Our findings indicate that Gaussian process classifiers (GPCs) offer a promising approach for modeling plasticity in metals, providing a balance between precision and physical insight. Additionally, this work presents a deep neural network (DNN) to model anisotropic Hill-type plasticity with perfect test data accuracy (accuracy score: 1.0), which is often hard to achieve with a classification problem. This shows the superiority of DNNs in terms of accuracy in modeling yield functions. The implications of our results for bridging the scale gaps in macrolevel simulations are discussed, and future directions for incorporating microstructural features into ML-based plasticity models are proposed. Overall, the ML framework presented in this paper can be employed for modeling constitutive relations that can be incorporated within traditional Finite Element Method (FEM)–based codes. Specifically, the GPC or DNN developed in this work can be readily swapped with the yield function within the so-called return mapping algorithm of nonlinear FEM-based plasticity subroutines to indicate yielding. Consequently, this merging of ML and FEM will allow us to leverage the geometric representational ability of FEM alongside the superior modeling capabilities of the ML algorithms.",10.1080/00295450.2024.2410620,,
4,"Qi, Ben; Xiao, Xingyu; Liang, Jingang; Po, Li-chi Cliff; Zhang, Liguo; Tong, Jiejuan",2022,An open time-series simulated dataset covering various accidents for nuclear power plants,"Nuclear energy plays an important role in global energy supply, especially as a key low-carbon source of power. However, safe operation is very critical in nuclear power plants (NPPs). Given the significant impact of human-caused errors on three serious nuclear accidents in history, artificial intelligence (AI) has increasingly been used in assisting operators with regard to making various decisions. In particular, data-driven AI algorithms have been used to identify the presence of accidents and their root causes. However, there is a lack of an open NPP accident dataset for measuring the performance of various algorithms, which is very challenging. This paper presents a first-of-its-kind open dataset created using PCTRAN, a pre-developed and widely used simulator for NPPs. The dataset, namely nuclear power plant accident data (NPPAD), basically covers the common types of accidents in typical pressurised water reactor NPPs, and it contains time-series data on the status or actions of various subsystems, accident types, and severity information. Moreover, the dataset incorporates other simulation data (e.g., radionuclide data) for conducting research beyond accident diagnosis.",10.1038/s41597-022-01879-1,,
327,"McCradden, Melissa D.; Joshi, Shalmali; Anderson, James A.; Mazwi, Mjaye; Goldenberg, Anna; Shaul, Randi Zlotnik",2020,Patient safety and quality improvement: Ethical principles for a regulatory approach to bias in healthcare machine learning,"Accumulating evidence demonstrates the impact of bias that reflects social inequality on the performance of machine learning (ML) models in health care. Given their intended placement within healthcare decision making more broadly, ML tools require attention to adequately quantify the impact of bias and reduce its potential to exacerbate inequalities. We suggest that taking a patient safety and quality improvement approach to bias can support the quantification of bias-related effects on ML. Drawing from the ethical principles underpinning these approaches, we argue that patient safety and quality improvement lenses support the quantification of relevant performance metrics, in order to minimize harm while promoting accountability, justice, and transparency. We identify specific methods for operationalizing these principles with the goal of attending to bias to support better decision making in light of controllable and uncontrollable factors.",10.1093/jamia/ocaa085,,
445,"Ding, Shukai; Qu, Jian",2022,A study on safety driving of intelligent vehicles based on attention mechanisms,"Intelligent vehicles attempt to improve the daily transportation of people, but their safety has been questioned after numerous tra c accidents. This paper proposes a Safety Driving Framework (SDF) to improve the ability of intelligent vehicles to avoid risks during emergencies. When performing autonomous driving tasks, the SDF interacts with the environment using a camera, makes decisions using convolutional neural networks, and can perform an emergency stop if it encounters an obstacle. In this paper, we examine the potential of attention mechanisms to enhance the performance of convolutional neural networks and construct four convolutional neural networks with attention mechanisms to use in experiments. Additionally, we extend a dataset and enhance the robustness of the model by implementing data augmentation (DA) techniques. We train the model using 10-fold cross-validation. In this article, we build an intelligent driving platform and a simulation track for simulation testing. The experimental results show that CNNs using data reinforcement and with an attention mechanism perform better than existing models. In particular, ENetb0-SE has an average recognition rate of 95.6% for obstacles and an accident rate of 2%, which is much better than existing models.",10.37936/ecti-cit.2022164.248674,,
524,"B√ºcker, Michael; Hoti, Kreshnik; Rose, Olaf",2024,Artificial intelligence to assist decision-making on pharmacotherapy: A feasibility study,"Background
Artificial intelligence (AI) has the capability to analyze vast amounts of data and has been applied in various healthcare sectors. However, its effectiveness in aiding pharmacotherapy decision-making remains uncertain due to the intricate, patient-specific, and dynamic nature of this field.
Objective
This study sought to investigate the potential of AI in guiding pharmacotherapy decisions using clinical data such as diagnoses, laboratory results, and vital signs obtained from routine patient care.
Methods
Data of a previous study on medication therapy optimization was updated and adapted for the purpose of this study. Analysis was conducted using R software along with the tidymodels extension packages. The dataset was split into 74% for training and 26% for testing. Decision trees were selected as the primary model due to their simplicity, transparency, and interpretability. To prevent overfitting, bootstrapping techniques were employed, and hyperparameters were fine-tuned. Performance metrics such as areas under the curve and accuracies were computed.
Results
The study cohort comprised 101 elderly patients with multiple diagnoses and complex medication regimens. The AI model demonstrated prediction accuracies ranging from 38% to 100% for various cardiovascular drug classes. Laboratory data and vital signs could not be interpreted, as the effect and dependence were unclear for the model. The study revealed that the issue of AI lag time in responding to sudden changes could be addressed by manually adjusting decision trees, a task not feasible with neural networks.
Conclusion
In conclusion, the AI model exhibited promise in recommending appropriate medications for individual patients. While the study identified several obstacles during model development, most were successfully resolved. Future AI studies need to include the drug effect, not only the drug, if laboratory data is part of the decision. This could assist with interpreting their potential relationship. Human oversight and intervention remain essential for an AI-driven pharmacotherapy decision support system to ensure safe and effective patient care.",10.1016/j.rcsop.2024.100491,,
221,"Rahbari, Dadmehr; Ahmed, Foisal; Jenihhin, Maksim; Alam, Muhammad Mahtab; Le Moullec, Yannick",2024,Reliability-critical computation offloading in UAV swarms,"The rapid advancement of autonomous and heterogeneous unmanned aerial vehicle (UAV) swarms necessitates efficient computation offloading (CO) strategies to optimize their performance in industries, e.g., disaster management, surveillance, and environmental monitoring. UAVs face constraints such as limited energy, latency requirements, and failure risks, making robust CO approaches essential. Current CO methods often fall short due to high energy consumption, increased latency, and reliability issues in challenging conditions. This work introduces a novel collaborative CO strategy to address these deficiencies. Our approach utilizes a Bayesian network for failure mode effect analysis, considering communication bit error probabilities among multiantenna UAVs. We further employ rating-based federated deep learning to optimize decision-making, determining the best CO destination for each UAV based on factors like positions and resource capacities. Our strategy significantly outperforms existing benchmarks and state-of-the-art methods. It decreases the average probability of critical task failure by 43% and reduces energy consumption by 15% on average ensuring UAV swarms can meet strict constraints in harsh environments. These improvements demonstrate the utility of our approach in enhancing the operational reliability and efficiency of UAV swarms across diverse applications.",10.1109/JSYST.2024.3432449,,
537,"Komorowski, Matthieu; Celi, Leo A.; Badawi, Omar; Gordon, Anthony C.; Faisal, A. Aldo",2018,The Artificial Intelligence Clinician learns optimal treatment strategies for sepsis in intensive care,"Sepsis is the third leading cause of death worldwide and the main cause of mortality in hospitals1,2,3, but the best treatment strategy remains uncertain. In particular, evidence suggests that current practices in the administration of intravenous fluids and vasopressors are suboptimal and likely induce harm in a proportion of patients1,4,5,6. To tackle this sequential decision-making problem, we developed a reinforcement learning agent, the Artificial Intelligence (AI) Clinician, which extracted implicit knowledge from an amount of patient data that exceeds by many-fold the life-time experience of human clinicians and learned optimal treatment by analyzing a myriad of (mostly suboptimal) treatment decisions. We demonstrate that the value of the AI Clinician’s selected treatment is on average reliably higher than human clinicians. In a large validation cohort independent of the training data, mortality was lowest in patients for whom clinicians’ actual doses matched the AI decisions. Our model provides individualized and clinically interpretable treatment decisions for sepsis that could improve patient outcomes.",10.1038/s41591-018-0213-5,,
598,"Park, Jeong Ho; Kim, Yushin; Lee, Kwang Jae; Yoon, Yong Soon; Kang, Si Hyun; Kim, Heesang; Park, Hyung Soon",2019,Artificial neural network learns clinical assessment of spasticity in modified ashworth scale,"Objective: To propose an artificial intelligence (AI)-based decision-making rule in modified Ashworth scale (MAS) that draws maximum agreement from multiple human raters and to analyze how various biomechanical parameters affect scores in MAS. Design: Prospective observational study. Setting: Two university hospitals. Participants: Hemiplegic adults with elbow flexor spasticity due to acquired brain injury (NZ34). Intervention: Not applicable.  Main Outcome Measures: Twenty-eight rehabilitation doctors and occupational therapists examined MAS of elbow flexors in 34 subjects with hemiplegia due to acquired brain injury while the MAS score and biomechanical data (ie, joint motion and resistance) were collected. Nine biomechanical parameters that quantify spastic response described by the joint motion and resistance were calculated. An AI algorithm (or artificial neural network) was trained to predict the MAS score from the parameters. Afterwards, the contribution of each parameter for determining MAS scores was analyzed. Results: The trained AI agreed with the human raters for the majority (82.2%, Cohen’s kappaZ0.743) of data. The MAS scores chosen by the AI and human raters showed a strong correlation (correlation coefficientZ0.825). Each biomechanical parameter contributed differently to the different MAS scores. Overall, angle of catch, maximum stretching speed, and maximum resistance were the most relevant parameters that affected the AI decision. Conclusions: AI can successfully learn clinical assessment of spasticity with good agreement with multiple human raters. In addition, we could analyze which factors of spastic response are considered important by the human raters in assessing spasticity by observing how AI learns the expert decision. It should be noted that few data were collected for MAS3; the results and analysis related to MAS3 therefore have limited supporting evidence.",10.1016/j.apmr.2019.03.016,,
518,"Pasta, Gilda; Frassanito, Luciano; Calabria, Mariangela; Vassalli, Francesco; Belli, Andrea; Torricella, Giulia; Cuomo, Arturo; Bifulco, Francesca",2025,Personalized predictive hemodynamic management for major oncologic surgery: effect of progressive implementation of monitoring of digital medical devices with artificial intelligence-based algorithms,"BACKGROUND: Avoiding intraoperative hypotension and maintaining an adequate cardiac output (CO) during surgery is crucial to ensure tissue oxygen delivery to the tissues and avoid excessive fluid administration. Assisted fluid management (AFM) is a “decision-support” system based on artificial intelligence (AI) that helps the clinician to manage fluids during major surgeries. Hypotension Prediction Index (HPI) is a predictive parameter of intraoperative hypotension. The aim of this study was to assess the relative contribution of different levels of technologic assistance (CO monitoring, CO plus HPI, and CO plus HPI and AFM) to the improvement of hemodynamic management, applied to comparable cohorts of non-cardiac surgical patients.
METHODS: We conducted a retrospective analysis of consecutive patients undergoing major oncologic abdominal surgery, monitored with an arterial radial catheter progressively upgraded with three increasing levels of forecasting event technology. A personalized goal directed fluid therapy (GDT) protocol was applied in all groups. The primary outcome was the time-weighted average (TWA) mean arterial pressure (MAP) <65 mmHg among the three cohorts. Secondary outcomes were the percentage of monitoring time spent with stroke volume variation > 12% and with Cardiac Index (CI) <2 L/min/m2.
RESULTS: Eighty-two consecutive patients were enrolled: 26 patients in the GDT group, 28 in the HPI group and 28 in the AFM group. TWA-MAP<65 mmHg was 1.13 (0.13-1.83) mmHg in the GDT group, 0.96 (0.26-1.85) mmHg in the HPI group, 0.42 (0.07-0.93) mmHg in the AFM group. Patients with AFM spent roughly 30% of the monitoring time with a CI<2 L/min/m2 compared to less than 10% in the other two groups (Kruskal-Wallis P value 0.013).
CONCLUSIONS: An increasing levels of artificial intelligence-based hemodynamic monitoring and decision-support tools shows a trend towards decreasing IOH, but it did not reach statistical significance.",10.23736/S0375-9393.25.18937-2,,
307,"Wilson, F. Perry; Yamamoto, Yu; Martin, Melissa; Coronel-Moreno, Claudia; Li, Fan; Cheng, Chao; Aklilu, Abinet; Ghazi, Lama; Greenberg, Jason H.; Latham, Stephen; Melchinger, Hannah; Mansour, Sherry G.; Moledina, Dennis G.; Parikh, Chirag R.; Partridge, Caitlin; Testani, Jeffrey M.; Ugwuowo, Ugochukwu",2023,A randomized clinical trial assessing the effect of automated medication-targeted alerts on acute kidney injury outcomes,"Acute kidney injury is common among hospitalized individuals, particularly those exposed to certain medications, and is associated with substantial morbidity and mortality. In a pragmatic, open-label, National Institutes of Health-funded, parallel group randomized controlled trial (clinicaltrials.gov NCT02771977), we investigate whether an automated clinical decision support system affects discontinuation rates of potentially nephrotoxic medications and improves outcomes in patients with AKI. Participants included 5060 hospitalized adults with AKI and an active order for any of three classes of medications of interest: non-steroidal anti-inflammatory drugs, reninangiotensin-aldosterone system inhibitors, or proton pump inhibitors. Within 24 hours of randomization, a medication of interest was discontinued in 61.1% of the alert group versus 55.9% of the usual care group (relative risk 1.08, 1.04 1.14, p = 0.0003). The primary outcome – a composite of progression of acute kidney injury, dialysis, or death within 14 days - occurred in 585 (23.1%) of individuals in the alert group and 639 (25.3%) of patients in the usual care group (RR 0.92, 0.83 – 1.01, p = 0.09). Trial Registration Clinicaltrials.gov NCT02771977.",10.1038/s41467-023-38532-3,,
233,"Lalithadevi, B.; Krishnaveni, S.",2025,ExAIRFC-GSDC: An advanced machine learning-based interpretable framework for accurate gas leakage detection and classification,"Gas leakage detection is imperative in various sectors, including chemical industries, coal mines, and household applications. The escalating number of accidents in coal mines, chemical industries, and homes underscores the urgency of swift and accurate gas detection methods. This research focuses on developing advanced systems that promptly identify gas types to prevent harm to human lives and the environment. This paper addresses the challenges of gas leakage detection and classification in diverse environments, such as industrial, residential, and mining scenarios. The proposed ExAIRFC-GSDC model integrates machine learning algorithms, particularly a Random Forest Classifier, with explainable artificial intelligence (XAI) techniques to enhance interpretability. This study employs a dataset comprising gas sensor measurements that encompassing gasses, such as Liquid Petroleum Gas (LPG), Compressed Natural Gas (CNG), Methane, Propane, and others. Various machine learning classifiers, including K-Nearest Neighbors, Decision Tree, Support Vector Machines, XGBoost, and others, are compared with ExAIRFC-GSDC for gas detection. The model demonstrates superior performance, achieving an accuracy rate of 98.67%. Incorporating SHAP and LIME explanations enhances the model's interpretability, providing insights into the contributions of individual sensors. Statistical analysis confirms the significant differences in sensor readings across different gas types. ExAIRFC-GSDC is a robust and explainable solution for accurate gas detection and classification in complex environments.",10.1007/s44196-025-00742-6,,
227,"Ananias, Estevao; Gaspar, Pedro D.; Soares, Vasco N. G. J.; Caldeira, Joao M. L. P.",2021,Artificial intelligence decision support system based on artificial neural networks to predict the commercialization time by the evolution of peach quality,"Climacteric fruit such as peaches are stored in cold chambers after harvest and usually are maintained there until the desired ripening is reached to direct these fruit to market. Producers, food industries and or traders have difficulties in defining the period when fruit are at the highest level of quality desired by consumers in terms of the physical-chemical parameters (hardness –H–, soluble solids content –SSC–, and acidity –Ac–). The evolution of peach quality in terms of these parameters depends directly on storage temperature –T– and relative humidity –RH–, as well on the storage duration –t–. This paper describes an Artificial Intelligence (AI) Decision Support System (DSS) designed to predict the evolution of the quality of peaches, namely the storage time required before commercialization as well as the late commercialization time. The peaches quality is stated in terms of the values of SSC, H and Ac that consumers most like for the storage T and RH. An Artificial neuronal network (ANN) is proposed to provide this prediction. The training and validation of the ANN were conducted with experimental data acquired in three different farmers’ cold storage facilities. A user interface was developed to provide an expedited and simple prediction of the marketable time of peaches, considering the storage temperature, relative humidity, and initial physical and chemical parameters. This AI DSS may help the vegetable sector (logistics and retailers), especially smaller neighborhood grocery stores, define the marketable period of fruit. It will contribute with advantages and benefits for all parties—producers, traders, retailers, and consumers—by being able to provide fruit at the highest quality and reducing waste in the process. In this sense, the ANN DSS proposed in this study contributes to new AI-based solutions for smart cities.",10.3390/electronics10192394,,
487,"Baruah, Arindam; Borkar, Hemant",2023,Optimised machine learning classification model to detect void formations in friction stir welding,"Friction stir welding is a novel solid-state joining process which has been a major area of research due to its applications in joining lightweight alloys. Although this welding process has the inherent advantage of joining alloys at significantly lower temperatures when compared to conventional fusion welding processes, thereby reducing energy consumption and thermal residual stresses, the overall final strength and feasibility of the joint has been found to be highly sensitive to the choice of welding process parameters. Defects such as void formations in friction stir welds are extremely detrimental to the strength of the weld joint as it could lead to catastrophic failures, expensive breakdowns in components, rejection of parts and even loss of lives (Yusof and Jamaluddin, 2014) [1]. These voids in the weld act as discontinuities for the joint as a result of which, the joint strength is severely weakened. Hence, it is of utmost importance to avoid the welding conditions that contribute to the formations of the void defects in structurally critical metallic joints. This study proposes an improved classification model based on a hyperparameter tuned XGBoost classifier algorithm to predict the probability of void formations with raw welding process parameters as inputs. The data set consisted of 108 entries of experimental data collected from past literatures on void formation for the friction stir welding of three aluminium alloys, AA2024, AA2219, and AA6061. While each alloy has unique chemical composition and mechanical properties, the study later identifies that the choice of alloy is amongst the weaker contributors to the presence of void defects. The proposed tuned model could successfully classify the joints containing voids with an accuracy of 90% while both the decision-tree based model and the neural-network based model could classify with an accuracy of 83.3%.",10.1016/j.matpr.2023.03.386,,
561,"Tran, Zachary; Zhang, Wenhao; Verma, Arjun; Cook, Alan; Kim, Dennis; Burruss, Sigrid; Ramezani, Ramin; Benharash, Peyman",2022,"The derivation of an International Classification of Diseases, Tenth Revision -based trauma-related mortality model using machine learning","BACKGROUND

Existing mortality prediction models have attempted to quantify injury burden following trauma-related admissions with the most notable being the Injury Severity Score (ISS). Although easy to calculate, it requires additional administrative coding. International Classification of Diseases (ICD)–based models such as the Trauma Mortality Prediction Model (TMPM-ICD10) circumvent these limitations, but they use linear modeling, which may not adequately capture the intricate relationships of injuries on mortality. Using ICD-10 coding and machine learning (ML) algorithms, the present study used the National Trauma Data Bank to develop mortality prediction models whose performance was compared with logistic regression, ISS, and TMPM-ICD10.
METHODS

The 2015 to 2017 National Trauma Data Bank was used to identify adults following trauma-related admissions. Of 8,021 ICD-10 codes, injuries were categorized into 1,495 unique variables. The primary outcome was in-hospital mortality. eXtreme Gradient Boosting (XGBoost), a ML technique that uses iterations of decision trees, was used to develop mortality models. Model discrimination was compared with logistic regression, ISS, and TMPM-ICD10 using receiver operating characteristic curve and probabilistic accuracy with calibration curves.
RESULTS

Of 1,611,063 patients, 54,870 (3.41%) experienced in-hospital mortality. Compared with those who survived, those who died more frequently suffered from penetrating trauma and had a greater number of injuries. The XGBoost model exhibited superior receiver operating characteristic curve (0.863 [95% confidence interval (CI), 0.862–0.864]) compared with logistic regression (0.845 [95% CI, 0.844–0.846]), ISS (0.828 [95% CI, 0.827–0.829]), and TMPM-ICD10 (0.861 [95% CI, 0.860–0.862]) (all p < 0.001). Importantly, the ML model also had significantly improved calibration compared with other methodologies (XGBoost, coefficient of determination (R2) = 0.993; logistic regression, R2 = 0.981; ISS, R2 = 0.649; TMPM-ICD10, R2 = 0.830).
CONCLUSION

Machine learning models using XGBoost demonstrated superior performance and calibration compared with logistic regression, ISS, and TMPM-ICD10. Such approaches in quantifying injury severity may improve its utility in mortality prognostication, quality improvement, and trauma research.",10.1097/TA.0000000000003416,,
392,"Bulstra, Anne Eva J.; Buijze, Geert A.; Cohen, Abigail; Colaris, Joost W.; Court-Brown, Charles M.; Doornberg, Job N.; Duckworth, Andrew D.; Goslings, Carel (J C.).; Gray, Alasdair; Hendrickx, Laurent A.M.; Jaarsma, Ruurd L.; Mallee, Wouter H.; Mulders, Marjolein A.M.; McQueen, Margaret M.; Moran, Matthew; Obdeijn, Miryam C.; Kerkhoffs, Gino M.M.J.; Ring, David; Schep, Niels W.L.; Walenkamp, Monique M.J.",2022,A machine learning algorithm to estimate the probability of a true scaphoid fracture after wrist trauma,"Purpose
To identify predictors of a true scaphoid fracture among patients with radial wrist pain following acute trauma, train 5 machine learning (ML) algorithms in predicting scaphoid fracture probability, and design a decision rule to initiate advanced imaging in high-risk patients.
Methods
Two prospective cohorts including 422 patients with radial wrist pain following wrist trauma were combined. There were 117 scaphoid fractures (28%) confirmed on computed tomography, magnetic resonance imaging, or radiographs. Eighteen fractures (15%) were occult. Predictors of a scaphoid fracture were identified among demographics, mechanism of injury and examination maneuvers. Five ML-algorithms were trained in calculating scaphoid fracture probability. ML-algorithms were assessed on ability to discriminate between patients with and without a fracture (area under the receiver operating characteristic curve), agreement between observed and predicted probabilities (calibration), and overall performance (Brier score). The best performing ML-algorithm was incorporated into a probability calculator. A decision rule was proposed to initiate advanced imaging among patients with negative radiographs.
Results
Pain over the scaphoid on ulnar deviation, sex, age, and mechanism of injury were most strongly associated with a true scaphoid fracture. The best performing ML-algorithm yielded an area under the receiver operating characteristic curve, calibration slope, intercept, and Brier score of 0.77, 0.84, _0.01 and 0.159, respectively. The ML-derived decision rule proposes to initiate advanced imaging in patients with radial-sided wrist pain, negative radiographs, and a fracture probability of ≥10%. When applied to our cohort, this would yield 100% sensitivity, 38% specificity, and would have reduced the number of patients undergoing advanced imaging by 36% without missing a fracture.
Conclusions
The ML-algorithm accurately calculated scaphoid fracture probability based on scaphoid pain on ulnar deviation, sex, age, and mechanism of injury. The ML-decision rule may reduce the number of patients undergoing advanced imaging by a third with a small risk of missing a fracture. External validation is required before implementation.",10.1016/j.jhsa.2022.02.023,,
437,"Liu, Qinming; Chen, Huan; Chen, Jianing; Wang, Yujie",2025,Cross model fusion-based fault diagnosis for equipment considering multi-source signal fusion with small samples based on deep transfer learning,"Fault diagnosis often suffers from small-sample conditions that make deep models prone to over-fitting. To address this issue, we propose a diagnosis framework that combines sensor-level signal fusion, Gramian Angular Field (GAF) imaging, transfer learning, and Siamese Neural Network(SNN). First, the synchronous vibration signals collected from multiple sensors are arithmetically averaged at each time point to generate a unified one-dimensional sequence. This fused sequence is then transformed into a two-dimensional image by GAF encoding, which preserves temporal correlations while implicitly embedding information from all sensors. Two crucial neural networks are designed: the first is a subnetwork constructed based on EfficientNet with wide convolutional layers, and the second is a decision network based on attention mechanisms and Bidirectional Gated Recurrent Units (Bi-GRUs) to extract key features from complex data. The subnetwork is pre-trained on ImageNet to learn effective initial feature representations, which are then transferred to the bearing fault diagnosis task using transfer learning methods. Finally, the Siamese Neural Network framework fuses the subnetwork and decision network, enhancing the model’s generalization performance. To validate the effectiveness of the constructed model and improve its generalization to real-world fault diagnosis scenarios, the latest dataset of aircraft engine inter-shaft bearing faults from 2023 is used for training and diagnosis. The final model achieves a 99.6% accuracy, confirming its outstanding performance in practical fault diagnosis. This study provides new insights into the field of bearing fault diagnosis.",10.1016/j.measurement.2025.118203,,
23,"Li, Xinpeng; Song, Jiayue; Yang, Li; Li, Huanting; Fang, Sheng",2024,"Source term inversion coupling kernel principal component analysis, whale optimization algorithm, and backpropagation neural networks (KPCA-WOA-BPNN) for complex dispersion scenarios","Accurate and rapid source term estimation is critical for consequence assessment and emergency decision-making in nuclear accidents. Neural network methods provide a promising approach to achieving this goal, but they are mainly demonstrated in ideal scenarios with flat terrain. In this study, a source term inversion model combining the Kernel Principal Component Analysis, the Whale Optimization Algorithm, and the Backpropagation Neural Networks (KPCA-WOA-BPNN) was proposed for source term inversion in a more realistic scenario with complex terrain. The method was validated against two simulated release scenarios based on the meteorology and topography of a real Chinese nuclear power plant. A comprehensive sensitivity analysis of the position distribution, quantity, and quality of measurement sites and the four input parameters was conducted. The results revealed that the relative error of the KPCA-WOA-BPNN was below 2% for both scenarios. The sites within 1.2 km of the release point are critical for the performance. Even with only 6 sites, the error of the method can be as low as 3.82%. The method is insensitive to the disturbances in wind speed, mix layer height, and release height, but less robust to those in concentration. The method also works with other optimization algorithms and presents low error levels, indicating good extendibility.",10.1016/j.pnucene.2024.105171,,
582,"Iivanainen, Sanna; Ravichandra, Ravi; Jekunen, Antti; Arokoski, Reetta; Mentu, Santeri; Lang, Laura; Ekstr√∂m, Jussi; Virtanen, Henri; Kataja, Vesa; Koivunen, Jussi P.",2023,ePRO symptom follow-up of colorectal cancer patients receiving oxaliplatin-based adjuvant chemotherapy is feasible and enhances the quality of patient care: a prospective multicenter study,"Purpose Electronic (e) patient-reported outcomes (PROs) have been shown to improve the quality of life and survival in chemotherapy treated advanced cancer patients. We hypothesized that multidimensional ePRO centered approach could improve symptom management, streamline patient flow, and optimize the use of healthcare resources. Methods In this multicenter trial (NCT04081558), colorectal cancer (CRC) patients receiving oxaliplatin-based chemotherapy as adjuvant or in the first- or second-line setting in advanced disease were included in the prospective ePRO cohort, while a comparative retrospective cohort was collected from the same institutes. The investigated tool consisted of a weekly e-symptom questionnaire integrated to an urgency algorithm and laboratory value interface, which generated semi-automated decision support for chemotherapy cycle prescription and individualized symptom management. Results Recruitment to the ePRO cohort occurred 1/2019–1/2021 (n = 43). The comparator group (n = 194) consisted of patients treated in the same institutes 1–7/2017. The analysis was limited to adjuvant treated (n = 36 and n = 35). The feasibility of the ePRO follow-up was good with 98% reporting easy usage and 86% improved care, while health care personnel valued the easy use and logical workflow. In the ePRO cohort, 42% needed a phone call before planned chemotherapy cycles, while this was 100% in the retrospective cohort (p = 1.4e_8). Peripheral sensory neuropathy was detected significantly earlier with ePRO followed (p = 1e_5) but did not translate to earlier dose reduction, delays, or unplanned therapy termination compared to the retrospective cohort. Conclusion The results suggest that the investigated approach is feasible and streamlines workflow. Earlier symptom detection may improve the quality in cancer care.",10.1007/s00432-023-04622-4,,