,uid,title,doi,subtypeDescription,year,volume,issue,author_names,issn,authkeywords,eid,pii,pubmed_id,subtype,creator,afid,affilname,affiliation_city,affiliation_country,author_count,author_ids,author_afids,coverDate,coverDisplayDate,publicationName,source_id,eIssn,aggregationType,issueIdentifier,article_number,pageRange,description,citedby_count,openaccess,freetoread,freetoreadLabel,fund_acr,fund_no,fund_sponsor
0,WOS:001236483000010,"The role of artificial intelligence in nuclear crisis decision making: a complement, not a substitute",10.1080/10357718.2024.2333814,Article,2024.0,78.0,2,"Holmes, Marcus; Wheeler, Nicholas J.",1035-7718,Artificial intelligence (AI)| nuclear crisis management| security dilemma sensibility| empathy in diplomacy| human-AI collaboration,,,,,,,,,,,,,,,,,,,,,,,,,,,,,
1,WOS:001274838000001,Uncertainty-Aware and Explainable Human Error Detection in the Operation of Nuclear Power Plants,10.1080/00295450.2024.2372217,Article,2024.0,210.0,12,"Reddy, Bhavya; Gursel, Ezgi; Daniels, Katy; Khojandi, Anahita; Baalis Coble, Jamie; Agarwal, Vivek; Boring, Ronald; Yadav, Vaibhav; Madadi, Mahboubeh",0029-5450,Explainable artificial intelligence| uncertainty quantification| multiclass classification| human error| nuclear power plants,,,,,,,,,,,,,,,,,,,,,,,,,,,,,
2,WOS:000772050500001,The need for and conceptual design of an AI model-based Integrated Flight Advisory System,10.1177/1748006X221083379,Article,2023.0,237.0,2,"Ramos, Marilia A.; Sankaran, Karthik; Guarro, Sergio; Mosleh, Ali; Ramezani, Ramin; Arjounilla, Adrian",1748-006X,Aviation| autonomy| automation| decision-support| artificial intelligence,,,,,,,,,,,,,,,,,,,,,,,,,,,,,
3,WOS:000844438800011,Graph neural network based multiple accident diagnosis in nuclear power plants: Data optimization to represent the system configuration,10.1016/j.net.2022.02.024,Article,2022.0,54.0,8,"Chae, Young Ho; Lee, Chanyoung; Han, Sang Min; Seong, Poong Hyun",1738-5733,Multiple accident| Nuclear power plant| Graph| Graph neural network,,,,,,,,,,,,,,,,,,,,,,,,,,,,,
7,WOS:000898766700002,An open time-series simulated dataset covering various accidents for nuclear power plants,10.1038/s41597-022-01879-1,Article,2022.0,9.0,1,"Qi, Ben; Xiao, Xingyu; Liang, Jingang; Po, Li-chi Cliff; Zhang, Liguo; Tong, Jiejuan",,,,,,,,,,,,,,,,,,,,,,,,,,,,,,,
8,WOS:001565106400001,From black box to glass box: Explainable AI for enhancing operator decision making in reactor accident scenarios,10.1016/j.pnucene.2025.106009,Article,2026.0,190.0,,"Najar, Merouane; Wang, He",0149-1970,,,,,,,,,,,,,,,,,,,,,,,,,,,,,,
9,WOS:001567490700001,Fault identification and signal restoration of sensors based on artificial intelligence at nuclear power plants,10.1016/j.net.2025.103876,Article,2026.0,58.0,1,"Hong, Ji Woo; Park, Ji Hun; Na, Man Gyun",1738-5733,Artificial intelligence| Signal fault| Fault identification| Signal restoration,,,,,,,,,,,,,,,,,,,,,,,,,,,,,
10,WOS:001562625000001,Sepsis toxicity network reconstruction-Dynamic signaling and multi-organ injury: A review,10.17305/bb.2025.12931,"Article,Early Access",2025.0,,,"Liu, Shuai; Liang, Qun",2831-0896,Sepsis| systemic toxicity| network biology| multiple organ dysfunction| dynamic evolution of signaling pathways,,,,,,,,,,,,,,,,,,,,,,,,,,,,,
14,WOS:001064985500003,"If you worry about humanity, you should be more scared of humans than of AI",10.1080/00963402.2023.2245242,Article,2023.0,79.0,5,"Cerf, Moran; Waytz, Adam",0096-3402,Artificial intelligence| existential risk| algorithmic bias| ethics| cybersecurity| nuclear decision making,,,,,,,,,,,,,,,,,,,,,,,,,,,,,
15,WOS:001198738300001,Machine learning -based decision support framework for CBRN protection,10.1016/j.heliyon.2024.e25946,Article,2024.0,10.0,4,"Kegyes, Tamas; Sule, Zoltan; Abonyi, Janos",,CBRN protection framework| Machine learning| Predictive analytics| Information management| Decision support system,,,,,,,,,,,,,,,,,,,,,,,,,,,,,
16,WOS:001332633000001,Human-machine cooperation in safety management: An intelligent decision-making framework for cooling water intake reliability,10.1016/j.pnucene.2024.105452,Article,2024.0,177.0,,"Zhao, Nan; Han, Rui; Ying, Fei; Rong, Hua",0149-1970,Human-machine cooperation| Intelligence| Decision-making| Safety management| Water intake reliability,,,,,,,,,,,,,,,,,,,,,,,,,,,,,
17,WOS:000414699200004,Nuclear energy system's behavior and decision making using machine learning,10.1016/j.nucengdes.2017.08.020,Article,2017.0,324.0,,"Fernandez, Mario Gomez; Tokuhiro, Akira; Welter, Kent; Wu, Qiao",0029-5493,Decision-making optimization| Nuclear energy systems| Machine learning| Small modular reactors,,,,,,,,,,,,,,,,,,,,,,,,,,,,,
18,WOS:000710899900001,Using Machine Learning to Predict the Fuel Peak Cladding Temperature for a Large Break Loss of Coolant Accident,10.3389/fenrg.2021.755638,Article,2021.0,9.0,,"Sallehhudin, Wazif; Diab, Aya",2296-598X,nuclear safety| large break LOCA| artificial neural network| machine learning| uncertainty quantification| peak cladding temperature,,,,,,,,,,,,,,,,,,,,,,,,,,,,,
19,WOS:000807122300002,Evaluation of optimized machine learning models for nuclear reactor accident prediction,10.1016/j.pnucene.2022.104263,Article,2022.0,149.0,,"Racheal, Suubi; Liu, Yongkuo; Ayodeji, Abiodun",0149-1970,Machine learning| Support vector machines| Decision trees and MLP| Accident prediction| Neural network| Nuclear power plants,,,,,,,,,,,,,,,,,,,,,,,,,,,,,
20,WOS:001001592100050,Distinctive physical insights driven from machine learning modelling of nuclear power plant severe accident scenario propagation,10.1038/s41598-023-28205-y,Article,2023.0,13.0,1,"Hossny, K.; Villanueva, W.; Wang, H. D.",2045-2322,,,,,,,,,,,,,,,,,,,,,,,,,,,,,,
22,WOS:001179581500001,A novel machine learning-derived four-gene signature predicts STEMI and post-STEMI heart failure,10.17305/bb.2023.9629,Article,2024.0,24.0,2,"Yao, Jialu; Zhou, Yujia; Yao, Zhichao; Meng, Ye; Yu, Wangjianfei; Yang, Xinyu; Zhou, Dayong; Yang, Xiaoqin; Zhou, Yafeng",2831-0896,ST-elevation myocardial infarction (STEMI)| heart failure (HF)| monocyte| machine learning| prediction model,,,,,,,,,,,,,,,,,,,,,,,,,,,,,
23,WOS:001259070900001,A unified creep and fatigue life prediction approach for 316 austenitic stainless steel using machine and deep learning,10.1111/ffe.14379,Article,2024.0,47.0,9,"Bhardwaj, Harsh Kumar; Shukla, Mukul",8756-758X,316 austenitic stainless steel| classical models| creep life| deep learning| fatigue life| machine learning,,,,,,,,,,,,,,,,,,,,,,,,,,,,,
24,WOS:001336191000001,"Mechanical behaviors and internal pressure bearing capacity of nuclear containment using UHPC and ECC: From numerical simulation, machine learning prediction to fragility analysis",10.1016/j.nucengdes.2024.113617,Article,2024.0,429.0,,"Yao, Di; Gao, Ge; Yang, Qingyu; Fan, Feng; Yan, Jiachuan",0029-5493,Containment| UHPC| ECC| Finite element analysis| Machine learning| Internal pressure bearing capacity,,,,,,,,,,,,,,,,,,,,,,,,,,,,,
25,WOS:001340194900001,A comparative study of machine learning approaches for identification of perturbed fuel assemblies in WWER-type nuclear reactors,10.1016/j.anucene.2024.110992,Article,2025.0,211.0,,"Kamkar, A.; Abbasi, M.",0306-4549,Neutron noise| Machine learning classifiers| Perturbed fuel assemblies| WWER-type reactors| Core monitoring and diagnostics,,,,,,,,,,,,,,,,,,,,,,,,,,,,,
26,WOS:001436207400001,Fault detection in thermocouples: Unveiling anomalies with machine learning and signal processing,10.1016/j.nucengdes.2025.113955,Article,2025.0,435.0,,"Kumar, Valipi Dinesh; Bhattacharyya, Anindya; Behera, Rajendra Prasad; Prabakar, K.",0029-5493,K-type thermocouple| Accelerated aging| Statistical features| Empirical mode decomposition| Feature extraction| Fault detection| Machine learning,,,,,,,,,,,,,,,,,,,,,,,,,,,,,
29,WOS:000588143300064,Weighted majority rule ensemble classifier for sensor fault classification for plasma position control in Tokamaks,10.1016/j.fusengdes.2020.111969,Article,2020.0,160.0,,"Mohapatra, Debashish; Subudhi, Bidyadhar",0920-3796,Sensor fault detection| Ensemble classifiers| Machine learning applications,,,,,,,,,,,,,,,,,,,,,,,,,,,,,
32,WOS:001289657500001,Investigating resource-efficient neutron/gamma classification ML models targeting eFPGAs,10.1088/1748-0221/19/07/P07034,Article,2024.0,19.0,7,"Johnson, Jyothisraj; Boxer, Billy; Prakash, Tarun; Grace, Carl; Sorensen, Peter; Tripathi, Mani",1748-0221,"Trigger concepts and systems (hardware and software)| Photon detectors for UV, visible and IR photons (solid-state) (PIN diodes, APDs, Si-PMTs, G-APDs, CCDs, EBCCDs, EMCCDs, CMOS imagers, etc)| Scintillators, scintillation and light emission processes (solid, gas and liquid scintillators)",,,,,,,,,,,,,,,,,,,,,,,,,,,,,
33,WOS:001097272200001,Development and validation of machine learning-based transient identification models in a liquid-fueled molten salt reactor system,10.1016/j.nucengdes.2023.112682,Article,2023.0,415.0,,"Zhou, Tianze; Yu, Kaicheng; Cheng, Maosong; Li, Rui; Dai, Zhimin",0029-5493,Nuclear safety| Transient identification| Machine learning| MSR,,,,,,,,,,,,,,,,,,,,,,,,,,,,,
34,WOS:001215642400001,"Source term inversion coupling Kernel Principal Component Analysis, Whale Optimization Algorithm, and Backpropagation Neural Networks (KPCA-WOA-BPNN) for complex dispersion scenarios",10.1016/j.pnucene.2024.105171,Article,2024.0,171.0,,"Li, Xinpeng; Song, Jiayue; Yang, Li; Li, Huanting; Fang, Sheng",0149-1970,Source term inversion| Kernel principal component analysis| Whale optimization algorithm| Backpropagation neural network| Complex dispersion scenarios| Wind tunnel experiment,,,,,,,,,,,,,,,,,,,,,,,,,,,,,
35,WOS:000783666200001,An Improved Method for PWR Fuel Failure Detection Using Cascade-forward Neural Network With Decision Tree,10.3389/fenrg.2022.851848,Article,2022.0,10.0,,"Dong, Bing; Yang, Kang; Zhang, Wei; Yin, Junlian; Wang, Dezhong",2296-598X,nuclear fuel| cladding defect| fuel failure detection| neural network| decision tree| fission product,,,,,,,,,,,,,,,,,,,,,,,,,,,,,
36,WOS:001335482600001,Constitutive Modeling of Anisotropic Plasticity with ML Algorithms in Metals,10.1080/00295450.2024.2410620,Article,2025.0,211.0,7,"Nasir, K. M. Zaheen; Chakma, Tanaya",0029-5450,"Machine learning| constitutive modeling, plasticity",,,,,,,,,,,,,,,,,,,,,,,,,,,,,
37,WOS:001566022600001,Automating HotSpot health physics code for enhanced radiological risk assessment using python,10.1016/j.apradiso.2025.112150,Article,2025.0,226.0,,"Maglas, Najeeb N. M.; Najar, Merouane; Qiang, Zhao",0969-8043,Radiological risk assessment| HotSpot code automation| Python programming| Nuclear safety| Gaussian plume model| Emergency response,,,,,,,,,,,,,,,,,,,,,,,,,,,,,
38,WOS:000673004900001,Structural Ignorance of Expertise in Nuclear Safety Controversies: Case Analysis of Post-Fukushima Japan,10.1080/00295450.2021.1908075,Article,2021.0,207.0,9,"Juraku, Kohta; Sugawara, Shin-Etsu",0029-5450,Structural ignorance| Fukushima nuclear accident| risk governance| uncertainty,,,,,,,,,,,,,,,,,,,,,,,,,,,,,
39,WOS:001391368500001,An efficient AI algorithm for fault diagnosis in nuclear power plants based on machine deep learning techniques,10.1016/j.pnucene.2024.105580,Article,2025.0,180.0,,"Elbordany, Ayman A.; Kandil, Magy M.; Youness, Hassan A.; Abdelaal, Hammam M.",0149-1970,Nuclear power plants| Loss of coolant accident| Neural networks| Machine learning algorithms| Deep learning algorithm| Fault diagnosis,,,,,,,,,,,,,,,,,,,,,,,,,,,,,
40,WOS:000725027200001,Ethical impact of suboptimal referrals on delivery of care in radiology department,10.1136/medethics-2021-107335,Article,2022.0,48.0,12,"Chilanga, Catherine Chilute; Lysdahl, Kristin Bakke",0306-6800,radiology| ethics| quality of health care| health personnel,,,,,,,,,,,,,,,,,,,,,,,,,,,,,
41,WOS:001502421100004,A novel comparative study of machine learning surrogate models for solar chimney (SC) plant performance evaluation: Thermo-physical insights,10.1016/j.energy.2025.136744,Article,2025.0,330.0,,"Mandal, Dipak Kumar; Vaishali; Gupta, Kritesh Kumar; Biswas, Nirmalendu; Manna, Nirmal K.; Santra, Somnath; Cuce, Erdem",0360-5442,Solar chimney power plant| Collector inlet height| Chimney diameter| Chimney divergence| Power generation| Surrogate models,,,,,,,,,,,,,,,,,,,,,,,,,,,,,
42,WOS:000498851100024,Prediction of cervical spine injury in young pediatric patients: an optimal trees artificial intelligence approach,10.1016/j.jpedsurg.2019.03.007,Article,2019.0,54.0,11,"Bertsimas, Dimitris; Masiakos, Peter T.; Mylonas, Konstantinos S.; Wiberg, Holly",0022-3468,Cervical spine trauma| Cervical spine injury| Artificial intelligence| Machine learning| Optimal classification trees,,,,,,,,,,,,,,,,,,,,,,,,,,,,,
43,WOS:000782512400001,Vibrational Spectroscopy for the Triage of Traumatic Brain Injury Computed Tomography Priority and Hospital Admissions,10.1089/neu.2021.0410,Article,2022.0,39.0,11-12,"Theakstone, Ashton G.; Brennan, Paul M.; Ashton, Katherine; Czeiter, Endre; Jenkinson, Michael D.; Syed, Khaja; Reed, Matthew J.; Baker, Matthew J.",0897-7151,chemometrics| CT brain imaging| traumatic brain injury| vibrational spectroscopy,,,,,,,,,,,,,,,,,,,,,,,,,,,,,
44,WOS:000614797300014,Stereotactic body radiation therapy for spinal metastases: a novel local control stratification by spinal region,10.3171/2020.6.SPINE20861,Article,2021.0,34.0,2,"Kowalchuk, Roman O.; Waters, Michael R.; Richardson, K. Martin; Spencer, Kelly; Larner, James M.; McAllister, William H.; Sheehan, Jason P.; Kersh, Charles R.",1547-5654,SBRT| stereotactic body radiation therapy| SABR| stereotactic ablative radiosurgery| metastasis| local control| oncology,,,,,,,,,,,,,,,,,,,,,,,,,,,,,
45,WOS:000750992200001,Machine learning-generated decision boundaries for prediction and exploration of patient-specific quality assurance failures in stereotactic radiosurgery plans,10.1002/mp.15454,Article,2022.0,49.0,3,"Braun, Jeremy; Quirk, Sarah; Tchistiakova, Ekaterina",0094-2405,machine learning| stereotactic radiosurgery,,,,,,,,,,,,,,,,,,,,,,,,,,,,,
46,WOS:000771052700002,Predictive Modeling of Survival and Toxicity in Patients With Hepatocellular Carcinoma After Radiotherapy,10.1200/CCI.21.00169,Article,2022.0,6.0,,"Chamseddine, Ibrahim; Kim, Yejin; De, Brian; El Naqa, Issam; Duda, Dan G.; Wolfgang, John; Pursley, Jennifer; Paganetti, Harald; Wo, Jennifer; Hong, Theodore; Koay, Eugene J.; Grassberger, Clemens",2473-4276,,,,,,,,,,,,,,,,,,,,,,,,,,,,,,
47,WOS:000982476600002,Spectral Processing for Detection of Iron Particles in Transformer Oil by Laser-Induced Breakdown Spectroscopy,10.3788/CJL220852,Article,2023.0,50.0,10,"Zhe, Ye; Huan, Yuan; Liu, Dingxin; Wang, Xiaohua; Yang, Aijun; Rong, Mingzhe",0258-7025,spectroscopy| laser-induced breakdown spectroscopy| spectral processing algorithm| transformer oil| iron particle,,,,,,,,,,,,,,,,,,,,,,,,,,,,,
48,WOS:001119713000001,Investigating average infrared radiation temperature characteristics during shear and tensile cracks in sandstone under different water contents,10.1016/j.infrared.2023.104968,Article,2023.0,135.0,,"Khan, Naseer Muhammad; Ma, Liqiang; Feroze, Tariq; Wang, Dangliang; Cao, Kewang; Gao, Qiangqiang; Wang, Hui; Hussain, Sajjad; Zhang, Zhitao; Alarifi, Saad S.",1350-4495,AIRT| AE| Shear loading| Water content| Random forest,,,,,,,,,,,,,,,,,,,,,,,,,,,,,
49,WOS:001316841800001,Utilizing patient data: A tutorial on predicting second cancer with machine learning models,10.1002/cam4.70231,Article,2024.0,13.0,18,"Sadeghi, Hossein; Seif, Fatemeh; Farahani, Erfan Hatamabadi; Khanmohammadi, Soraya; Nahidinezhad, Shahla",2045-7634,decision trees| machine learning| precision medicine| radiation dosage,,,,,,,,,,,,,,,,,,,,,,,,,,,,,
50,WOS:001427964900001,The potential of thermal imaging as an early predictive biomarker of radiation dermatitis during radiotherapy for head and neck cancer: a prospective study,10.1186/s12885-025-13734-8,Article,2025.0,25.0,1,"Park, Ye-In; Choi, Seo Hee; Cho, Min-Seok; Son, Junyoung; Kim, Changhwan; Han, Min Cheol; Kim, Hojin; Lee, Ho; Kim, Dong Wook; Kim, Jin Sung; Hong, Chae-Seon",,Radiation dermatitis| Skin toxicity| Head and neck cancer| Thermal imaging| Machine learning| Biomarker| Radiotherapy,,,,,,,,,,,,,,,,,,,,,,,,,,,,,
51,WOS:001388792200001,Efficient and Accurate Brain Tumor Classification Using Hybrid MobileNetV2-Support Vector Machine for Magnetic Resonance Imaging Diagnostics in Neoplasms,10.3390/brainsci14121178,Article,2024.0,14.0,12,"Adamu, Mohammed Jajere; Kawuwa, Halima Bello; Qiang, Li; Nyatega, Charles Okanda; Younis, Ayesha; Fahad, Muhammad; Dauya, Salisu Samaila",,MR images| brain tumor| classification| machine and deep learning| MobileNetV2| SVM,,,,,,,,,,,,,,,,,,,,,,,,,,,,,
53,WOS:000499961100004,"""Real-world"" evaluation of <SUP>18</SUP>F-Choline PET/CT practices in prostate cancer patients and impact on changes in therapeutic strategy",10.1016/j.urolonc.2019.07.017,Article,2020.0,38.0,1,"Niziers, Vincent; Boissier, Romain; Borchiellini, Delphine; Deville, Jean-Laurent; Khoury, Cedric; Durand, Matthieu; Toledano, Harry; Albert, Thomas; Branger, Nicolas; Bandelier, Quentin; Ouvrier, Matthieu-John; Gabriel, Sophie; Hoch, Benjamin; Gross, Emmanuel; Walz, Jochen; Brenot-Rossi, Isabelle; Pignot, Geraldine",1078-1439,Biochemical recurrence| Castration-resistance| F-18-Choline PET/CT| Prostate cancer| Staging,,,,,,,,,,,,,,,,,,,,,,,,,,,,,
54,WOS:000877016000011,Classification of clinically relevant intravascular volume status using point of care ultrasound and machine learning,10.1117/1.JMI.9.5.054502,Article,2022.0,9.0,5,"Wshah, Safwan; Xu, Beilei; Steinharter, John; Reilly, Clifford; Morrissette, Katelin",2329-4302,ultrasound| machine learning| artificial intelligence| clinical decision aid| point of care ultrasound,,,,,,,,,,,,,,,,,,,,,,,,,,,,,
55,WOS:000890199100001,Patient-specific quality assurance prediction models based on machine learning for novel dual-layered MLC linac,10.1002/mp.16091,Article,2023.0,50.0,2,"Zhu, Heling; Zhu, Qizhen; Wang, Zhiqun; Yang, Bo; Zhang, Wenjun; Qiu, Jie",0094-2405,dual-layered MLC| machine learning| portal dosimetry| quality assurance,,,,,,,,,,,,,,,,,,,,,,,,,,,,,
57,WOS:001572672700002,Machine-Learning Predictive Tool for the Individualized Prediction of Outcomes of Hematopoietic Cell Transplantation for Sickle Cell Disease: Registry-Based Study,10.2196/64519,Article,2025.0,4.0,,"Chandrasekar, Rajagopal Subramaniam; Kane, Michael; Krishnamurti, Lakshmanan",,sickle cell disease| SCD| prediction algorithms| hematopoietic stem cell transplantation| machine learning| ML| predictive tool| prediction| hematopoietic cell transplantation| HCT| hematopoietic cell| registry-based study| clinical decision-making| prediction model| clinical outcomes| gene therapy| shared decision-making,,,,,,,,,,,,,,,,,,,,,,,,,,,,,
58,WOS:001132281300001,Efficient quality assurance for isocentric stability in stereotactic body radiation therapy using machine learning,10.1007/s12194-023-00768-5,Article,2024.0,17.0,1,"Salahuddin, Sana; Buzdar, Saeed Ahmad; Iqbal, Khalid; Azam, Muhammad Adeel; Strigari, Lidia",1865-0333,Quality assurance| Linac| SBRT| Machine learning| IsoCheck EPID| Radiation therapy,,,,,,,,,,,,,,,,,,,,,,,,,,,,,
59,WOS:000591382100005,Worldwide annual optimum tilt angle model for solar collectors and photovoltaic systems in the absence of site meteorological data,10.1016/j.apenergy.2020.116056,Article,2021.0,281.0,,"Chinchilla, Monica; Santos-Martin, David; Carpintero-Renteria, Miguel; Lemon, Scott",0306-2619,Solar photovoltaic| Solar collector| Optimum tilt angle| Solar radiation| Irradiance model,,,,,,,,,,,,,,,,,,,,,,,,,,,,,
62,WOS:001397790200004,Deep Learning-Based Multiswitch Open-Circuit Fault Diagnosis for Active Front-End Rectifiers Using Multisensor Signals,10.1109/LSENS.2024.3524033,Article,2025.0,9.0,2,"Ghosh, Sourabh; Hassan, Ehtesham; Singh, Asheesh Kumar; Singh, Sri Niwas",2475-1472,Long short term memory| Computer architecture| Accuracy| Convolutional neural networks| Feature extraction| Support vector machines| Testing| Switches| Overfitting| Streams| Sensor applications| convolutional neural network (CNN)| long short-term memory (LSTM)| open-circuit switch fault (OCSF)| t-SNE,,,,,,,,,,,,,,,,,,,,,,,,,,,,,
64,WOS:000695024000001,Human factor associations with safety events in radiation therapy,10.1002/acm2.13420,Article,2021.0,22.0,10,"Weintraub, Sheri M.; Salter, Bill J.; Chevalier, C. Lynn; Ransdell, Sarah",1526-9914,human factors| incident learning| patient safety| radiation oncology| radiation therapy,,,,,,,,,,,,,,,,,,,,,,,,,,,,,
65,WOS:000806650000005,Prediction of spectral absorption of anisotropic a-MoO<sub>3</sub> nanostructure using deep neural networks,10.1016/j.ijthermalsci.2022.107587,Article,2022.0,177.0,,"Liu, Haotuo; Ai, Qing; Ma, Mingyi; Wang, Zihao; Xie, Ming",1290-0729,Deep neural networks| Prediction of spectral absorption| Optical axis rotation of alpha-MoO 3| Broadband-narrowband absorption transition,,,,,,,,,,,,,,,,,,,,,,,,,,,,,
68,WOS:000736775100003,A personalized decision aid for prostate cancer shared decision making,10.1186/s12911-021-01732-2,Article,2021.0,21.0,1,"Bagshaw, Hilary P.; Martinez, Alejandro; Heidari, Nastaran; Scheinker, David; Pollack, Alan; Stoyanova, Radka; Horwitz, Eric; Morton, Gerard; Kishan, Amar U.; Buyyounouski, Mark K.",,Decision aid| Shared decision making| Prostate cancer| Personalized medicine| Radiation therapy preference based decisions,,,,,,,,,,,,,,,,,,,,,,,,,,,,,
69,WOS:000840925500001,Retrospective Clinical Evaluation of a Decision-Support Software for Adaptive Radiotherapy of Head and Neck Cancer Patients,10.3389/fonc.2022.777793,Article,2022.0,12.0,,"Gros, Sebastien A. A.; Santhanam, Anand P.; Block, Alec M.; Emami, Bahman; Lee, Brian H.; Joyce, Cara",2234-943X,adaptive radiotherapy| head and neck cancer| clinical workflow| deformable image registration (DIR)| prediction model,,,,,,,,,,,,,,,,,,,,,,,,,,,,,
70,WOS:001595325000001,Image-based mandibular and maxillary parcellation and annotation using computed tomography (IMPACT): a deep learning-based clinical tool for orodental dose estimation and osteoradionecrosis assessment,10.1016/j.phro.2025.100817,Article,2025.0,35.0,,"Humbert-Vidan, Laia; Castelo, Austin H.; He, Renjie; van Dijk, Lisanne V.; Rhee, Dong Joo; Wang, Congjun; Wang, He C.; Wahid, Kareem A.; Joshi, Sonali; Gerafian, Parshan; West, Natalie; Kaffey, Zaphanlene; Mirbahaeddin, Sarah; Curiel, Jaqueline; Acharya, Samrina; Shekha, Amal; Oderinde, Praise; Ali, Alaa M. S.; Hope, Andrew; Watson, Erin; Wesson-Aponte, Ruth; Frank, Steven J.; Barbon, Carly E. A.; Brock, Kristy K.; Chambers, Mark S.; Walji, Muhammad; Hutcheson, Katherine A.; Lai, Stephen Y.; Fuller, Clifton D.; Naser, Mohamed A.; Moreno, Amy C.",,Head and neck cancer| Radiotherapy| Deep-learning auto-segmentation models| Orodental structures| Osteoradionecrosis,,,,,,,,,,,,,,,,,,,,,,,,,,,,,
71,WOS:001280958300001,Evaluating single event upsets in deep neural networks for semantic segmentation: An embedded system perspective,10.1016/j.sysarc.2024.103242,Article,2024.0,154.0,,"Gutierrez-Zaballa, Jon; Basterretxea, Koldo; Echanobe, Javier",1383-7621,Single bit upsets| Robustness evaluation| Model compression| Embedded artificial intelligence| Semantic segmentation,,,,,,,,,,,,,,,,,,,,,,,,,,,,,
72,WOS:001496305200001,Machine Learning-Based Prediction of Fatigue Fracture Locations in 7075-T651 Aluminum Alloy Friction Stir Welded Joints,10.3390/met15050569,Article,2025.0,15.0,5,"Mi, Guangming; Sun, Guoqin; Yang, Shuai; Liu, Xiaodong; Chen, Shujun; Kang, Wei",,fatigue fracture| machine learning| friction stir welding| artificial neural network,,,,,,,,,,,,,,,,,,,,,,,,,,,,,
73,WOS:001582840600001,Delamination-informed lifecycle decisions: A dielectric and machine learning framework for composite sorting and recycling,10.1016/j.compositesb.2025.113007,Article,2026.0,308.0,,"Rabby, Monjur Morshed; Oni, Tahmid Hasan; Das, Partha Pratim; Vadlamudi, Vamsee; Hassen, Ahmed Arabi; Raihan, Rassel",1359-8368,Polymer composite| Lifecycle decisions| Machine learning| Dielectric variables| Pyrolysis,,,,,,,,,,,,,,,,,,,,,,,,,,,,,
74,WOS:001127671600001,Hybrid ARMA-GARCH-Neural Networks for intraday strategy exploration in high-frequency trading,10.1016/j.patcog.2023.110139,Article,2024.0,148.0,,"Alaminos, David; Salas, M. Belen; Partal-Urena, Antonio",0031-3203,High-frequency| Intraday trading| Defence stock prices| FOREX markets| Neural networks| Autoregressive moving average| Generalized autoregressive conditional| heteroskedasticity| Quantum computing,,,,,,,,,,,,,,,,,,,,,,,,,,,,,
75,WOS:000482832800012,Unifying System Health Management and Automated Decision Making,10.1613/jair.1.11366,Article,2019.0,65.0,,"Balaban, Edward; Johnson, Stephen B.; Kochenderfer, Mykel J.",1076-9757,,,,,,,,,,,,,,,,,,,,,,,,,,,,,,
76,WOS:000622001200001,Automated Defect Detection and Decision-Support in Gas Turbine Blade Inspection,10.3390/aerospace8020030,Article,2021.0,8.0,2,"Aust, Jonas; Shankland, Sam; Pons, Dirk; Mukundan, Ramakrishnan; Mitrovic, Antonija",,automated defect detection| blade inspection| gas turbine engines| aircraft| visual inspection| image segmentation| image processing| applied computing| computer vision| object detection| maintenance automation| aerospace| MRO,,,,,,,,,,,,,,,,,,,,,,,,,,,,,
78,WOS:001626780600004,"From Lindbergh's cockpit to predictive, AI-driven health care: a roadmap for high-reliability medicine",10.1016/j.esmorw.2025.100650,Article,2025.0,10.0,,"Fuchs, B.; Heesen, P.",,artificial intelligence (AI)| high-reliability health care| predictive analytics| standardization| safety culture| human factors,,,,,,,,,,,,,,,,,,,,,,,,,,,,,
79,WOS:001582152200001,STATISTICAL MODELS FOR THE UTILIZATION PROCESS OF AVIATION RADIO EQUIPMENT,10.3846/aviation.2025.24453,Article,2025.0,29.0,3,"Zaliskyi, Maksym; Solomentsev, Oleksandr; Ivannikova, Viktoriia; Ostroumov, Ivan; Kuzmenko, Nataliia",1648-7788,data processing| operation system| aviation radio equipment| nonstationarity| downtime ratio| utilization factor,,,,,,,,,,,,,,,,,,,,,,,,,,,,,
80,WOS:000414026400007,USING ARTIFICIAL INTELLIGENCE TO IMPROVE REAL-TIME DECISION-MAKING FOR HIGH-IMPACT WEATHER,10.1175/BAMS-D-16-0123.1,Article,2017.0,98.0,10,"McGovern, Amy; Elmore, Kimberly L.; Gagne, David John, II; Haupt, Sue Ellen; Karstens, Christopher D.; Lagerquist, Ryan; Smith, Travis; Williams, John K.",0003-0007,,,,,,,,,,,,,,,,,,,,,,,,,,,,,,
83,WOS:000957625800001,AVIATION ACCIDENT AND INCIDENT FORECASTING COMBINING OCCURRENCE INVESTIGATION AND METEOROLOGICAL DATA USING MACHINE LEARNING,10.3846/aviation.2023.18641,Article,2023.0,27.0,1,"Caetano, Mauro",1648-7788,air transport| artificial intelligence| aviation accident| aviation incident| innovation| machine learning| safety,,,,,,,,,,,,,,,,,,,,,,,,,,,,,
84,WOS:001054551500001,Evidence-based managerial decision-making with machine learning: The case of Bayesian inference in aviation incidents ,10.1016/j.omega.2023.102906,Article,2023.0,120.0,,"Cankaya, Burak; Topuz, Kazim; Delen, Dursun; Glassman, Aaron",0305-0483,Decision support systems| Business analytics| Big data| Aviation incidents| Bayesian belief networks,,,,,,,,,,,,,,,,,,,,,,,,,,,,,
87,WOS:001244472600027,"Improving the Classification of Airplane Accidents Severity using Feature Selection, Extraction and Machine Learning Models",,Article,2023.0,14.0,12,"Kaidi, Rachid; AL Achhab, Mohammed; Lazaar, Mohamed; Omara, Hicham",2158-107X,Airplane accident| severity| flights safety| machine learning| KNN| Random Forest (RF)| Decision Tree (DT),,,,,,,,,,,,,,,,,,,,,,,,,,,,,
88,WOS:001529374900001,Assessment of flight fatigue using heart rate variability and machine learning approaches,10.3389/fnins.2025.1621638,Article,2025.0,19.0,,"Guo, Dalong; Wang, Cong; Qin, Yufei; Shang, Lamei; Gao, Aijing; Tan, Baosen; Zhou, Yubin; Wang, Guangyun",,flight fatigue| machine learning| heart rate variability| light gradient-boosting machine| electrocardiogram,,,,,,,,,,,,,,,,,,,,,,,,,,,,,
90,WOS:000540243200010,Using machine learning algorithms to predict the risk of small Unmanned Aircraft System violations in the National Airspace System,10.1016/j.jairtraman.2020.101822,"Article,Proceedings Paper",2020.0,86.0,,"Truong, Dothang; Choi, Woojin",0969-6997,Small unmanned aircraft system| National airspace system| Aviation safety| Risk prediction| Machine learning| Data mining,,,,,,,,,,,,,,,,,,,,,,,,,,,,,
91,WOS:000779823600001,Bayesian Deep Learning for Aircraft Hard Landing Safety Assessment,10.1109/TITS.2022.3162566,Article,2022.0,23.0,10,"Kong, Yingxiao; Zhang, Xiaoge; Mahadevan, Sankaran",1524-9050,Predictive models| Atmospheric modeling| Accidents| Data models| Bayes methods| Safety| Airports| Landing safety| Bayesian neural network| DASHlink| aviation safety,,,,,,,,,,,,,,,,,,,,,,,,,,,,,
92,WOS:001166026300001,Assessment of aviation accident datasets in severity prediction through machine learning,10.1016/j.jairtraman.2023.102531,Article,2024.0,115.0,,"Omrani, Farzane; Etemadfard, Hossein; Shad, Rouzbeh",0969-6997,,,,,,,,,,,,,,,,,,,,,,,,,,,,,,
93,WOS:001250411800001,"Unveiling the nexus between atmospheric visibility, remotely sensed pollutants, and climatic variables across diverse topographies: A data-driven exploration empowered by artificial intelligence",10.1016/j.apr.2024.102200,Article,2024.0,15.0,9,"Javed, Sadaf; Shahzad, Muhammad Imran; Shahid, Imran",1309-1042,Visual range| Air pollution| Machine learning| Bagged extreme gradient boosting| Variable importance| Partial dependency,,,,,,,,,,,,,,,,,,,,,,,,,,,,,
104,WOS:001175505200001,Multi-modal LSTM network for anomaly prediction in piston engine aircraft,10.1016/j.heliyon.2024.e25120,Article,2024.0,10.0,3,"Khattak, Waqas Rauf; Salman, Ahmad; Ghafoor, Salman; Latif, Seemab",,Aircraft piston engine flameout| Predictive maintenance| Machine learning| Deep learning,,,,,,,,,,,,,,,,,,,,,,,,,,,,,
105,WOS:001380428100001,Flight Delay Prediction Based on Delay Time Using Predictive Analytics,10.1007/s42405-024-00855-w,Article,2025.0,26.0,4,"Gopichand, G.; Sarath, T.; Devi, V. Lakshmi; Srivastava, Vaibhavi; Lonial, Ishaan; Acharya, Rishabh; Thakur, Amit Kumar",2093-274X,Flight delays| Deep learning| Machine learning| Random forest| Decision tree| Logistic regression| Long short-term memory,,,,,,,,,,,,,,,,,,,,,,,,,,,,,
108,WOS:000763036900014,Multicopter Fault Detection and Identification via Data-Driven Statistical Learning Methods,10.2514/1.J060353,"Article,Proceedings Paper",2022.0,60.0,1,"Dutta, Airin; McKay, Michael E.; Kopsaftopoulos, Fotis; Gandhi, Farhan",0001-1452,Fault Detection| Multicopter| Neural Networks| Yaw| Linear Time Invariant| Statistical Hypothesis Testing| Rigid Body Dynamics| Hexacopter| Flight Simulation| Gaussian Mixture Models,,,,,,,,,,,,,,,,,,,,,,,,,,,,,
109,WOS:001155576100001,Framework for Offline Data-Driven Aircraft Fault Diagnosis,10.2514/1.I011253,Article,2024.0,21.0,4,"Kraemer, Aline Dahleni; Villani, Emilia",1940-3151,Air Vehicle| Convolutional Neural Network| Flight Operations Quality Assurance| Aircraft Systems| Fault Detection and Isolation| Quick Access Recorder| Failure Analysis| Machine Learning,,,,,,,,,,,,,,,,,,,,,,,,,,,,,
111,WOS:001188268100001,Anomaly Detection in Industrial Air Conditioners in Hangars With Aircraft Spare Parts,10.1109/LSENS.2024.3374260,Article,2024.0,8.0,4,"Rosero-Montalvo, Paul D.",2475-1472,Sensor systems| deep learning| embedded systems| intelligent systems| Internet of Things| machine learning (ML)| signal processing,,,,,,,,,,,,,,,,,,,,,,,,,,,,,
112,WOS:001232925800001,Bayesian Safety Validation for Failure Probability Estimation of Black-Box Systems,10.2514/1.I011395,Article,2024.0,21.0,7,"Moss, Robert J.; Kochenderfer, Mykel J.; Gariel, Maxime; Dubois, Arthur",1940-3151,Flight Recorder| Runway Conditions| Numerical Analysis| Gaussian Mixture Models| Convolutional Neural Network| Cargo Aircraft| Statistical Analysis| Aircraft Collision Avoidance Systems| Computing and Informatics| Markov Decision Process,,,,,,,,,,,,,,,,,,,,,,,,,,,,,
115,WOS:000703335500008,Data Processing in the Pilot Training Process on the Integrated Aircraft Simulator,10.2478/ecce-2021-0008,Article,2021.0,17.0,1,"Hryshchenko, Yurii; Zaliskyi, Maksym; Pavlova, Svitlana; Solomentsev, Oleksandr; Fursenko, Tatiana",2255-9140,Aircraft| Algorithm design and analysis| Data analysis| Detection algorithms| Human factors| Random processes| Training,,,,,,,,,,,,,,,,,,,,,,,,,,,,,
118,WOS:000739664500016,Hybrid Learning Approach to Sensor Fault Detection with Flight Test Data,10.2514/1.J059943,Article,2021.0,59.0,9,"de Silva, Brian M.; Callaham, Jared; Jonker, Jonathan; Goebel, Nicholas; Klemisch, Jennifer; McDonald, Darren; Hicks, Nathan; Kutz, J. Nathan; Brunton, Steven L.; Aravkin, Aleksandr Y.",0001-1452,,,,,,,,,,,,,,,,,,,,,,,,,,,,,,
119,WOS:000951728200001,Temporal logic explanations for dynamic decision systems using anchors and Monte Carlo Tree Search,10.1016/j.artint.2023.103897,Article,2023.0,318.0,,"Chiu, Tzu-Yi; Le Ny, Jerome; David, Jean-Pierre",0004-3702,Interpretable machine learning| Black-box models| Anchors| Signal temporal logic| Monte Carlo Tree Search,,,,,,,,,,,,,,,,,,,,,,,,,,,,,
120,WOS:001235987200001,Deep temporal semi-supervised one-class classification for GNSS radio frequency interference detection,10.1017/S0373463324000134,Article,2024.0,77.0,1,"Ivanov, Viktor; Scaramuzza, Maurizio; Wilson, Richard. C.",0373-4633,navigation| GPS vulnerability,,,,,,,,,,,,,,,,,,,,,,,,,,,,,
121,WOS:001600552500002,Advanced MRO Processes in Industry 4.0 with proactive Asset Administration Shell and Digital Product Passport,10.36001/IJPHM.2025.v16i2.4508,Article,2025.0,16.0,2,"Weiss, Marco; Kamtsiuris, Alexander; Raddatz, Florian; Wende, Gerko",2153-2648,,,,,,,,,,,,,,,,,,,,,,,,,,,,,,
122,WOS:001334799700001,Stochastic route optimization under dynamic ground risk uncertainties for safe drone delivery operations,10.1016/j.tre.2024.103717,Article,2024.0,192.0,,"Pang, Bizhao; Hu, Xinting; Dai, Wei; Low, Kin Huat",1366-5545,Drone delivery| Dynamic risk management| Two-stage stochastic optimization| Strategic fleet allocation| Urban air mobility (UAM),,,,,,,,,,,,,,,,,,,,,,,,,,,,,
123,WOS:001602801800001,An Adaptive Framework for Remaining Useful Life Prediction Integrating Attention Mechanism and Deep Reinforcement Learning,10.3390/s25206354,Article,2025.0,25.0,20,"Bai, Yanhui; Du, Jiajia; Li, Honghui; Bao, Xintao; Li, Linjun; Zhang, Chun; Yan, Jiahe; Wang, Renliang; Xu, Yi",,remaining useful life (RUL) prediction| attention mechanism| Deep Deterministic Policy Gradient (DDPG)| Functional Alignment Resampling (FAR),,,,,,,,,,,,,,,,,,,,,,,,,,,,,
126,WOS:001183846600001,Evaluating traditional versus ensemble machine learning methods for predicting missing data of daily PM10 concentration,10.1016/j.apr.2024.102063,Article,2024.0,15.0,5,"Kalantari, Elham; Gholami, Hamid; Malakooti, Hossein; Eftekhari, Mahdi; Saneei, Poorya; Esfandiarpour, Donya; Moosavi, Vahid; Nafarzadegan, Ali Reza",1309-1042,Machine learning| PM 10 prediction| XGBoost| Time series| Zabol,,,,,,,,,,,,,,,,,,,,,,,,,,,,,
128,WOS:001417980300001,Effects of false alarms and miscues of decision support systems on human-machine system performance: a study with airport security screeners,10.1080/00140139.2025.2453546,Article,2025.0,68.0,12,"Huegli, David; Chavaillaz, Alain; Sauer, Juergen; Schwaninger, Adrian",0014-0139,Visual search| airport security| decision support systems| miscues| false alarms,,,,,,,,,,,,,,,,,,,,,,,,,,,,,
129,WOS:001501330100012,Event-related potentials reveal incongruent behavior of autonomous vehicles in the moral machine dilemma,10.1038/s41598-025-99531-6,Article,2025.0,15.0,1,"Bertheau, Maren A. K.; Boetzel, Cindy; Herrmann, Christoph S.",2045-2322,Autonomous driving| ERP| LPP| Moral machine| P3| trolley problem,,,,,,,,,,,,,,,,,,,,,,,,,,,,,
130,WOS:000924699300002,An ethical trajectory planning algorithm for autonomous vehicles,10.1038/s42256-022-00607-z,Article,2023.0,5.0,2,"Geisslinger, Maximilian; Poszler, Franziska; Lienkamp, Markus",,,,,,,,,,,,,,,,,,,,,,,,,,,,,,,
131,WOS:001279009000001,Explainable Artificial Intelligence for Autonomous Driving: A Comprehensive Overview and Field Guide for Future Research Directions,10.1109/ACCESS.2024.3431437,Article,2024.0,12.0,,"Atakishiyev, Shahin; Salameh, Mohammad; Yao, Hengshuai; Goebel, Randy",2169-3536,Visualization| Autonomous vehicles| Safety| Artificial intelligence| Accidents| Regulation| Standards| Autonomous driving| Explainable AI| explainable artificial intelligence| intelligent transportation systems| regulatory compliance| safety,,,,,,,,,,,,,,,,,,,,,,,,,,,,,
133,WOS:001509913700001,How Should Autonomous Vehicles Allocate Accident Liability? Rethinking the Applicability of the Hand Formula,10.1515/ajle-2025-0037,Article,2025.0,16.0,3,"Tian, Xinyue",2194-6086,autonomous driving| tort liability| law and economics| hand formula| causation| personalized rules,,,,,,,,,,,,,,,,,,,,,,,,,,,,,
134,WOS:001615892300042,Predicting Trust Dynamics With Dynamic SEM in Human-AI Collaboration,10.1109/ACCESS.2025.3629365,Article,2025.0,13.0,,"Kaneko, Sota; Yamada, Seiji",2169-3536,Artificial intelligence| Mathematical models| Predictive models| Robots| Vehicle dynamics| Accuracy| Autonomous vehicles| Numerical analysis| Human-robot interaction| Drones| Trust| trust dynamics| human-AI interaction| human-AI cooperative decision making,,,,,,,,,,,,,,,,,,,,,,,,,,,,,
136,WOS:001102527800001,An Empirical Study of DDPG and PPO-Based Reinforcement Learning Algorithms for Autonomous Driving,10.1109/ACCESS.2023.3330665,Article,2023.0,11.0,,"Siboo, Sanjna; Bhattacharyya, Anushka; Naveen Raj, Rashmi; Ashwin, S. H.",2169-3536,Autonomous vehicles| Sensors| Feature extraction| Machine learning algorithms| Brakes| Task analysis| Space vehicles| Machine learning| Reinforcement learning| Deep learning| Gradient methods| Optimization methods| deep reinforcement learning| deep deterministic policy gradient| continuous space| autonomous vehicles| proximal policy optimization,,,,,,,,,,,,,,,,,,,,,,,,,,,,,
137,WOS:001323206100001,Classification of Moral Decision Making in Autonomous Driving: Efficacy of Boosting Procedures,10.3390/info15090562,Article,2024.0,15.0,9,"Singh, Amandeep; Murzello, Yovela; Pokhrel, Sushil; Samuel, Siby",,autonomous vehicles| ethical decision making| driving simulations| time-critical decision| pedestrian interactions| logistic regression| boosting models,,,,,,,,,,,,,,,,,,,,,,,,,,,,,
138,WOS:000804643300001,Reducing Overconfidence Predictions in Autonomous Driving Perception,10.1109/ACCESS.2022.3175195,Article,2022.0,10.0,,"Melotti, Gledson; Premebida, Cristiano; Bird, Jordan J.; Faria, Diego R.; Goncalves, Nuno",2169-3536,Uncertainty| Calibration| Predictive models| Bayes methods| Autonomous vehicles| Deep learning| Training| Bayesian inference| confidence calibration| object recognition| perception system| probability prediction,,,,,,,,,,,,,,,,,,,,,,,,,,,,,
139,WOS:000670353400009,Deep Reinforcement Learning Enabled Decision-Making for Autonomous Driving at Intersections,10.1007/s42154-020-00113-1,Article,2020.0,3.0,4,"Li, Guofa; Li, Shenglong; Li, Shen; Qin, Yechen; Cao, Dongpu; Qu, Xingda; Cheng, Bo",2096-4250,Autonomous vehicles| Driving safety and efficiency| Intersection| Decision-making| Deep reinforcement learning,,,,,,,,,,,,,,,,,,,,,,,,,,,,,
140,WOS:000766276000090,Learning Automated Driving in Complex Intersection Scenarios Based on Camera Sensors: A Deep Reinforcement Learning Approach,10.1109/JSEN.2022.3146307,Article,2022.0,22.0,5,"Li, Guofa; Lin, Siyan; Li, Shen; Qu, Xingda",1530-437X,Decision making| Sensors| Autonomous vehicles| Cameras| Safety| Image sensors| Accidents| Camera sensors| autonomous vehicle| intersection| reinforcement learning| vehicle control,,,,,,,,,,,,,,,,,,,,,,,,,,,,,
141,WOS:000808721300001,Decision Making for Self-Driving Vehicles in Unexpected Environments Using Efficient Reinforcement Learning Methods,10.3390/electronics11111685,Article,2022.0,11.0,11,"Kim, Min-Seong; Eoh, Gyuho; Park, Tae-Hyoung",2079-9292,reinforcement learning| mixture density model| decision making,,,,,,,,,,,,,,,,,,,,,,,,,,,,,
142,WOS:001005767000001,NLE-DM: Natural-Language Explanations for Decision Making of Autonomous Driving Based on Semantic Scene Understanding,10.1109/TITS.2023.3273547,Article,2023.0,24.0,9,"Feng, Yuchao; Hua, Wei; Sun, Yuxiang",1524-9050,Autonomous vehicles| Decision making| Semantics| Neural networks| Visualization| Object detection| Deep learning| Autonomous driving| decision making| explainable artificial intelligence| semantic scene understanding,,,,,,,,,,,,,,,,,,,,,,,,,,,,,
143,WOS:001208012500001,Collision Prediction in an Integrated Framework of Scenario-Based and Data-Driven Approaches,10.1109/ACCESS.2024.3388099,Article,2024.0,12.0,,"Lee, Sungwoo; Song, Bongsob; Shin, Jangho",2169-3536,Collision prediction| deep learning| risk assessment| scenario-based assessment,,,,,,,,,,,,,,,,,,,,,,,,,,,,,
144,WOS:001597103300001,A physics-informed attention model for integrated driving risk assessment,10.1016/j.aap.2025.108266,Article,2025.0,223.0,,"Lu, Tianle; Kuang, Gaoyuan; Xu, Dongyang; Xu, Shaobing; Luo, Yiran; Wang, Qingfan; Shang, Shi; Zhou, Qing; Nie, Bingbing",0001-4575,Autonomous vehicle| Driving risk quantification| Physics-informed neural network| Intelligent occupant protection,,,,,,,,,,,,,,,,,,,,,,,,,,,,,
145,WOS:000976083800001,"Identify, Estimate and Bound the Uncertainty of Reinforcement Learning for Autonomous Driving",10.1109/TITS.2023.3266885,Article,2023.0,24.0,8,"Zhou, Weitao; Cao, Zhong; Deng, Nanshan; Jiang, Kun; Yang, Diange",1524-9050,Uncertainty| Training data| Reinforcement learning| Training| Fitting| Neural networks| Closed box| Autonomous driving| reinforcement learning| trajectory planning,,,,,,,,,,,,,,,,,,,,,,,,,,,,,
148,WOS:001474248900001,Where is morality on wheels? Decoding large language model (LLM)-driven decision in the ethical dilemmas of autonomous vehicles,10.1016/j.tbs.2025.101039,Article,2025.0,40.0,,"Xu, Zixuan; Sengar, Neha; Chen, Tiantian; Chung, Hyungchul; Oviedo-Trespalacios, Oscar",2214-367X,Large language models| Autonomous vehicle| Moral dilemmas| AI ethics| Choice experiments,,,,,,,,,,,,,,,,,,,,,,,,,,,,,
149,WOS:000638402100030,Computing Systems for Autonomous Driving: State of the Art and Challenges,10.1109/JIOT.2020.3043716,Article,2021.0,8.0,8,"Liu, Liangkai; Lu, Sidi; Zhong, Ren; Wu, Baofu; Yao, Yongtao; Zhang, Qingyang; Shi, Weisong",2327-4662,Autonomous vehicles| Sensors| Sensor systems| Security| Cameras| Real-time systems| Radar| Autonomous driving| challenges| computing systems,,,,,,,,,,,,,,,,,,,,,,,,,,,,,
150,WOS:000842733500001,Self-Learned Intelligence for Integrated Decision and Control of Automated Vehicles at Signalized Intersections,10.1109/TITS.2022.3196167,Article,2022.0,23.0,12,"Ren, Yangang; Jiang, Jianhua; Zhan, Guojian; Li, Shengbo Eben; Chen, Chen; Li, Keqiang; Duan, Jingliang",1524-9050,Encoding| Safety| Vehicle dynamics| Roads| Task analysis| Feature extraction| Training| Reinforcement learning| state representation| mixed traffic flow| autonomous driving,,,,,,,,,,,,,,,,,,,,,,,,,,,,,
151,WOS:001363177800001,Decision modeling for automated driving in dilemmas based on bidirectional value alignment of moral theory values and fair human moral values,10.1016/j.trf.2024.11.001,Article,2025.0,108.0,,"Wang, Yanli; Tan, Guozhen; Si, Huaiwei",1369-8478,Moral dilemma decision| Dilemmas issue| Bidirectional value alignment| Autonomous driving,,,,,,,,,,,,,,,,,,,,,,,,,,,,,
153,WOS:001596681800001,IDRNet: Intention-Based Deep Reinforcement Learning Network for Multiagent Trajectory Prediction,10.1177/03611981251368808,"Article,Early Access",2025.0,,,"Zhao, Yatao; Li, Peikun; Wang, Hao",0361-1981,trajectory prediction| intention recognition| multiagent| driving feature extraction| deep reinforcement learning,,,,,,,,,,,,,,,,,,,,,,,,,,,,,
155,WOS:000784298300003,Lyapunov stability for detecting adversarial image examples,10.1016/j.chaos.2021.111745,Article,2022.0,155.0,,"Pedraza, Anibal; Deniz, Oscar; Bueno, Gloria",0960-0779,Adversarial examples| Lyapunov stability| Chaos theory| Trustworthy machine learning| Neural networks| Deep learning,,,,,,,,,,,,,,,,,,,,,,,,,,,,,
156,WOS:001400101000001,Accelerated Testing and Evaluation for Black-Box Autonomous Driving Systems via Adaptive Markov Chain Monte Carlo,10.1109/TITS.2024.3525059,Article,2025.0,26.0,5,"Ji, Yuxiong; Xu, Zhongke; Zhao, Cong; Chen, Kun; Du, Yuchuan",1524-9050,Autonomous vehicles| deep reinforcement learning| deep reinforcement learning| black-box algorithms| black-box algorithms| subset simulation| subset simulation| accelerated testing and evaluation| accelerated testing and evaluation,,,,,,,,,,,,,,,,,,,,,,,,,,,,,
157,WOS:000541708200048,Manchurian artificial intelligence in autonomous vehicles,10.3233/JIFS-179671,Article,2020.0,38.0,5,"Kiss, Gabor",1064-1246,Manchurian AI| self-driving car| autonomous vehicle| external manipulation,,,,,,,,,,,,,,,,,,,,,,,,,,,,,
160,WOS:001135203000001,Securing the Future: A Comprehensive Review of Security Challenges and Solutions in Advanced Driver Assistance Systems,10.1109/ACCESS.2023.3347200,Article,2024.0,12.0,,"Mehta, Aryan Alpesh; Padaria, Ali Asgar; Bavisi, Dwij Jayesh; Ukani, Vijay; Thakkar, Priyank; Geddam, Rebekah; Kotecha, Ketan; Abraham, Ajith",2169-3536,Vehicles| Automobiles| Security| Safety| Automation| Cameras| Actuators| Advanced driver assistance systems| Threat assessment| Advanced driver assistance systems (ADAS)| attacks| countermeasures| defences| security| threats,,,,,,,,,,,,,,,,,,,,,,,,,,,,,
163,WOS:000505082000003,THE DANGER OF USING ARTIFICIAL INTELLIGENCE IN DEVELOPMENT OF AUTONOMOUS VEHICLES,10.7906/indecs.17.4.3,Article,2019.0,17.0,4,"Kiss, Gabor",1334-4684,autonomous vehicle| hijacking| capture| cheat| candidate AI,,,,,,,,,,,,,,,,,,,,,,,,,,,,,
164,WOS:000651395000001,A Deeper Look at Autonomous Vehicle Ethics: An Integrative Ethical Decision-Making Framework to Explain Moral Pluralism,10.3389/frobt.2021.632394,Article,2021.0,8.0,,"Rhim, Jimin; Lee, Ji-Hyun; Chen, Mo; Lim, Angelica",2296-9144,autonomous vehicle| AI ethics| ethical decision-making| moral pluralism| explainability| transparency,,,,,,,,,,,,,,,,,,,,,,,,,,,,,
170,WOS:001525354100001,A Memristive Associative Learning Circuit for Fault-Tolerant Multi-Sensor Fusion in Autonomous Vehicles,10.1002/aisy.202500215,"Article,Early Access",2025.0,,,"Bhardwaj, Kapil; Semenov, Dmitrii; Sotner, Roman; Majumdar, Sayani",,analog circuits| associative learning| autonomous vehicles| fault tolerance| memristors| sensor fusion,,,,,,,,,,,,,,,,,,,,,,,,,,,,,
171,WOS:000555052000002,Use of AI-based tools for healthcare purposes: a survey study from consumers' perspectives,10.1186/s12911-020-01191-1,Article,2020.0,20.0,1,"Esmaeilzadeh, Pouyan",,Artificial intelligence (AI)| AI medical devices| Clinical decision support| Perceived benefits| Perceived risks| Intention to use,,,,,,,,,,,,,,,,,,,,,,,,,,,,,
175,WOS:001274413100001,A Deep Neural Network Attack Simulation against Data Storage of Autonomous Vehicles,10.4271/12-07-02-0008,Article,2024.0,7.0,2,"Kim, Insup; Lee, Ganggyu; Lee, Seyoung; Choi, Wonsuk",2574-0741,Automotive cybersecurity| Data storage system for automated driving (DSSAD)| Threat analysis and risk assessment (TARA)| Deep neural network (DNN)| Parameter manipulation attack| Attack simulation,,,,,,,,,,,,,,,,,,,,,,,,,,,,,
180,WOS:001507040700001,FS-DRL: Fine-Grained Scheduling of Autonomous Vehicles at Non-Signalized Intersections via Dual Reinforced Learning,10.1186/s10033-025-01203-z,Article,2025.0,38.0,1,"Sun, Ning; Wu, Weihao; Xiao, Guangbing; Yin, Guodong",1000-9345,Autonomous vehicles| Scheduling| CNN| DQN| Adaptive learning rate,,,,,,,,,,,,,,,,,,,,,,,,,,,,,
183,WOS:001128152200061,Applying Graph Neural Networks to Support Decision Making on Collective Intelligent Transportation Systems,10.1109/TNSM.2023.3257993,Article,2023.0,20.0,4,"da Silva, Eduardo Sant'Ana; Pedrini, Helio; dos Santos, Aldri Luiz",1932-4537,CITS| VANETs| autonomous cars| GNNs| ML| graphs,,,,,,,,,,,,,,,,,,,,,,,,,,,,,
184,WOS:001570483600004,AgentsCoMerge: Large Language Model Empowered Collaborative Decision Making for Ramp Merging,10.1109/TMC.2025.3564163,Article,2025.0,24.0,10,"Hu, Senkang; Fang, Zhengru; Fang, Zihan; Deng, Yiqin; Chen, Xianhao; Fang, Yuguang; Kwong, Sam Tak Wu",1536-1233,Merging| Decision making| Collaboration| Autonomous vehicles| Safety| Large language models| Training| Roads| Visualization| Reflection| Collaborative decision making| large language model (LLM)| connected and autonomous vehicle (CAV)| multi-lane merging,,,,,,,,,,,,,,,,,,,,,,,,,,,,,
186,WOS:000592553000002,"Programming Away Human Rights and Responsibilities? ""The Moral Machine Experiment"" and the Need for a More ""Humane"" AV Future",10.1007/s11569-020-00374-4,Article,2020.0,14.0,3,"Kochupillai, Mrinalini; Luetge, Christoph; Poszler, Franziska",1871-4757,Autonomous vehicles| Human rights| Law| Tort law| Ethics| Human values| Responsibility| Human dignity| Artificial intelligence| Moral machines,,,,,,,,,,,,,,,,,,,,,,,,,,,,,
188,WOS:000636761300001,Comparison of automated vehicle struck-from-behind crash rates with national rates using naturalistic data,10.1016/j.aap.2021.106056,Article,2021.0,154.0,,"Goodall, Noah J.",0001-4575,Autonomous vehicle| Vehicle automation| Rear-end struck| Safety,,,,,,,,,,,,,,,,,,,,,,,,,,,,,
189,WOS:000660860800001,A Reinforcement Learning Framework for Video Frame-Based Autonomous Car-Following,10.1109/OJITS.2021.3083201,Article,2021.0,2.0,,"Masmoudi, Mehdi; Friji, Hamdi; Ghazzai, Hakim; Massoud, Yehia",,Real-time systems| Navigation| Feature extraction| Object detection| Mathematical model| Decision making| Vehicle dynamics| Autonomous vehicle| deep learning| reinforcement learning| video frames processing| car-following,,,,,,,,,,,,,,,,,,,,,,,,,,,,,
190,WOS:001236271500001,"Not in Control, but Liable? Attributing Human Responsibility for Fully Automated Vehicle Accidents",10.1016/j.eng.2023.10.008,Article,2024.0,33.0,,"Zhai, Siming; Wang, Lin; Liu, Peng",2095-8099,Fully automated vehicle accidents| Responsibility attribution| Controllability| Foreseeability,,,,,,,,,,,,,,,,,,,,,,,,,,,,,
191,WOS:001323105700001,Enhancing Highway Driving: High Automated Vehicle Decision Making in a Complex Multi-Body Simulation Environment,10.3390/modelling5030050,Article,2024.0,5.0,3,"Rizehvandi, Ali; Azadi, Shahram; Eichberger, Arno",,decision making| deep reinforcement learning| carmaker simulator| deep deterministic policy gradient algorithm| highway,,,,,,,,,,,,,,,,,,,,,,,,,,,,,
193,WOS:001607053800001,Active takeover failure of aggressive drivers during partially automated driving,10.1016/j.trf.2025.103416,Article,2026.0,116.0,,"Yuan, Chen; Ding, Jingyan; Cui, Yi; Chen, Hao; Ma, Jinfei",1369-8478,Active failure to take over| Cross-situational consistency| Aggressive driving attitude| Affect Misattribution Procedure (AMP),,,,,,,,,,,,,,,,,,,,,,,,,,,,,
196,WOS:001104164900001,GNSS/IMU/LiDAR fusion for vehicle localization in urban driving environments within a consensus framework,10.1016/j.ymssp.2023.110862,Article,2023.0,205.0,,"Gao, Letian; Xia, Xin; Zheng, Zhaoliang; Ma, Jiaqi",0888-3270,Vehicle localization| State estimation| Information fusion| Consensus Kalman filter| Adaptive Kalman filter,,,,,,,,,,,,,,,,,,,,,,,,,,,,,
197,WOS:001121223500004,Robust Multiagent Reinforcement Learning toward Coordinated Decision-Making of Automated Vehicles,10.4271/10-07-04-0031,Article,2023.0,7.0,4,"He, Xiangkun; Chen, Hao; Lv, Chen",2380-2162,"Automated vehicle,| Coordinated| decision-making,| Reinforcement learning,| Motion control Vehicle| dynamics",,,,,,,,,,,,,,,,,,,,,,,,,,,,,
202,WOS:001035957400001,Prediction Failure Risk-Aware Decision-Making for Autonomous Vehicles on Signalized Intersections,10.1109/TITS.2023.3288507,Article,2023.0,24.0,11,"Yang, Kai; Li, Boqi; Shao, Wenbo; Tang, Xiaolin; Liu, Xiaochuan; Wang, Hong",1524-9050,Artificial intelligence algorithm safety| epistemic uncertainty| long-tail scenario| motion prediction| safe decision-making,,,,,,,,,,,,,,,,,,,,,,,,,,,,,
206,WOS:000647254600024,Accelerated AI development for autonomous materials synthesis in flow,10.1039/d0sc06463g,Article,2021.0,12.0,17,"Epps, Robert W.; Volk, Amanda A.; Reyes, Kristofer G.; Abolhasani, Milad",2041-6520,,,,,,,,,,,,,,,,,,,,,,,,,,,,,,
207,WOS:001346690600001,Anomalous State Sequence Modeling to Enhance Safety in Reinforcement Learning,10.1109/ACCESS.2024.3486549,Article,2024.0,12.0,,"Kweider, Leen; Abou Kassem, Maissa; Sandouk, Ubai",2169-3536,Safety| Anomaly detection| Reinforcement learning| Artificial intelligence| Optimization| Uncertainty| Measurement uncertainty| Costs| Decision making| Training| AI safety| reinforcement learning| anomaly detection| sequence modeling| risk-averse policy| reward shaping,,,,,,,,,,,,,,,,,,,,,,,,,,,,,
208,WOS:001256323100001,Intermediate Judgments and Trust in Artificial Intelligence-Supported Decision-Making,10.3390/e26060500,Article,2024.0,26.0,6,"Humr, Scott; Canan, Mustafa",,artificial intelligence| decision-making| trust| quantum decision theory| quantum open systems modeling,,,,,,,,,,,,,,,,,,,,,,,,,,,,,
210,WOS:000981056000006,Automated vehicles - is a dilution of human responsibility the answer?,10.1177/20322844221138049,Article,2022.0,13.0,4,"Guensberg, Patrick S.",2032-2844,Artificial intelligence| criminal responsibility| dilution of human responsibility| negligence| strict liability,,,,,,,,,,,,,,,,,,,,,,,,,,,,,
214,WOS:001028413600001,Autonomised harming,10.1007/s11098-023-01990-y,Article,2025.0,182.0,1,"Eggert, Linda",0031-8116,Ethics of AI| Non-consequentialist ethics| Ethics of harming,,,,,,,,,,,,,,,,,,,,,,,,,,,,,
215,WOS:001327350500001,Ethical Concerns With Regards to Artificial Intelligence: A National Public Poll in Taiwan,10.1109/ACCESS.2024.3458893,Article,2024.0,12.0,,"Chang, Wendy Li-Yun; Liu, Shiang-Yao; Liao, Ying-Kai; Lee, Tony Szu-Hsien",2169-3536,Artificial intelligence| Ethics| Surveys| Guidelines| Regulation| Privacy| Stakeholders| ethical concerns| ethical principles| ethics| public perception| society,,,,,,,,,,,,,,,,,,,,,,,,,,,,,
220,WOS:000521683100001,Data-driven approaches tests on a laboratory drilling system,10.1007/s13202-020-00870-z,Article,2020.0,10.0,7,"Loken, Erik Andreas; Lokkevik, Jens; Sui, Dan",2190-0558,Drilling rig| Drilling automation| Drilling data| Machine learning| Classification,,,,,,,,,,,,,,,,,,,,,,,,,,,,,
224,WOS:001490658400001,Meaningful human control of partially automated driving systems: Insights from interviews with Tesla users,10.1016/j.trf.2025.04.026,Article,2025.0,113.0,,"Suryana, Lucas Elbert; Nordhoff, Sina; Calvert, Simeon; Zgonnikov, Arkady; van Arem, Bart",1369-8478,Partially automated driving systems| Meaningful human control| Semi-structured interviews| Empirical evaluation,,,,,,,,,,,,,,,,,,,,,,,,,,,,,
225,WOS:000460984700006,"Liable, but Not in Control? Ensuring Meaningful Human Agency in Automated Decision-Making Systems",10.1002/poi3.198,Article,2019.0,11.0,1,"Wagner, Ben",1944-2866,automation| function allocation| human rights| Internet architecture| technology policy| artificial intelligence| algorithms,,,,,,,,,,,,,,,,,,,,,,,,,,,,,
226,WOS:001479043500001,A methodology for ethical decision-making in automated vehicles,10.1007/s00146-025-02370-2,Article,2025.0,40.0,8,"Gros, Chloe; Werkhoven, Peter; Kester, Leon; Martens, Marieke",0951-5666,Automated vehicles| Morality| Ethics| Self-driving cars| Artificial intelligence ethics,,,,,,,,,,,,,,,,,,,,,,,,,,,,,
227,WOS:001384191300001,Prevention of the Fracture Problem Occurring in Automotive Alternator Heatsink Blocks Using Artificial Intelligence,10.3390/app142411758,Article,2024.0,14.0,24,"Kokden, Dincer; Egi, Adem; Bulut, Emre; Albak, Emre Isa; Korkmaz, Ibrahim; Ozturk, Ferruh",,vibration| neural network| heatsink| fracture| fatigue| automotive| crack| regression| optimization,,,,,,,,,,,,,,,,,,,,,,,,,,,,,
228,WOS:000826914400012,Toward Generalizability in the Deployment of Artificial Intelligence in Radiology: Role of Computation Stress Testing to Overcome Underspecification,10.1148/ryai.2021210097,Article,2021.0,3.0,6,"Eche, Thomas; Schwartz, Lawrence H.; Mokrane, Fatima-Zohra; Dercle, Laurent",2638-6100,Computer Applications-General| Informatics| Computer-aided Diagnosis,,,,,,,,,,,,,,,,,,,,,,,,,,,,,
229,WOS:001505745900001,AI-Driven Predictive Maintenance for Workforce and Service Optimization in the Automotive Sector,10.3390/app15116282,Article,2025.0,15.0,11,"Yildirim, Senda; Yucekaya, Ahmet Deniz; Hekimoglu, Mustafa; Ucal, Meltem; Aydin, Mehmet Nafiz; Kalafat, Irem",,machine learning| automotive sector| predicting maintenance needs| customer relationship management| post-sale services,,,,,,,,,,,,,,,,,,,,,,,,,,,,,
230,WOS:001522122100001,Advanced driver assistance system(ADAS)and machine learning(ML):The dynamic duo revolutionizing the automotive industry,10.1016/j.vrih.2025.01.002,Article,2025.0,7.0,3,"Shah, Harsh; Shah, Karan; Darji, Kushagra; Shah, Adit; Shah, Manan",2096-5796,Machine learning| Face detection| Advanced driver system,,,,,,,,,,,,,,,,,,,,,,,,,,,,,
234,WOS:000752043500010,Machine learning based accident prediction in secure IoT enable transportation system,10.3233/JIFS-189743,Article,2022.0,42.0,2,"Mohanta, Bhabendu Kumar; Jena, Debasish; Mohapatra, Niva; Ramasubbareddy, Somula; Rawal, Bharat S.",1064-1246,Intelligent data analytics| machine learning| intelligent transportation system| secure communication| internet of things,,,,,,,,,,,,,,,,,,,,,,,,,,,,,
237,WOS:001146768700025,Fuzzy-Genetic based Approach in Decision Making for Repair of Turbochargers using Additive Manufacturing,10.17576/jkukm-2023-35(5)-16,Article,2023.0,35.0,5,"Habeeb, Hiyam Adil; Abd Wahab, Dzuraidah; Azman, Abdul Hadi; Alkahari, Mohd Rizal",0128-0198,Fuzzy-GA| turbocharger| additive manufacturing| hybrid method,,,,,,,,,,,,,,,,,,,,,,,,,,,,,
239,WOS:000880654600109,TrustSys: Trusted Decision Making Scheme for Collaborative Artificial Intelligence of Things,10.1109/TII.2022.3173006,Article,2023.0,19.0,1,"Rathee, Geetanjali; Garg, Sahil; Kaddoum, Georges; Choi, Bong Jun; Hassan, Mohammad Mehedi; AlQahtani, Salman A.",1551-3203,Security| Internet of Things| Decision making| Real-time systems| Monitoring| Bayes methods| Backpropagation| Backpropagation| Bayesian's classification| decision-making scheme| secure AIoT| trusted collaborative AIoT,,,,,,,,,,,,,,,,,,,,,,,,,,,,,
240,WOS:000666368700001,Machine Learning for the Improvement of Deep Renovation Building Projects Using As-Built BIM Models,10.3390/su13126576,Article,2021.0,13.0,12,"Mulero-Palencia, Sofia; Alvarez-Diaz, Sonia; Andres-Chicote, Manuel",,machine learning| artificial intelligence| BIM| IFC| deep renovation| design rules,,,,,,,,,,,,,,,,,,,,,,,,,,,,,
241,WOS:001069736400001,Multi-energy system smart tool for ecological water body restoration using an AI-based decision-making framework,10.2166/ws.2023.223,Article,2023.0,23.0,10,"Xu, Shu; Hsu, Ching-Hsien; Montenegro-Marin, Carlos Enrique",1606-9749,artificial intelligence| ecology| energy management| environment| internet of things| restoration| sustainability,,,,,,,,,,,,,,,,,,,,,,,,,,,,,
243,WOS:001375772100031,A Comprehensive Review of Energy Management Strategies in Hybrid Electric Vehicles: Comparative Analysis and Challenges,10.1109/ACCESS.2024.3509737,Article,2024.0,12.0,,"Tella, Vaishnavi Chandra; Alzayed, Mohamad; Chaoui, Hicham",2169-3536,Batteries| Fuels| Energy management| Dynamic programming| Hybrid electric vehicles| Engines| Electric motors| Optimization| Hybrid power systems| Combustion| Climate change| Energy management strategies| hybrid electric vehicles| plug-in hybrid| offline and online control strategies| rule-based| optimization-based| deep learning| reinforcement learning,,,,,,,,,,,,,,,,,,,,,,,,,,,,,
244,WOS:000865911900002,Do Perceptions of Hydrogen Energy Effect on Vehicle Preference? A Learning-Based Model Approach,10.1007/s12205-022-0227-x,Article,2023.0,27.0,2,"Kim, Woojin; Kim, Junghwa; Jang, Jeong Ah; Kim, Suk-Hee",1226-7988,e-Mobility| Machine learning| Hydrogen fuel| Risk perception| Psychometric analysis| Decision tree analysis,,,,,,,,,,,,,,,,,,,,,,,,,,,,,
246,WOS:000988152300001,AI-Enabled Energy Policy for a Sustainable Future,10.3390/su15097643,Article,2023.0,15.0,9,"Danish, Mir Sayed Shah; Senjyu, Tomonobu",,AI-enabled energy policy| sustainable energy| energy policies management| policy development process| energy techno-economic analysis| policy failure| machine-learning-enabled energy policy,,,,,,,,,,,,,,,,,,,,,,,,,,,,,
248,WOS:001152258600002,A Cognitive Medical Decision Support System for IoT-Based Human-Computer Interface in Pervasive Computing Environment,10.1007/s12559-023-10242-4,Article,2024.0,16.0,5,"Gou, Haosong; Zhang, Gaoyi; Medeiros, Elias Paulino; Jagatheesaperumal, Senthil Kumar; de Albuquerque, Victor Hugo C.",1866-9956,Medical| Decision support system| Human-computer interface| Pervasive computing| Internet of Things| Framework optimization,,,,,,,,,,,,,,,,,,,,,,,,,,,,,
249,WOS:001466562700001,"Explainable artificial intelligence for energy systems maintenance: A review on concepts, current techniques, challenges, and prospects",10.1016/j.rser.2025.115668,Article,2025.0,216.0,,"Shadi, Mohammad Reza; Mirshekali, Hamid; Shaker, Hamid Reza",1364-0321,Asset management| Causal AI| Fault diagnosis| Interpretable AI| Predictive maintenance| Prescriptive maintenance| Renewable energy,,,,,,,,,,,,,,,,,,,,,,,,,,,,,
250,WOS:001484150800002,Trust evaluation mechanism for data collection in smart cities,10.1007/s10791-025-09577-3,Article,2025.0,28.0,1,"Wang, Chengna; Zhang, Jiahao; Zhang, Sen; Wu, Xingze",2948-2984,Data collection| Trust evaluation| Smart city| Internet of things| Artificial intelligence,,,,,,,,,,,,,,,,,,,,,,,,,,,,,
252,WOS:000861747900006,Gamma/hadron separation with the HAWC observatory,10.1016/j.nima.2022.166984,Article,2022.0,1039.0,,"Alfaro, R.; Alvarez, C.; Alvarez, J. D.; Angeles Camacho, J. R.; Arteaga-Velazquez, J. C.; Avila Rojas, D.; Solares, H. A. Ayala; Babu, R.; Belmont-Moreno, E.; Brisbois, C.; Caballero-Mora, K. S.; Capistran, T.; Carraminana, A.; Casanova, S.; Chaparro-Amaro, O.; Cotti, U.; Cotzomi, J.; Coutino de Leon, S.; De la Fuente, E.; de Leon, C.; Diaz Hernandez, R.; Dingus, B. L.; DuVernois, M. A.; Durocher, M.; Diaz-Velez, J. C.; Ellsworth, R. W.; Engel, K.; Espinoza, C.; Fan, K. L.; Alonso, M. Fernandez; Fraija, N.; Garcia, D.; Garcia-Gonzalez, J. A.; Garfias, F.; Gonzalez, M. M.; Goodman, J. A.; Harding, J. P.; Hernandez, S.; Hona, B.; Huang, D.; Hueyotl-Zahuantitla, F.; Huntemeyer, P.; Iriarte, A.; Jardin-Blicq, A.; Joshi, V; Kaufmann, S.; Kunde, G. J.; Lara, A.; Lee, W. H.; Lee, J.; Leon Vargas, H.; Linnemann, J. T.; Luis-Raya, G.; Lundeen, J.; Malone, K.; Marandon, V; Martinez, O.; Martinez-Castro, J.; Matthews, J. A.; Miranda-Romagnoli, P.; Morales-Soto, J. A.; Nayerhoda, A.; Nellen, L.; Nisa, M. U.; Noriega-Papaqui, R.; Olivera-Nieto, L.; Omodei, N.; Peisker, A.; Perez Araujo, Y.; Perez-Perez, E. G.; Rho, C. D.; Rosa-Gonzalez, D.; Ruiz-Velasco, E.; Salazar, H.; Salesa Greus, F.; Sandoval, A.; Parkinson, P. M. Saz; Serna-Franco, J.; Smith, A. J.; Springer, R. W.; Tibolla, O.; Tollefson, K.; Torres, I; Torres-Escobedo, R.; Turner, R.; Urena-Mena, F.; Villasenor, L.; Wang, X.; Watson, I. J.; Werner, F.; Willox, E.; Wood, J.; Zepeda, A.; Zhou, H.",0168-9002,High energy| Crab Nebula| G/H separation| Machine Learning,,,,,,,,,,,,,,,,,,,,,,,,,,,,,
253,WOS:001265865000001,Effective combinations of features in predicting the range of incident ions using machine learning,10.1016/j.nimb.2024.165383,Article,2024.0,553.0,,"Minagawa, Hideaki; Tezuka, Tomoya; Tsuchida, Hidetsugu",0168-583X,Ion range| Machine learning,,,,,,,,,,,,,,,,,,,,,,,,,,,,,
254,WOS:001295971700001,Algorithm prediction of single particle irradiation effect based on novel TFETs,10.1088/1361-6528/ad6d73,Article,2024.0,35.0,45,"Chong, Chen; Liu, Hongxia; Wang, Shulong; Wang, Zexi",0957-4484,deep learning| stacked source trench gate tunnel FET (SSTGTFET)| single particle transient,,,,,,,,,,,,,,,,,,,,,,,,,,,,,
255,WOS:001529950500015,A hybrid fog-edge computing architecture for real-time health monitoring in IoMT systems with optimized latency and threat resilience,10.1038/s41598-025-09696-3,Article,2025.0,15.0,1,"Islam, Umar; Alatawi, Mohammed Naif; Alqazzaz, Ali; Alamro, Sulaiman; Shah, Babar; Moreira, Fernando",2045-2322,Fog computing| Edge computing| Internet of medical things (IoMT)| Latency reduction| Data security,,,,,,,,,,,,,,,,,,,,,,,,,,,,,
257,WOS:000629921400001,Prediction and Assessment of Rock Burst Using Various Meta-heuristic Approaches,10.1007/s42461-021-00415-w,Article,2021.0,38.0,3,"Shukla, Ramesht; Khandelwal, Manoj; Kankar, P. K.",2524-3462,Rock burst hazard| XGBoost| Decision tree| Support vector machine,,,,,,,,,,,,,,,,,,,,,,,,,,,,,
260,WOS:001297369000002,Intelligent Data Transfer Technique for 6G Cyber Physical Model Enabled Teaching System,10.1007/s11277-024-11219-8,"Article,Early Access",2024.0,,,"Wang, Zhaozhi; Wu, Yanni; Wang, Huanjun",0929-6212,Cloud to thing| Deep learning model| Sport injuries diagnosis| Internet of things (IoT)| Prediction,,,,,,,,,,,,,,,,,,,,,,,,,,,,,
261,WOS:001520477800001,Early Response Framework for Accident Detection and Prevention Through Multi-Zone Fog-Cloud Collaboration for Safety-Critical Applications,10.1002/spe.3439,Article,2025.0,55.0,9,"Mishra, Moumita; Ghosh, Soumya Kanti; Maitra, Bhargab; Buyya, Rajkumar",0038-0644,accident prediction| accident prone area| early response accident detection| energy efficiency| fog computing| machine learning| QGIS software,,,,,,,,,,,,,,,,,,,,,,,,,,,,,
263,WOS:000445217700003,Femur segmentation in DXA imaging using a machine learning decision tree,10.3233/XST-180399,Article,2018.0,26.0,5,"Hussain, Dildar; Al-antari, Mugahed A.; Al-masni, Mohammed A.; Han, Seung-Moo; Kim, Tae-Seong",0895-3996,Dual-energy X-ray absorptiometry (DXA)| osteoporosis| decision tree| segmentation| feature extraction| feature selection| non-local means filter| mathematical morphology,,,,,,,,,,,,,,,,,,,,,,,,,,,,,
264,WOS:000757389800001,A Data-Centric Machine Learning Methodology: Application on Predictive Maintenance of Wind Turbines,10.3390/en15030826,Article,2022.0,15.0,3,"Garan, Maryna; Tidriri, Khaoula; Kovalenko, Iaroslav",,wind turbines| predictive maintenance| supervisory control and data acquisition| decision tree| feature importance| high correlation filter| mutual information| principal component analysis| independent component analysis| Energias de Portugal,,,,,,,,,,,,,,,,,,,,,,,,,,,,,
265,WOS:000782212200001,Trade-Off Analysis of Hardware Architectures for Channel-Quality Classification Models,10.3390/s22072497,Article,2022.0,22.0,7,"Torres-Alvarado, Alan; Alberto Morales-Rosales, Luis; Algredo-Badillo, Ignacio; Lopez-Huerta, Francisco; Lobato-Baez, Mariana; Carlos Lopez-Pimentel, Juan",,machine learning| channel quality classification| hardware implementation| FPGA,,,,,,,,,,,,,,,,,,,,,,,,,,,,,
266,WOS:000862776000001,Digital twin and machine learning for decision support in thermal power plant with combustion engines,10.1016/j.knosys.2022.109578,Article,2022.0,253.0,,"Deon, B.; Cotta, K. P.; Silva, R. F. V.; Batista, C. B.; Justino, G. T.; Freitas, G. C.; Cordeiro, A. M.; Barbosa, A. S.; Loucao Jr, F. L.; Simioni, T.; Morais, A. M.; Medeiros, I. E. A.; Almeida, R. J. S.; Araujo Jr, C. A. A.; Soares, C.; Padoin, N.",0950-7051,Digital twin| Machine learning| Predictive maintenance| Thermal power plant| Decision support,,,,,,,,,,,,,,,,,,,,,,,,,,,,,
267,WOS:000884204000001,Intelligent Control of Groundwater in Slopes with Deep Reinforcement Learning,10.3390/s22218503,Article,2022.0,22.0,21,"Biniyaz, Aynaz; Azmoon, Behnam; Liu, Zhen",,deep reinforcement learning| Deep Q-Network| landslide| intelligent control| seepage analysis| slope stability analysis,,,,,,,,,,,,,,,,,,,,,,,,,,,,,
269,WOS:001204091200001,Zero-touch networks: Towards next-generation network automation,10.1016/j.comnet.2024.110294,Article,2024.0,243.0,,"El Rajab, Mirna; Yang, Li; Shami, Abdallah",1389-1286,ZSM| 5G+networks| Network optimization| Network security| Traffic control| AutoML,,,,,,,,,,,,,,,,,,,,,,,,,,,,,
270,WOS:001270210900001,Advanced predictive maintenance and fault diagnosis strategy for enhanced HVAC efficiency in buildings,10.1016/j.applthermaleng.2024.123910,Article,2024.0,254.0,,"Es-sakali, Niima; Zoubir, Zineb; Kaitouni, Samir Idrissi; Mghazli, Mohamed Oualid; Cherkaoui, Moha; Pfafferott, Jens",1359-4311,Variable refrigerant flow| Predictive maintenance| Fault detection and diagnosis| Refrigerant leakage| Noise reduction models| Building Environment,,,,,,,,,,,,,,,,,,,,,,,,,,,,,
272,WOS:001627132300004,Embedding Intelligence at the Sensor: Naïve Bayes Classifier for Real-Time Fault Diagnosis in Resource-Constrained WSNs,10.3991/ijoe.v21i13.57727,Article,2025.0,21.0,13,"Aitamar, Yassine; Oubaha, Jawad; El Abbadi, Jamal",,wireless sensor network (WSNs)| Internet of Things (IoT)| machine learning (ML)| fault| detection and classification| real-time| Na & iuml;ve Bayes (NB) classifier,,,,,,,,,,,,,,,,,,,,,,,,,,,,,
273,WOS:000817839700001,A node pairing approach to secure the Internet of Things using machine learning,10.1016/j.jocs.2022.101718,Article,2022.0,62.0,,"Ahmad, Usman",1877-7503,Internet of Things (IoT)| Security attacks| Machine learning| Sensor nodes| Wireless Sensor Networks (WSNs),,,,,,,,,,,,,,,,,,,,,,,,,,,,,
274,WOS:001586165400001,Integrating blockchain and iot with advanced predictive modeling for energy efficient urban transportation systems,10.1016/j.suscom.2025.101208,Article,2025.0,48.0,,"Tripathy, Jyotsnarani; Kaliappan, M.; Chellathevar, Gnana Kousalya; Raj, J. Relin Francis; Shanmugasundaram, Ravivarman; Alagarsamy, Manjunathan; Nancy, S. Patricia; Algahtani, Ali",2210-5379,IoT| Blockchain| Urban transportation| Energy efficiency| EV charging| Traffic optimization| Machine learning,,,,,,,,,,,,,,,,,,,,,,,,,,,,,
275,WOS:001055689100001,Exploration of potential geothermal fields using MAXENT and AHP: A case study of the Buyuk Menderes Graben,10.1016/j.geothermics.2023.102792,Article,2023.0,114.0,,"Yalcin, Mustafa; Sari, Fatih; Yildiz, Ahmet",0375-6505,Geothermal exploration| GIS| Maxent| AHP| Buyuk Menderes Graben,,,,,,,,,,,,,,,,,,,,,,,,,,,,,
276,WOS:001087345900001,Machine learning based hosting capacity determination methodology for low voltage distribution networks,10.1049/gtd2.12933,Article,2024.0,18.0,5,"Qammar, Naveed; Arshad, Ammar; Miller, Robert John; Mahmoud, Karar; Lehtonen, Matti",1751-8687,distributed power generation| distribution planning and operation,,,,,,,,,,,,,,,,,,,,,,,,,,,,,
278,WOS:001357568200001,Comprehensive study on building chiller fault feature and diagnosis using hybrid CNN,10.1080/23744731.2024.2402200,Article,2025.0,31.0,1,"Han, Hua; Gao, Jiaqing; Gu, Bo; Ren, Zhengxiong",2374-4731,,,,,,,,,,,,,,,,,,,,,,,,,,,,,,
279,WOS:000451597100006,"Naturalness, the hyperbolic branch, and prospects for the observation of charged Higgs bosons at high luminosity LHC and 27 TeV LHC",10.1103/PhysRevD.98.095024,Article,2018.0,98.0,9,"Aboubrahim, Amin; Nath, Pran",2470-0010,,,,,,,,,,,,,,,,,,,,,,,,,,,,,,
280,WOS:001174942400003,Privacy preserved and decentralized thermal comfort prediction model for smart buildings using federated learning,10.7717/peerj-cs.1899,Article,2024.0,10.0,,"Abbas, Sidra; Alsubai, Shtwai; Sampedro, Gabriel Avelino; Abisado, Mideth; Almadhor, Ahmad; Kim, Tai-hoon",,,,,,,,,,,,,,,,,,,,,,,,,,,,,,,
281,WOS:000785078200001,Comparison and Determination of Optimal Machine Learning Model for Predicting Generation of Coal Fly Ash,10.3390/cryst12040556,Article,2022.0,12.0,4,"Qi, Chongchong; Wu, Mengting; Lu, Xiang; Zhang, Qinli; Chen, Qiusong",,CFA| generation| machine learning| multiple linear regression| sensitivity analysis| utilization,,,,,,,,,,,,,,,,,,,,,,,,,,,,,
282,WOS:001183178300001,A new method applied for explaining the landing patterns: Interpretability analysis of machine learning,10.1016/j.heliyon.2024.e26052,Article,2024.0,10.0,4,"Xu, Datao; Zhou, Huiyu; Quan, Wenjing; Ugbolue, Ukadike Chris; Gusztav, Fekete; Gu, Yaodong",,Landing pattern recognition| Clinical diagnosis| Biomechanics| Explainable machine learning| Layer -wise relevance propagation,,,,,,,,,,,,,,,,,,,,,,,,,,,,,
283,WOS:000933619800014,Patients With Femoral Neck Fractures Are at Risk for Conversion to Arthroplasty After Internal Fixation: A Machine-learning Algorithm,10.1097/CORR.0000000000002283,Article,2022.0,480.0,12,"van de Kuit, Anouk; Oosterhoff, Jacobien H. F.; Dijkstra, Hidde; Sprague, Sheila; Bzovsky, Sofia; Bhandari, Mohit; Swiontkowski, Marc; Schemitsch, Emil H. H.; IJpma, Frank F. A.; Poolman, Rudolf W. W.; Doornberg, Job N. N.; Hendrickx, Laurent A. M.",0009-921X,,,,,,,,,,,,,,,,,,,,,,,,,,,,,,
284,WOS:000939013400001,Characterisation of Composite Materials for Wind Turbines Using Frequency Modulated Continuous Wave Sensing,10.3390/jcs7020075,Article,2023.0,7.0,2,"Tang, Wenshuo; Blanche, Jamie; Mitchell, Daniel; Harper, Samuel; Flynn, David",2504-477X,non-destructive evaluation| FMCW| sensing| composite materials| wind turbine blades,,,,,,,,,,,,,,,,,,,,,,,,,,,,,
285,WOS:001070493500001,"Machine learning-powered, device-embedded heart sound measurement can optimize AV delay in patients with CRT",10.1016/j.hrthm.2023.05.025,Article,2023.0,20.0,9,"Westphal, Philip; Luo, Hongxing; Shahmohammadi, Mehrdad; Prinzen, Frits W.; Delhaas, Tammo; Cornelussen, Richard N.",1547-5271,Heart sounds| Hemodynamics| Clinical study| Cardiac resynchronization therapy| Artificial intelligence| Machine learning| Remote monitoring,,,,,,,,,,,,,,,,,,,,,,,,,,,,,
286,WOS:001149042200001,Machine Learning-Based Automated Fault Detection and Diagnostics in Building Systems,10.3390/en17020529,Article,2024.0,17.0,2,"Nelson, William; Dieckert, Christopher",,fault detection| fault diagnosis| machine learning| building systems| HVAC| commercial building| case study,,,,,,,,,,,,,,,,,,,,,,,,,,,,,
288,WOS:001248619700001,A trust distributed learning (D-NWDAF) against poisoning and byzantine attacks in B5G networks,10.1002/spy2.406,Article,2024.0,7.0,5,"Ben Saad, Sabra",2475-6725,5G and beyond| byzantine attack| D-NWDAF| energy efficiency| explainable artificial intelligence| federated deep learning| flipping attack| inter-slice attacks| optimized client selection| poisoning attacks,,,,,,,,,,,,,,,,,,,,,,,,,,,,,
289,WOS:001570452600001,Unveiling the Influence of Water Vacancy Defects on Mechanical Properties of Methane Hydrates: A Molecular Dynamics and Machine Learning Study,10.1002/pssr.202500254,"Article,Early Access",2025.0,,,"Shi, Xiaoyu; Li, Yuan; Qu, Yongxiao; Xiong, Kaibin; Fu, Yuequn; Zhang, Zhisen; Wu, Jianyang",1862-6254,machine learning| mechanical properties| methane hydrates| molecular dynamics| water vacancies,,,,,,,,,,,,,,,,,,,,,,,,,,,,,
290,WOS:001570481500044,A Multi-Criteria Framework for Selecting Machine Learning Techniques for Industrial Fault Prognosis,10.1109/ACCESS.2025.3604754,Article,2025.0,13.0,,"Michalski, Miguel A. De C.; Murad, Carlos A.; Kashiwagi, Fabio N.; De Souza, Gilberto F. M.; Da Silva, Halley J. B.; Cortes, Hyghor M.",2169-3536,Prognostics and health management| Degradation| Adaptation models| Maintenance| Machine learning| Decision making| Fault diagnosis| Computational modeling| Surveys| Predictive models| Evaluation methods| industrial systems| machine learning| predictive maintenance| prognostics| remaining life assessment,,,,,,,,,,,,,,,,,,,,,,,,,,,,,
291,WOS:001612591300001,Crashworthiness Prediction of Perforated Foam-Filled CFRP Rectangular Tubes Crash Box Using Machine Learning,10.3390/polym17212887,Article,2025.0,17.0,21,"Junaedi, Harri; Akkad, Khaled; Khan, Tabrej; Abd El-baky, Marwa A.; Awd Allah, Mahmoud M.; Sebaey, Tamer A.",,hybrid structures| thin-walled structure| crushing test| energy absorption| regression algorithm,,,,,,,,,,,,,,,,,,,,,,,,,,,,,
292,WOS:000683455900001,Data-driven operation of the resilient electric grid: A case of COVID-19,10.1049/tje2.12065,Article,2021.0,2021.0,11,"Noorazar, H.; Srivastava, A.; Pannala, S.; Sadanandan, Sajan K.",,,,,,,,,,,,,,,,,,,,,,,,,,,,,,,
295,WOS:001407831700001,Co-optimization of Demand Response Aggregators and distribution system operator for resilient operation using machine learning based wind generation forecasting: A bilevel approach,10.1016/j.ijepes.2024.110399,Article,2025.0,164.0,,"Aghdam, Farid Hamzeh; Zavodovski, Aleksandr; Adetunji, Adeleye; Rasti, Mehdi; Pongracz, Eva; Javadi, Mohammad Sadegh; Catalao, Joao P. S.",0142-0615,Demand Response Aggregator| Resilience| Day-ahead operation| Consumer participation| Bilevel optimization| Long short-term memory| Machine learning| Forecasting,,,,,,,,,,,,,,,,,,,,,,,,,,,,,
296,WOS:001449792400001,Application of Deep Learning and Fuzzy Decision Support System in Residence Right Management,10.1007/s40815-024-01917-7,Article,2025.0,27.0,8,"Fu, Liling",1562-2479,Residence right management| Resource allocation| Security| Deep learning| Fuzzy decision support systems| Convolutional neural networks| Recurrent neural networks,,,,,,,,,,,,,,,,,,,,,,,,,,,,,
297,WOS:001014567600001,Deeppipe: Theory-guided prediction method based automatic machine learning for maximum pitting corrosion depth of oil and gas pipeline,10.1016/j.ces.2023.118927,Article,2023.0,278.0,,"Du, Jian; Zheng, Jianqin; Liang, Yongtu; Xu, Ning; Liao, Qi; Wang, Bohong; Zhang, Haoran",0009-2509,Maximum pitting corrosion depth prediction| Feature engineering| Theory-guided data science| Automatic machine learning,,,,,,,,,,,,,,,,,,,,,,,,,,,,,
298,WOS:000900097700006,A neural network-based production process modeling and variable importance analysis approach in corn to sugar factory,10.1007/s11705-022-2190-y,Article,2023.0,17.0,3,"Tong, Yi; Shu, Mou; Li, Mingxin; Liu, Yingwei; Tao, Ran; Zhou, Congcong; Zhao, You; Zhao, Guoxing; Li, Yi; Dong, Yachao; Zhang, Lei; Liu, Linlin; Du, Jian",2095-0179,big data| corn to sugar factory| neural network| variable importance analysis,,,,,,,,,,,,,,,,,,,,,,,,,,,,,
299,WOS:000355359900023,Failure mode prediction and energy forecasting of PV plants to assist dynamic maintenance tasks by ANN based models,10.1016/j.renene.2015.03.023,Article,2015.0,81.0,,"Olivencia Polo, Fernando A.; Ferrero Bermejo, Jesus; Gomez Fernandez, Juan F.; Crespo Marquez, Adolfo",0960-1481,Renewable energy| Maintenance| Condition based maintenance| Artificial neural network| Proportional Weibull reliability,,,,,,,,,,,,,,,,,,,,,,,,,,,,,
300,WOS:000382706900006,Stochastic RUL Calculation Enhanced With TDNN-Based IGBT Failure Modeling,10.1109/TR.2015.2499960,Article,2016.0,65.0,2,"Alghassi, Alireza; Perinpanayagam, Suresh; Samie, Mohammad",0018-9529,Insulated gate bipolar transistor (IGBT)| power electronics| prognostics| probability distribution function| remaining useful life (RUL)| time-delay neural network,,,,,,,,,,,,,,,,,,,,,,,,,,,,,
301,WOS:000501154900004,Identification of Most Significant Parameter of Impact of Climate Change and Urbanization on Operational Efficiency of Hydropower Plant,10.4018/IJEOE.2019070103,Article,2019.0,8.0,3,"Majumder, Priyanka; Saha, Apu Kumar",2160-9500,Climate Change| Hydro Turbine| Hydropower Plant| Neural Network| Urbanization,,,,,,,,,,,,,,,,,,,,,,,,,,,,,
302,WOS:000528625000009,Real-time monitoring of power production in modular hydropower plant: most significant parameter approach,10.1007/s10668-019-00369-6,Article,2020.0,22.0,5,"Majumder, Priyanka; Majumder, Mrinmoy; Saha, Apu Kumar",1387-585X,Real-time monitoring| Power production| Hydropower plant| MCDM,,,,,,,,,,,,,,,,,,,,,,,,,,,,,
303,WOS:000541497100003,AN ARTIFICIAL NEURAL NETWORK MODEL SUPPORTED WITH MULTI CRITERIA DECISION MAKING APPROACHES FOR MAINTENANCE PLANNING IN HYDROELECTRIC POWER PLANTS,10.17531/ein.2020.3.3,Article,2020.0,22.0,3,"Ozcan, Evrencan; Danisan, Tugba; Yumusak, Rabia; Eren, Tamer",1507-2711,Artificial neural networks| hydroelectric power plants| failure period estimation| maintenance planning| AHP| TOPSIS,,,,,,,,,,,,,,,,,,,,,,,,,,,,,
304,WOS:000555188400001,Neural networks and statistical decision making for fault diagnosis of PM linear synchronous machines,10.1080/00207721.2020.1792579,Article,2020.0,51.0,12,"Rigatos, G.; Zervos, N.; Abbaszadeh, M.; Siano, P.; Serpanos, D.; Siadimas, V.",0020-7721,Permanent magnet linear synchronous machines| Gauss-Hermite neural networks| residuals sequence| chi(2) distribution| statistical fault diagnosis,,,,,,,,,,,,,,,,,,,,,,,,,,,,,
305,WOS:000670108200008,Fault diagnosis in a hydraulic directional valve using a two-stage multi-sensor information fusion,10.1016/j.measurement.2021.109460,Article,2021.0,179.0,,"Shi, Jinchuan; Yi, Jiyan; Ren, Yan; Li, Yong; Zhong, Qi; Tang, Hesheng; Chen, Leiqing",0263-2241,Internal fault diagnosis| Hydraulic directional valve| Multi-sensor information fusion| Two-stage information fusion,,,,,,,,,,,,,,,,,,,,,,,,,,,,,
307,WOS:000798845500001,Hybrid data-driven and model-informed online tool wear detection in milling machines,10.1016/j.jmsy.2022.04.001,Article,2022.0,63.0,,"Yang, Qian; Pattipati, Krishna R.; Awasthi, Utsav; Bollas, George M.",0278-6125,Online anomaly detection| Hybrid Physics-based and Machine Learning| Models| Decision tree| Neural network| Cumulative sum test,,,,,,,,,,,,,,,,,,,,,,,,,,,,,
308,WOS:000813585000001,Enhance data availability and network consistency using artificial neural network for IoT,10.1007/s11042-022-13337-6,"Article,Early Access",2022.0,,,"Tabassum, Mujahid; Perumal, Sundresan; Kashem, Saad Bin Abdul; Ponnan, Suresh; Chakraborty, Chinmay; Chowdhury, Muhammad E. H.; Khandakar, Amith",1380-7501,Artificial Neural Network| Cluster base network| Wireless Sensor Network| Data aggregation| Decision tree algorithm| On-demand routing protocol,,,,,,,,,,,,,,,,,,,,,,,,,,,,,
309,WOS:000880372600001,Estimation of failure probability of wave energy farms by group method of data handling: An indian scenario,10.3389/fenrg.2022.1009987,Article,2022.0,10.0,,"Ghosh, Soumya; Majumder, Mrinmoy; Mohammed, Omar Hazem; Bajaj, Mohit; Singh, Arvind R.; Kamel, Salah",2296-598X,wave energy farm| GMDH| fuzzy| AHP| ANP,,,,,,,,,,,,,,,,,,,,,,,,,,,,,
310,WOS:000969507900001,"QSAR modeling and molecular docking studies of 2-oxo-1, 2-dihydroquinoline-4-carboxylic acid derivatives as p-glycoprotein inhibitors for combating cancer multidrug resistance",10.1016/j.heliyon.2023.e13020,Article,2023.0,9.0,1,"Lahyaoui, M.; Diane, A.; El-Idrissi, H.; Saffaj, T.; Rodi, Y. Kandri; Ihssane, B.",,QSAR| Quinoline| PCA| Machine learning| Deep learning| Molecular docking,,,,,,,,,,,,,,,,,,,,,,,,,,,,,
312,WOS:001056465900001,Towards Sustainable Energy Grids: A Machine Learning-Based Ensemble Methods Approach for Outages Estimation in Extreme Weather Events,10.3390/su151612622,Article,2023.0,15.0,16,"Alhaddad, Ulaa; Basuhail, Abdullah; Khemakhem, Maher; Eassa, Fathy Elbouraey; Jambi, Kamal",,extreme events| resilience| energy management resilience| ensemble methods,,,,,,,,,,,,,,,,,,,,,,,,,,,,,
313,WOS:001056395900001,Analysis of Vibration Signals Based on Machine Learning for Crack Detection in a Low-Power Wind Turbine,10.3390/e25081188,Article,2023.0,25.0,8,"Rangel-Rodriguez, Angel H.; Granados-Lieberman, David; Amezquita-Sanchez, Juan P.; Bueno-Lopez, Maximiliano; Valtierra-Rodriguez, Martin",,ANOVA| blades| cracks| k-nearest neighbors| machine learning| statistical features| vibrations| wind turbines,,,,,,,,,,,,,,,,,,,,,,,,,,,,,
314,WOS:001106857500004,Data-driven based fracture prediction of notched components,10.1098/rsta.2022.0397,Article,2024.0,382.0,2264,"Talebi, Hossein; Bahrami, Bahador; Daneshfar, Mohammad; Bagherifard, Sara; Ayatollahi, Majid R.",1364-503X,machine learning| neighbourhood component analysis| Gaussian process regression| decision tree ensemble| artificial neural network,,,,,,,,,,,,,,,,,,,,,,,,,,,,,
315,WOS:001164608900003,A QoS-Aware Technique for Computation Offloading in IoT-Edge Platforms Using a Convolutional Neural Network and Markov Decision Process,10.1109/MITP.2022.3217886,Article,2023.0,25.0,1,"Heidari, Arash; Jamali, Mohammad Ali Jabraeil; Navimipour, Nima Jafari; Akbarpour, Shahin",1520-9202,Energy consumption| Transfer learning| Reinforcement learning| Quality of service| Markov processes| Batteries| Delays,,,,,,,,,,,,,,,,,,,,,,,,,,,,,
316,WOS:001227612600001,Design of a Hybrid Meta-Heuristic Optimizer for Modelling a Multi-Level Inverter,10.1166/jno.2024.3607,Article,2023.0,19.0,6,"Choudary, V. Bharath; Kavithamani, A.",1555-130X,Optimizer| Multi-Level Inverter| Features| Particle Swarm and Firefly,,,,,,,,,,,,,,,,,,,,,,,,,,,,,
317,WOS:001311294700001,A Novel Proposal in Wind Turbine Blade Failure Detection: An Integrated Approach to Energy Efficiency and Sustainability,10.3390/app14178090,Article,2024.0,14.0,17,"Abarca-Albores, Jordan; Cabrera, Danna Cristina Gutierrez; Salazar-Licea, Luis Antonio; Ruiz-Robles, Dante; Franco, Jesus Alejandro; Perea-Moreno, Alberto-Jesus; Munoz-Rodriguez, David; Hernandez-Escobedo, Quetzalcoatl",,wind turbine| artificial intelligence| blade failures| energy| sustainability| Orange Data Mining,,,,,,,,,,,,,,,,,,,,,,,,,,,,,
318,WOS:001596864800045,Improving Power Grid Disaster Resilience Through Predictive Analytics Based on Data-Driven Photovoltaic Power Plant and Distribution Network Power Forecasting,10.1109/ACCESS.2025.3611104,Article,2025.0,13.0,,"Li, Zhipeng; Liu, Shaobo; Liu, Guoliang",2169-3536,Forecasting| Predictive models| Resilience| Load modeling| Disasters| Power grids| Real-time systems| Adaptation models| Distribution networks| Predictive analytics| Power grid resilience| predictive analytics| photovoltaic power plants| distribution network| machine learning,,,,,,,,,,,,,,,,,,,,,,,,,,,,,
319,WOS:001609155200001,Locking of dendrites in potassium metal batteries: A potassiophilic 3D host discovered with machine learning screening,10.1016/j.cej.2025.169977,Article,2025.0,525.0,,"Park, Jimin; Jeong, Min-Gi; Alfaruqi, Muhammad Hilmy; Kurniawan, Muhamad; Xiong, Shizhao; Kansara, Shivam; Kim, Hyerim; Park, Hyeona; Kim, Jaekook; Lee, Chan-Woo; Jung, Hun-Gi; Hwang, Jang-Yeon",1385-8947,K-metal| Machine learning| Potassiophilic| Cu host structure| CuO,,,,,,,,,,,,,,,,,,,,,,,,,,,,,
320,WOS:000823018200010,A multi-rate sampling PMU-based event classification in active distribution grids with spectral graph neural network,10.1016/j.epsr.2022.108145,Article,2022.0,211.0,,"MansourLakouraj, Mohammad; Gautam, Mukesh; Livani, Hanif; Benidris, Mohammed",0378-7796,Distribution grids| Event classification| Region| location identification| Graph neural network (GNN)| Multi-rate sampling PMUs,,,,,,,,,,,,,,,,,,,,,,,,,,,,,
322,WOS:001485538300001,Career development paths and innovation entrepreneurship research for students in clean energy majors in the context of new energy development,10.1007/s11761-025-00461-y,"Article,Early Access",2025.0,,,"Yin, Yanling; Zhang, Fei",1863-2386,Career development| Renewable energy| Innovation| Entrepreneurship research,,,,,,,,,,,,,,,,,,,,,,,,,,,,,
323,WOS:001428067700009,Model-Free Self-Supervised Learning for Dispatching Distributed Energy Resources,10.1109/TSG.2024.3471492,Article,2025.0,16.0,2,"Chen, Ge; Qin, Junjie; Zhang, Hongcai",1949-3053,Computational modeling| Training| Batteries| Impedance| Topology| Distributed power generation| Costs| Renewable energy sources| Imitation learning| Network topology| Distributed energy resources| model-free| self-supervised learning| distribution networks| power dispatch,,,,,,,,,,,,,,,,,,,,,,,,,,,,,
325,WOS:000638261300003,Using Artificial Intelligence in Mining Excavators: Automating Routine Operational Decisions,10.1109/MIE.2020.2964053,Article,2021.0,15.0,1,"Ramezani, Mahdi; Tafazoli, Shahram",1932-4529,Mining industry| Safety| Intelligent sensors| Artificial neural networks| Cameras| Fuel processing industries| Real-time systems| Artificial intelligence| Energy efficiency| Excavation,,,,,,,,,,,,,,,,,,,,,,,,,,,,,
326,WOS:000755357300001,SCADA-Compatible and Scaleable Visualization Tool for Corrosion Monitoring of Offshore Wind Turbine Structures,10.3390/app12031762,Article,2022.0,12.0,3,"Verhelst, Joachim; Coudron, Inge; Ompusunggu, Agusmian Partogi",,SCADA| visualisation| software| wind-turbine| windfarm| cross-platform| HMI| GUI| corrosion| monitoring,,,,,,,,,,,,,,,,,,,,,,,,,,,,,
327,WOS:000842539200001,Automated Question-Answering for Interactive Decision Support in Operations & Maintenance of Wind Turbines,10.1109/ACCESS.2022.3197167,Article,2022.0,10.0,,"Chatterjee, Joyjit; Dethlefs, Nina",2169-3536,Wind turbines| Natural languages| Question answering (information retrieval)| Predictive models| Maintenance engineering| Data models| Transformers| Decision support systems| Knowledge engineering| Wind energy| Deep learning| Decision support| artificial intelligence| interactive systems| wind energy| questionanswering| knowledge graphs| formal language generation| deep learning,,,,,,,,,,,,,,,,,,,,,,,,,,,,,
329,WOS:001087487500001,Automated Fixing Cost Estimation of Photovoltaic System Failures for the Creation of a Decision Support System,10.1002/solr.202300562,Article,2023.0,7.0,23,"Gallmetzer, Sandra; Lindig, Sascha; Herz, Magnus; Moser, David",2367-198X,data analytics| fault detection| photovoltaics| photovoltaic (PV) system maintenance| solutions,,,,,,,,,,,,,,,,,,,,,,,,,,,,,
331,WOS:001573158000001,Integrated quay crane and automated guided vehicle scheduling with charging decisions,10.1080/0305215X.2025.2543277,"Article,Early Access",2025.0,,,"Duan, Yating; Ren, Hongxiang; Rodrigues, Filipe; Meng, Yao; Wang, Delong; Sun, Jian",0305-215X,Automated container terminal| integrated scheduling| AGVs| charging decisions| energy consumption,,,,,,,,,,,,,,,,,,,,,,,,,,,,,
332,WOS:001584382100007,Mathematical modeling of electrode motion control in an electric arc furnace based on fuzzy logic,10.18799/24131830/2025/9/5150,Article,2025.0,336.0,9,"Rakhmonov, I. U.; Korjobova, M. F.; Ushakov, V. Ya.; Hoshimov, F. A.",2500-1019,electric steelmaking| energy efficiency| fuzzy logic| electrode movement| intelligent control| mathematical model-ing| defuzzification| arc length,,,,,,,,,,,,,,,,,,,,,,,,,,,,,
335,WOS:000519949500006,Human Behavior Aware Energy Management in Residential Cyber-Physical Systems,10.1109/TETC.2017.2680322,Article,2020.0,8.0,1,"Aksanli, Baris; Rosing, Tajana Simunic",2168-6750,Home appliances| Energy consumption| Buildings| Human factors| Energy management| Cyber-physical systems| Computational modeling| Internet of things| cyber-physical systems| user behavior| user flexibility| residential energy| energy scheduling,,,,,,,,,,,,,,,,,,,,,,,,,,,,,
336,WOS:001264873600001,Enhancing intelligent transport systems: A cutting-edge framework for context-aware service management with hybrid deep learning,10.1016/j.simpat.2024.102979,Article,2024.0,135.0,,"Nagappan, G.; Maheswari, K. G.; Siva, C.",1569-190X,Smart intelligent transport| Context -aware service| Emergency alert| Data gathering| Incident detection,,,,,,,,,,,,,,,,,,,,,,,,,,,,,
338,WOS:001269259100001,Autonomous UAV Exploration and Mapping in Uncharted Terrain Through Boundary-Driven Strategy,10.1109/ACCESS.2024.3422834,Article,2024.0,12.0,,"Coelho, Fabricio O.; Pinto, Milena Faria; Biundini, Iago Z.; Castro, Gabriel G. R.; Andrade, Fabio A. A.; Marcato, Andre L. M.",2169-3536,Navigation| Three-dimensional displays| Drones| Autonomous aerial vehicles| YOLO| Real-time systems| Decision making| Autonomous systems| Deep learning| Terrain mapping| Autonomous missions| exploration| deep learning| unpredictable terrain| UAV,,,,,,,,,,,,,,,,,,,,,,,,,,,,,
339,WOS:001311737700001,A New Approach to Detect Driver Distraction to Ensure Traffic Safety and Prevent Traffic Accidents: Image Processing and MCDM,10.3390/su16177642,Article,2024.0,16.0,17,"Alemdar, Kadir Diler; Codur, Muhammed Yasin",,traffic safety| driver distraction| AHP| YOLOv8| traffic accidents| sustainable development goals,,,,,,,,,,,,,,,,,,,,,,,,,,,,,
340,WOS:000912730600001,Deep Learning on Energy Harvesting IoT Devices: Survey and Future Challenges,10.1109/ACCESS.2022.3225092,Article,2022.0,10.0,,"Lv, Mingsong; Xu, Enyu",2169-3536,Deep learning| Pollution| Green products| Software| Batteries| Internet of Things| Energy harvesting| DNN inference| energy harvesting| IoT devices| embedded systems,,,,,,,,,,,,,,,,,,,,,,,,,,,,,
341,WOS:000996894100001,"A green, secure, and deep intelligent method for dynamic IoT-edge-cloud offloading scenarios",10.1016/j.suscom.2023.100859,Article,2023.0,38.0,,"Heidari, Arash; Navimipour, Nima Jafari; Jamali, Mohammad Ali Jabraeil; Akbarpour, Shahin",2210-5379,Green Offloading| Deep Learning| IoT| Smart Edge| Blockchain,,,,,,,,,,,,,,,,,,,,,,,,,,,,,
342,WOS:001283761500001,Reliability-Critical Computation Offloading in UAV Swarms,10.1109/JSYST.2024.3432449,Article,2024.0,18.0,4,"Rahbari, Dadmehr; Ahmed, Foisal; Jenihhin, Maksim; Alam, Muhammad Mahtab; Le Moullec, Yannick",1932-8184,Autonomous aerial vehicles| Reliability| Task analysis| Energy consumption| Computational modeling| Collaboration| Signal to noise ratio| Bayesian network (BN)| fault-tolerant| federated learning (FL)| multiantenna communication| reliable offloading| UAV swarm,,,,,,,,,,,,,,,,,,,,,,,,,,,,,
343,WOS:001427697100001,Robust deep learning model combined with missing input data estimation: Application in a 1000 m<SUP>3</SUP>/day high-salinity SWRO plant,10.1016/j.desal.2025.118678,Article,2025.0,603.0,,"Moon, Jeongwoo; Jeong, Kwanho; Chae, Sung Ho; Shim, Jaegyu; Kim, Jihye; Cho, Kyung Hwa; Park, Kiho",0011-9164,Reverse osmosis| Deep learning| Non-autoregressive multiresolution imputation| Explainable AI| Shapley additive explanations,,,,,,,,,,,,,,,,,,,,,,,,,,,,,
344,WOS:001238553800002,Deep learning-based fuzzy decision support system-based fault diagnosis of wind turbine generators in electrical machines,10.1007/s00202-024-02426-4,Article,2025.0,107.0,1,"Pang, Wei; Xu, Kangming; Wu, Qingyuan; Wang, Chenyue; Li, Jingyue; Yin, Nan",0948-7921,Deep learning| Fault diagnosis| Fuzzy optimization| Wind turbine| Decision support system| Frequency harmonics| Rotor operations,,,,,,,,,,,,,,,,,,,,,,,,,,,,,
347,WOS:001286079400001,Sample-by-sample Power Quality Disturbance classification based on Sliding Window Recursive Discrete Fourier Transform,10.1016/j.epsr.2024.110607,Article,2024.0,235.0,,"Rodrigues, Luiz Fernando A.; Monteiro, Henrique L. M.; Ferreira, Danton D.; Barbosa, Bruno H. G.; Carlos, A. R.; Duque, Carlos A.",0378-7796,Electric Power Systems| Multi-class classification| Power Quality| Sample-by-sample parameter estimation| Smart grids,,,,,,,,,,,,,,,,,,,,,,,,,,,,,
351,WOS:000713396900004,A theoretical framework for data-driven artificial intelligence decision making for enhancing the asset integrity management system in the oil & gas sector,10.1016/j.jlp.2021.104648,"Article,Proceedings Paper",2022.0,74.0,,"Sattari, Fereshteh; Lefsrud, Lianne; Kurian, Daniel; Macciotta, Renato",0950-4230,Process safety| Asset integrity management| Incident data| Bayesian network| Machine learning| Keyword analysis,,,,,,,,,,,,,,,,,,,,,,,,,,,,,
352,WOS:001091324000001,Trends in marine pollution mitigation technologies: Scientometric analysis of published literature (1990-2022),10.1016/j.rsma.2023.103156,Article,2023.0,66.0,,"Anthony, Damsara; Siriwardana, Hasitha; Ashvini, Sanduni; Pallewatta, Shiran; Samarasekara, Sameera Maduranga; Edirisinghe, Sampath; Vithanage, Meththika",2352-4855,SCOPUS| Keyword networks| Artificial intelligence and machine learning| Marine pollution| Bibliometric analysis,,,,,,,,,,,,,,,,,,,,,,,,,,,,,
354,WOS:000809896400001,Artificial Intelligence Decision Support System Based on Artificial Neural Networks to Predict the Commercialization Time by the Evolution of Peach Quality,10.3390/electronics10192394,Article,2021.0,10.0,19,"Ananias, Estevao; Gaspar, Pedro D.; Soares, Vasco N. G. J.; Caldeira, Joao M. L. P.",2079-9292,peach| physical-chemical parameters| refrigeration environment| quality| retail| artificial intelligence decision support system| smart cities,,,,,,,,,,,,,,,,,,,,,,,,,,,,,
355,WOS:001192986600001,Is Artificial Intelligence Really More Accurate in Predicting Bankruptcy?,10.3390/ijfs12010008,Article,2024.0,12.0,1,"Letkovsky, Stanislav; Jencova, Sylvia; Vasanicova, Petra",2227-7072,bankruptcy| prediction| logistic regression| artificial intelligence| artificial neural networks| support vector machine| decision tree,,,,,,,,,,,,,,,,,,,,,,,,,,,,,
360,WOS:001583073000001,A fragment-aware model for novel psychoactive substances analysis with uncertainty quantification,10.1016/j.jpba.2025.117132,Article,2026.0,267.0,,"Liu, Pengfei; Guo, Jing; Xie, Jun; Li, Liang; Tao, Jun",0731-7085,Deep learning| Novel psychoactive substances| Forensic toxicology| Chemical Language Model,,,,,,,,,,,,,,,,,,,,,,,,,,,,,
361,WOS:000817630900001,Development to Emergency Evacuation Decision Making in Hazardous Materials Incidents Using Machine Learning,10.3390/pr10061046,Article,2022.0,10.0,6,"Phark, Chuntak; Kim, Shineui; Jung, Seungho",,chemical accident| evacuation order| CNN| machine learning| HSEES,,,,,,,,,,,,,,,,,,,,,,,,,,,,,
364,WOS:001540340400002,Machine learning-enhanced terahertz plasmonic biosensor based on MXene-gold nanostructures for tuberculosis detection,10.1016/j.sbsr.2025.100852,Article,2025.0,49.0,,"Elsayed, Hussein A.; Wekalao, Jacob; Alqhtani, Haifa A.; Bin-Jumah, May; Abukhadra, Mostafa R.; Bellucci, Stefano; Rajakannu, Amuthakkannan; Mehaney, Ahmed",,Terahertz sensing| Point-of-care testing| Machine learning| Nanophotonic| Early disease detection,,,,,,,,,,,,,,,,,,,,,,,,,,,,,
366,WOS:000983108400001,Comparison of Optimal Machine Learning Algorithms for Early Detection of Unknown Hazardous Chemicals in Rivers Using Sensor Monitoring Data,10.3390/toxics11040314,Article,2023.0,11.0,4,"Nam, Su Han; Kwon, Jae Hyun; Kim, Young Do",,machine learning| chemical contamination| alternative indicator| initial response| chemical detection,,,,,,,,,,,,,,,,,,,,,,,,,,,,,
367,WOS:001408741300001,ExAIRFC-GSDC: An Advanced Machine Learning-Based Interpretable Framework for Accurate Gas Leakage Detection and Classification,10.1007/s44196-025-00742-6,Article,2025.0,18.0,1,"Lalithadevi, B.; Krishnaveni, S.",1875-6891,Gas sensors| Machine learning| Explainable artificial intelligence| Statistical analysis,,,,,,,,,,,,,,,,,,,,,,,,,,,,,
368,WOS:001412867600009,Corrosion Monitoring and Analysis System for Critical Infrastructure based on ACM and Machine Learning,10.11933/j.issn.1007-9289.20240111001,Article,2024.0,37.0,6,"Wang, Yuanming; Gong, Ke; Mao, Feixiong; Yang, Mingsi; Xiao, Long; Li, Minghui",1007-9289,material corrosion monitoring| environmental parameters| coatings| machine learning,,,,,,,,,,,,,,,,,,,,,,,,,,,,,
369,WOS:000743310400007,Testing and Validating Semi-automated Approaches to the Occupational Exposure Assessment of Polycyclic Aromatic Hydrocarbons,10.1093/annweh/wxab002,Article,2021.0,65.0,6,"Santiago-Colon, Albeliz; Rocheleau, Carissa M.; Bertke, Stephen; Christianson, Annette; Collins, Devon T.; Trester-Wilson, Emma; Sanderson, Wayne; Waters, Martha A.; Reefhuis, Jennita",2398-7308,exposure assessment| female worker| jobs| machine-learning algorithm| National Birth Defects Prevention Study| occupation| prediction model| polycyclic aromatic hydrocarbons| population-based| regularized logistic regression,,,,,,,,,,,,,,,,,,,,,,,,,,,,,
370,WOS:000893266200001,Machine learning models for rat multigeneration reproductive toxicity prediction,10.3389/fphar.2022.1018226,Article,2022.0,13.0,,"Liu, Jie; Guo, Wenjing; Dong, Fan; Aungst, Jason; Fitzpatrick, Suzanne; Patterson, Tucker A. A.; Hong, Huixiao",,multigeneration reproductive toxicity| machine learning| molecular descriptor| consensus model| toxicity prediction,,,,,,,,,,,,,,,,,,,,,,,,,,,,,
372,WOS:001216718000001,Extrapolation validation (EV): a universal validation method for mitigating machine learning extrapolation risk,10.1039/d3dd00256j,Article,2024.0,3.0,5,"Yu, Mengxian; Zhou, Yin-Ning; Wang, Qiang; Yan, Fangyou",,,,,,,,,,,,,,,,,,,,,,,,,,,,,,,
375,WOS:000679013800003,Analysis and Prediction of Adverse Reaction of Drugs with Machine Learning Models for Tracking the Severity (Retracted Article),10.1007/s13369-021-05999-5,"Article,Retracted Publication",2023.0,48.0,3,"Ponraj, T. Edwin; Balan, R. V. Siva; Vignesh, K.",2193-567X,Machine learning| Drug reactions| Chemical proportions| Drug-symptom association| Electronic health records,,,,,,,,,,,,,,,,,,,,,,,,,,,,,
376,WOS:001298216200001,Metabolomics Unveils Disrupted Pathways in Parkinson's Disease: Toward Biomarker-Based Diagnosis,10.1021/acschemneuro.4c00355,Article,2024.0,15.0,17,"Santos, Wanderleya T.; Katchborian-Neto, Albert; Viana, Gabriel S.; Ferreira, Miller S.; Martins, Luiza C.; Vale, Thiago C.; Murgu, Michael; Dias, Danielle F.; Soares, Marisi G.; Chagas-Paula, Daniela A.; Paula, Ana C. C.",1948-7193,metabolomics| Parkinson's disease| biomarkers| caffeine metabolism| multivariate analysis| machine learning,,,,,,,,,,,,,,,,,,,,,,,,,,,,,
379,WOS:000511353500002,Online discrimination of chemical substances using standoff laser-induced fluorescence signals,10.1002/cem.3121,Article,2020.0,34.0,2,"Kraus, Marian; Gebert, Florian; Walter, Arne; Pargmann, Carsten; Duschek, Frank",0886-9383,chemical agents| classification algorithms| laser-induced fluorescence| machine learning| standoff detection,,,,,,,,,,,,,,,,,,,,,,,,,,,,,
380,WOS:001129686500001,Explainable Artificial Intelligence for Fault Diagnosis of Industrial Processes,10.1109/TII.2023.3240601,Article,2025.0,21.0,1,"Jang, Kyojin; Pilario, Karl Ezra Salgado; Lee, Nayoung; Moon, Il; Na, Jonggeol",1551-3203,Indexes| Monitoring| Fault diagnosis| Fault detection| Data models| Computational modeling| Modeling| Auto-encoder (AE)| continuous stirred-tank reactor (CSTR)| explainable AI| fault diagnosis| Tennessee Eastman (TE) process,,,,,,,,,,,,,,,,,,,,,,,,,,,,,
382,WOS:001033551500001,Gradient-Boosted Decision Tree with used Slime Mould Algorithm (SMA) for wastewater treatment systems,10.2166/wrd.2023.046,Article,2023.0,13.0,3,"Chauhan, Jyoti; Rani, R. M.; Prashanthi, Vempaty; Almujibah, Hamad; Alshahri, Abdullah; Rao, Koppula Srinivas; Radhakrishnan, Arun",2709-6092,classification algorithms| machine learning| optimization| prediction| water pump failure,,,,,,,,,,,,,,,,,,,,,,,,,,,,,
383,WOS:001223637800001,From unstructured accident reports to a hybrid decision support system for occupational risk management: The consensus converging approach,10.1016/j.jsr.2024.02.006,Article,2024.0,89.0,,"Gangadhari, Rajan Kumar; Rabiee, Meysam; Khanzode, Vivek; Murthy, Shankar; Tarei, Pradeep Kumar",0022-4375,Occupational Risk Prioritization| Text mining| Decision Support System| Information processing| Best Worst Method| Group Decision Making,,,,,,,,,,,,,,,,,,,,,,,,,,,,,
386,WOS:001475881400001,Machine learning based modeling of the dynamic Poisson's ratio for petroleum oil field,10.1515/ijcre-2024-0243,Article,2025.0,23.0,8,"Rohit, Tummuri Naga; Pavan, Tummuri Naga Venkata; Khanam, Shaista Zarrin; Kudapa, Vamsi Krishna; Govindarajan, Suresh Kumar; Devarapu, Srinivasa Reddy",2194-5748,well logs| geo-mechanics| Poisson ratio| machine learning| regression,,,,,,,,,,,,,,,,,,,,,,,,,,,,,
388,WOS:000970179300001,Groundwater Contamination Site Identification Based on Machine Learning: A Case Study of Gas Stations in China,10.3390/w15071326,Article,2023.0,15.0,7,"Huang, Yanpeng; Ding, Longzhen; Liu, Weijiang; Niu, Haobo; Yang, Mengxi; Lyu, Guangfeng; Lin, Sijie; Hu, Qing",,machine learning| groundwater contamination site| gas station| gradient boosting decision tree| Bayesian optimization| Shapley additive explanations,,,,,,,,,,,,,,,,,,,,,,,,,,,,,
390,WOS:000381546100008,Risk Analysis of Transporting Crude Oil by Rail Methodology and Decision Support System,10.3141/2547-09,Article,2016.0,,2547,"Liu, Xiang",0361-1981,,,,,,,,,,,,,,,,,,,,,,,,,,,,,,
392,WOS:000609244100009,THE STRANGE CASE OF DR. WATSON: LIABILITY IMPLICATIONS OF AI EVIDENCE-BASED DECISION SUPPORT SYSTEMS IN HEALTH CARE,10.2924/EJLS.2019.028,Article,2020.0,12.0,2,"Lagioia, Francesca; Contissa, Giuseppe",,Artificial Intelligence| Clinical Decision Support Systems| Liability and Automation,,,,,,,,,,,,,,,,,,,,,,,,,,,,,
395,WOS:001063190000001,Medical Device Failure Predictions Through AI-Driven Analysis of Multimodal Maintenance Records,10.1109/ACCESS.2023.3309671,Article,2023.0,11.0,,"Abd Rahman, Noorul Husna; Hasikin, Khairunnisa; Abd Razak, Nasrul Anuar; Al-Ani, Ayman Khallel; Anni, D. Jerline Sheebha; Mohandas, Prabu",2169-3536,Artificial intelligence| machine learning| medical device failure prediction| medical device maintenance| maintenance cost,,,,,,,,,,,,,,,,,,,,,,,,,,,,,
396,WOS:001587151200001,AI-Driven Decision Support Framework for Preventing Medical Equipment Failure and Enhancing Patient Safety: A New Perspective,10.2147/JMDH.S528612,Article,2025.0,18.0,,"Alkhatib, Sara Awni; Katmah, Rateb; Kosaji, Doua; Afzal, Syed Usama Bin; Tariq, Muhammad Hamza; Simsekler, Mecit Can Emre; Ellahham, Samer",1178-2390,artificial intelligence| equipment failure analysis| maintenance| predictive| patient safety| human factors| clinical decision support systems,,,,,,,,,,,,,,,,,,,,,,,,,,,,,
397,WOS:001598133500001,Regulatory and Legal Considerations with Artificial Intelligence in Dermatology,10.1016/j.det.2025.05.011,Article,2025.0,43.0,4,"Shah, Nisha; Mourby, Miranda; Matin, Rubeta N.",0733-8635,Medical artificial intelligence| Medical liability| Medical device regulation,,,,,,,,,,,,,,,,,,,,,,,,,,,,,
398,WOS:001599963700017,"HEART MODELING, INSILICO CLINICAL TRIALS",10.24874/jsscm.2025.19.01.17,Article,2025.0,19.0,1,"Filipovic, Nenad; Saveljic, Igor; Geroski, Tijana; Tomasevic, Smiljana; Milosevic, Miljan; Milicevic, Bogdan; Prodanovic, Momcilo; Mijailovic, Srboljub; Kojic, Milos",1820-6530,cardiac cycle| finite element method| muscle mechanics| electrophysiology| cardiomyopathy,,,,,,,,,,,,,,,,,,,,,,,,,,,,,
403,WOS:001464135700001,Advancement of post-market surveillance of medical devices leveraging artificial intelligence: ECG devices case study,10.1177/09287329241303727,Article,2025.0,33.0,4,"Hundur, Madzida; Spahic, Lemana; Becirovic, Faruk; Pokvic, Lejla Gurbeta; Badnjevic, Almir",0928-7329,medical device| performance assessment| clinical engineering| electrocardiogram| post-market surveillance| machine learning,,,,,,,,,,,,,,,,,,,,,,,,,,,,,
404,WOS:001482769200010,Enhancing mechanical ventilator reliability through machine learning based predictive maintenance,10.1177/09287329241301665,Article,2025.0,33.0,3,"Perunicic, Zarko; Lalatovic, Ivana; Spahic, Lemana; Asic, Adna; Pokvic, Lejla Gurbeta; Badnjevic, Almir",0928-7329,medical device| performance assessment| clinical engineering| mechanical ventilators| post-market surveillance,,,,,,,,,,,,,,,,,,,,,,,,,,,,,
406,WOS:000891392500001,Mapping progress in intravascular catheter quality surveillance: An Australian case study of electronic medical record data linkage,10.3389/fmed.2022.962130,Article,2022.0,9.0,,"Schults, Jessica A. A.; Ball, Daner L. L.; Sullivan, Clair; Rossow, Nick; Ray-Barruel, Gillian; Walker, Rachel M. M.; Stantic, Bela; Rickard, Claire M. M.",,intravascular catheter| quality surveillance| electronic health record| clinical informatics| patient - centered care,,,,,,,,,,,,,,,,,,,,,,,,,,,,,
407,WOS:001345490900001,A machine learning framework to adjust for learning effects in medical device safety evaluation,10.1093/jamia/ocae273,Article,2024.0,32.0,1,"Koola, Jejo D.; Ramesh, Karthik; Mao, Jialin; Ahn, Minyoung; Davis, Sharon E.; Govindarajulu, Usha; Perkins, Amy M.; Westerman, Dax; Ssemaganda, Henry; Speroff, Theodore; Ohno-Machado, Lucila; Ramsay, Craig R.; Sedrakyan, Art; Resnic, Frederic S.; Matheny, Michael E.",1067-5027,post-market safety surveillance| medical devices| learning effects| learning curve| machine learning,,,,,,,,,,,,,,,,,,,,,,,,,,,,,
412,WOS:001149572700001,Feasibility of intra-operative image guidance in burn excision surgery with multispectral imaging and deep learning,10.1016/j.burns.2023.07.005,Article,2024.0,50.0,1,"Yu, Shuai; Dwight, Jason; Siska, Robert C.; Burkart, Heather; Quan, Peiran; Yi, Faliu; Du, Shimeng; Daoud, Yahya; Plant, Kevin; Criscitiello, Anthony; Molnar, Joseph; Thatcher, Jeffrey E.",0305-4179,Burn assessment| Multispectral imaging| Convolutional neural network| Deep learning| Machine learning,,,,,,,,,,,,,,,,,,,,,,,,,,,,,
413,WOS:000360845300011,Computer-Vision-Based Decision Support in Surgical Robotics,10.1109/MDAT.2015.2465135,Article,2015.0,32.0,5,"Kumar, Suren; Krovi, Venkat N.; Singhal, Pankaj",2168-2356,,,,,,,,,,,,,,,,,,,,,,,,,,,,,,
414,WOS:000978238000022,"Recent advances in system management, decision support systems, artificial intelligence and computing in anaesthesia",10.4103/ija.ija_974_22,Article,2023.0,67.0,1,"Gupta, Bhavna; Sahay, Nishant; Vinod, Krishnagopal; Sandhu, Kirandeep; Basireddy, Hariprasad Reddy; Mudiganti, Rama Krishna Reddy",0019-5049,Artificial intelligence| machine learning| management information systems| supervised machine learning| unsupervised machine learning,,,,,,,,,,,,,,,,,,,,,,,,,,,,,
415,WOS:001029802200001,Artificial Intelligence in Pediatric Nephrology-A Call for Action,10.1053/j.akdh.2022.11.001,Article,2023.0,30.0,1,"Filler, Guido; Gipson, Debbie S.; Iyamuremye, Didier; de Ferris, Maria Esther Diaz Gonzalez",2949-8147,Key Words| Urinary tract infections| Acute kidney injury| Artificial intelligence| Vancomycin| Dialysis dry weight,,,,,,,,,,,,,,,,,,,,,,,,,,,,,
416,WOS:001048205000001,Discrepancy between perceptions and acceptance of clinical decision support Systems: implementation of artificial intelligence for vancomycin dosing,10.1186/s12911-023-02254-9,Article,2023.0,23.0,1,"Liu, Xinyan; Barreto, Erin F. F.; Dong, Yue; Liu, Chang; Gao, Xiaolan; Tootooni, Mohammad Samie; Song, Xuan; Kashani, Kianoush B. B.",,Artificial intelligence| Qualitative study| Implementation science| Acute kidney injury| Drug dosing,,,,,,,,,,,,,,,,,,,,,,,,,,,,,
417,WOS:000635089700013,A retrospective study on the effectiveness of Artificial Intelligence-based Clinical Decision Support System (AI-CDSS) to improve the incidence of hospital-related venous thromboembolism (VTE),10.21037/atm-21-1093,Article,2021.0,9.0,6,"Zhou, Shuai; Ma, Xudong; Jiang, Songyi; Huang, Xiaoyan; You, Yi; Shang, Hanbing; Lu, Yong",2305-5839,China| venous thromboembolism (VTE)| a retrospective study| artificial intelligence-based clinical decision support system (AI-CDSS)| hospitalization rate,,,,,,,,,,,,,,,,,,,,,,,,,,,,,
418,WOS:000464911200004,Artificial Intelligence Within Pharmacovigilance: A Means to Identify Cognitive Services and the Framework for Their Validation,10.1007/s40290-019-00269-0,Article,2019.0,33.0,2,"Mockute, Ruta; Desai, Sameen; Perera, Sujan; Assuncao, Bruno; Danysz, Karolina; Tetarenko, Niki; Gaddam, Darpan; Abatemarco, Danielle; Widdowson, Mark; Beauchamp, Sheryl; Cicirello, Salvatore; Mingle, Edward",1178-2595,,,,,,,,,,,,,,,,,,,,,,,,,,,,,,
419,WOS:001263656500036,Perceptions on artificial intelligence-based decision-making for coexisting multiple long-term health conditions: protocol for a qualitative study with patients and healthcare professionals,10.1136/bmjopen-2023-077156,Article,2024.0,14.0,2,"Gunathilaka, Niluka Jeewanthi; Gooden, Tiffany E.; Cooper, Jennifer; Flanagan, Sarah; Marshall, Tom; Haroon, Shamil; D'Elia, Alexander; Crowe, Francesca; Jackson, Thomas; Nirantharakumar, Krishnarajah; Greenfield, Sheila",2044-6055,qualitative research| primary health care| public health,,,,,,,,,,,,,,,,,,,,,,,,,,,,,
420,WOS:001251468300001,"Free Will as Defined by the Constrained Disorder Principle: a Restricted, Mandatory, Personalized, Regulated Process for Decision-Making",10.1007/s12124-024-09853-9,Article,2024.0,58.0,4,"Ilan, Yaron",1932-4502,Artificial intelligence| Variability| Complex systems| Free will| Decision making,,,,,,,,,,,,,,,,,,,,,,,,,,,,,
421,WOS:001315674000001,Robotics and AI into healthcare from the perspective of European regulation: who is responsible for medical malpractice?,10.3389/fmed.2024.1428504,Article,2024.0,11.0,,"De Micco, Francesco; Grassi, Simone; Tomassini, Luca; Di Palma, Gianmarco; Ricchezze, Giulia; Scendoni, Roberto",,robotics| artificial intelligence| medical liability| medical negligence| clinical decision making| accountability| tort law,,,,,,,,,,,,,,,,,,,,,,,,,,,,,
422,WOS:001530900400001,Evaluation of large language models' ability to identify clinically relevant drug-drug interactions and generate high-quality clinical pharmacotherapy recommendations,10.1093/ajhp/zxaf168,"Article,Early Access",2025.0,,,"Chase, Aaron; Most, Amoreena; Sikora, Andrea; Smith, Susan E.; Devlin, John W.; Xu, Shaochen; Liu, Tianming; Murray, Brian",1079-2082,artificial intelligence| drug interactions| large language model| medication| pharmacy,,,,,,,,,,,,,,,,,,,,,,,,,,,,,
424,WOS:001616654800035,"Precision Management of Dyslipidemia in Atherosclerosis: Mechanisms, Therapeutic Strategies, and Future Directions",10.3791/69357,Article,2025.0,,224,"Deng, Ganyuan; Kong, Qun; Zhang, Maomao; Qi, Luming",1940-087X,,,,,,,,,,,,,,,,,,,,,,,,,,,,,,
426,WOS:001496990000001,Evaluation of drug interactions in outpatients taking antipsychotic medications,10.3389/fphar.2025.1590167,Article,2025.0,16.0,,"Alsfouk, Bshra A.; Aljanadi, Qamar M.; Almutairi, Mona M.",,antipsychotics| drug-drug interaction| drug-tobacco interactions| potential DDIs| psychiatric,,,,,,,,,,,,,,,,,,,,,,,,,,,,,
429,WOS:001244166300001,Trust but Verify: Lessons Learned for the Application of AI to Case-Based Clinical Decision-Making From Postmarketing Drug Safety Assessment at the US Food and Drug Administration,10.2196/50274,Article,2024.0,26.0,,"Ball, Robert; Talal, Andrew H.; Dang, Oanh; Munoz, Monica; Markatou, Marianthi",1438-8871,drug safety| artificial intelligence| machine learning| natural language processing| causal inference| case-based reasoning| clinical decision support,,,,,,,,,,,,,,,,,,,,,,,,,,,,,
431,WOS:001411857700001,AI-assisted warfarin dose optimisation with CURATE.AI for clinical impact: Retrospective data analysis,10.1002/btm2.10757,"Article,Early Access",2025.0,,,"Gan, Tiffany Rui Xuan; Tan, Lester W. J.; Egermark, Mathias; Truong, Anh T. L.; Kumar, Kirthika; Tan, Shi-Bei; Tang, Sarah; Blasiak, Agata; Goh, Boon Cher; Ngiam, Kee Yuan; Ho, Dean",,artificial intelligence| blood coagulation| clinical| decision support systems| precision medicine| warfarin,,,,,,,,,,,,,,,,,,,,,,,,,,,,,
432,WOS:001427972600001,The Effects of Presenting AI Uncertainty Information on Pharmacists' Trust in Automated Pill Recognition Technology: Exploratory Mixed Subjects Study,10.2196/60273,Article,2025.0,12.0,,"Kim, Jin Yong; Marshall, Vincent; Rowell, Brigid; Chen, Qiyuan; Zheng, Yifan; Lee, John; Al Kontar, Raed; Lester, Corey; Yang, Xi Jessie",2292-9495,artificial intelligence| human-computer interaction| uncertainty communication| visualization| medication errors| safety| artificial intelligence aid| pharmacists| pill verification| automation,,,,,,,,,,,,,,,,,,,,,,,,,,,,,
435,WOS:001005253500001,Factors associated with fall risk of community-dwelling older people: A decision tree analysis,10.1177/20552076231181202,Article,2023.0,9.0,,"Fong, Kenneth N. K.; Chung, Raymond C. K.; Sze, Patrick P. C.; Ng, Carmen K. M.",2055-2076,Accidental falls| older people| community-dwelling| decision tree analysis| machine learning,,,,,,,,,,,,,,,,,,,,,,,,,,,,,
436,WOS:000417570500030,Development of Decision Forest Models for Prediction of Drug-Induced Liver Injury in Humans Using A Large Set of FDA-approved Drugs,10.1038/s41598-017-17701-7,Article,2017.0,7.0,,"Hong, Huixiao; Thakkar, Shraddha; Chen, Minjun; Tong, Weida",2045-2322,,,,,,,,,,,,,,,,,,,,,,,,,,,,,,
437,WOS:000781081800003,Decision tree-based machine learning analysis of intraoperative vasopressor use to optimize neurological improvement in acute spinal cord injury,10.3171/2022.1.FOCUS21743,Article,2022.0,52.0,4,"Agarwal, Nitin; Aabedi, Alexander A.; Torres-Espin, Abel; Chou, Austin; Wozny, Thomas A.; Mummaneni, Praveen, V; Burke, John F.; Ferguson, Adam R.; Kyritsis, Nikos; Dhall, Sanjay S.; Weinstein, Philip R.; Duong-Fernandez, Xuan; Pan, Jonathan; Singh, Vineeta; Hemmerle, Debra D.; Talbott, Jason F.; Whetstone, William D.; Bresnahan, Jacqueline C.; Manley, Geoffrey T.; Beattie, Michael S.; DiGiorgio, Anthony M.",1092-0684,acute spinal cord injury| vasopressor| mean arterial pressure| neurological outcome| decompression,,,,,,,,,,,,,,,,,,,,,,,,,,,,,
438,WOS:000832007700021,Risk Prediction of Major Adverse Cardiovascular Events Occurrence Within 6 Months After Coronary Revascularization: Machine Learning Study,10.2196/33395,Article,2022.0,10.0,4,"Wang, Jinwan; Wang, Shuai; Zhu, Mark Xuefang; Yang, Tao; Yin, Qingfeng; Hou, Ya",,major adverse cardiovascular events| risk prediction| machine learning| oversampling| data imbalance,,,,,,,,,,,,,,,,,,,,,,,,,,,,,
439,WOS:001002104800001,Risk evaluation of carbapenem-induced liver injury based on machine learning analysis,10.1016/j.jiac.2023.03.007,Article,2023.0,29.0,7,"Asai, Yuki; Ooi, Hayahide; Sato, Yoshiharu",1341-321X,Carbapenem| Meropenem| Doripenem| Machine learning| Decision tree analysis| Flowchart,,,,,,,,,,,,,,,,,,,,,,,,,,,,,
440,WOS:001192096300017,Interpretable machine learning-based individual analysis of acute kidney injury in immune checkpoint inhibitor therapy,10.1371/journal.pone.0298673,Article,2024.0,19.0,3,"Sakuragi, Minoru; Uchino, Eiichiro; Sato, Noriaki; Matsubara, Takeshi; Ueda, Akihiko; Mineharu, Yohei; Kojima, Ryosuke; Yanagita, Motoko; Okuno, Yasushi",1932-6203,,,,,,,,,,,,,,,,,,,,,,,,,,,,,,
441,WOS:001434106600001,Analysis of risk factors for immune checkpoint inhibitor-associated liver injury: a retrospective analysis based on clinical study and real-world data,10.1007/s12072-025-10783-w,Article,2025.0,19.0,5,"Wang, Bitao; Zhuang, Shaowei; Lin, Shengnan; Lin, Jierong; Zeng, Wanxian; Du, Bin; Yang, Jing",1936-0533,Immune checkpoint inhibitors| Liver adverse events| Risk factors| Machine Learning,,,,,,,,,,,,,,,,,,,,,,,,,,,,,
442,WOS:001491370000046,Machine learning based clinical decision tool to predict acute kidney injury and survival in therapeutic hypothermia treated neonates,10.1038/s41598-025-01141-9,Article,2025.0,15.0,1,"Keles, Elif; Ali, Syed Yaseen; Wintermark, Pia; Annaert, Pieter; Groenendaal, Floris; Sahin, Suzan; Oencel, Mehmet Yekta; Armangil, Didem; Koc, Esin; Battin, Malcolm R.; Gunn, Alistair J.; Frymoyer, Adam; Chock, Valerie; Mekahli, Djalila; van den Anker, John; Smits, Anne; Allegaert, Karel; Bagci, Ulas",2045-2322,,,,,,,,,,,,,,,,,,,,,,,,,,,,,,
443,WOS:001572309900001,Real-world data-driven early warning system for risk-stratified liver injury in hospitalized COVID-19 patients-Machine learning models for clinical decision support,10.3389/fpubh.2025.1566260,Article,2025.0,13.0,,"Xiong, Yuanguo; Cai, Xu; Lai, Xin; Wang, Yuwen; Xin, Hao; Song, Wei; Lv, Feng; Guo, Xianxi; Yang, Ge; Wu, Yue",,COVID-19| liver injury| machine learning| random forest| extra trees| SHAP analysis,,,,,,,,,,,,,,,,,,,,,,,,,,,,,
444,WOS:001624999400001,Construction and Validation of a Predictive Model for the Risk of Anti-Tuberculosis Drug-Induced Liver Injury Based on Machine Learning Algorithms,10.1002/jcph.70131,"Article,Early Access",2025.0,,,"Cheng, Jingru; Chen, Ruina; Pan, Hongqiu; Lu, Lihuan; Zhang, Meiling; He, Xiaomin; Yi, Honggang; Tang, Shaowen",0091-2700,anti-tuberculosis drug-induced liver injury| machine learning algorithms| LightGBM,,,,,,,,,,,,,,,,,,,,,,,,,,,,,
445,WOS:000399025700006,The first biologic for rheumatoid arthritis: factors influencing the therapeutic decision,10.1007/s00393-016-0174-3,Article,2017.0,76.0,3,"Pattloch, D.; Richter, A.; Manger, B.; Dockhorn, R.; Meier, L.; Tony, H. -P.; Zink, A.; Strangfeld, A.",0340-1855,RABBIT| Cohort Studies| Prescriptions| Germany| Model-based boosting,,,,,,,,,,,,,,,,,,,,,,,,,,,,,
446,WOS:000443700300001,Improvement of Adequate Digoxin Dosage: An Application of Machine Learning Approach,10.1155/2018/3948245,Article,2018.0,2018.0,,"Hu, Ya-Han; Tai, Chun-Tien; Tsai, Chih-Fong; Huang, Min-Wei",2040-2295,,,,,,,,,,,,,,,,,,,,,,,,,,,,,,
447,WOS:000527943400001,Prognosis Analysis of Heart Failure Based on Recurrent Attention Model,10.1016/j.irbm.2019.08.002,Article,2020.0,41.0,2,"Gong, J.; Bai, X.; Li, D-a; Zhao, J.; Li, X.",1959-0318,Heart failure| Recurrent attention model| Prognosis,,,,,,,,,,,,,,,,,,,,,,,,,,,,,
448,WOS:000587677000002,A decision algorithm to promote outpatient antimicrobial stewardship for uncomplicated urinary tract infection,10.1126/scitranslmed.aay5067,Article,2020.0,12.0,568,"Kanjilal, Sanjat; Oberst, Michael; Boominathan, Sooraj; Zhou, Helen; Hooper, David C.; Sontag, David",1946-6234,,,,,,,,,,,,,,,,,,,,,,,,,,,,,,
450,WOS:001242886100001,Machine learning model for cardiovascular disease prediction in patients with chronic kidney disease,10.3389/fendo.2024.1390729,Article,2024.0,15.0,,"Zhu, He; Qiao, Shen; Zhao, Delong; Wang, Keyun; Wang, Bin; Niu, Yue; Shang, Shunlai; Dong, Zheyi; Zhang, Weiguang; Zheng, Ying; Chen, Xiangmei",1664-2392,chronic kidney disease| cardiovascular disease| electronic medical records| prediction model| machine learning,,,,,,,,,,,,,,,,,,,,,,,,,,,,,
451,WOS:001497795600001,Construction of a predictive model for rebleeding risk in upper gastrointestinal bleeding patients based on clinical indicators such as <i>Helicobacter pylori</i> infection,10.3389/fmicb.2025.1510126,Article,2025.0,16.0,,"Zang, Wei; Lin, Ze; Zhao, Yanduo; Jia, Tianshi; Zhang, Xinglong",,deep learning| UGIB| Helicobacter pylori| Rockall score| Glasgow-Blatchford score| AIMS65 score,,,,,,,,,,,,,,,,,,,,,,,,,,,,,
453,WOS:000749480500001,"Association of Gender, Diagnosis, and Obesity With Retention Rate of Secukinumab in Spondyloarthropathies: Results Form a Multicenter Real-World Study",10.3389/fmed.2021.815881,Article,2022.0,8.0,,"Garcia-Dorta, Alicia; Leon-Suarez, Paola; Pena, Sonia; Hernandez-Diaz, Marta; Rodriguez-Lozano, Carlos; Gonzalez-Davila, Enrique; Hernandez-Hernandez, Maria Vanesa; Diaz-Gonzalez, Federico",,spondyloarthritis| secukinumab| gender| obesity| persistence,,,,,,,,,,,,,,,,,,,,,,,,,,,,,
454,WOS:000891489900001,Pharmacogenomics driven decision support prototype with machine learning: A framework for improving patient care,10.3389/fdata.2022.1059088,Article,2022.0,5.0,,"Kidwai-Khan, Farah; Rentsch, Christopher T.; Pulk, Rebecca; Alcorn, Charles; Brandt, Cynthia A.; Justice, Amy C.",,pharmacogenomics| machine learning| clinical decision support| data framework| prototype,,,,,,,,,,,,,,,,,,,,,,,,,,,,,
455,WOS:000993242400001,A machine-learning approach for decision support and risk stratification of pediatric perioperative patients based on the APRICOT dataset,10.1111/pan.14694,Article,2023.0,33.0,9,"Gray, Geoffrey M.; Ahumada, Luis M.; Rehman, Mohamed A.; Varughese, Anna; Fernandez, Allison M.; Fackler, James; Yates, Hannah M.; Habre, Walid; Disma, Nicola; Lonsdale, Hannah",1155-5645,anesthesia| artificial intelligence| machine learning| pediatrics| preoperative care,,,,,,,,,,,,,,,,,,,,,,,,,,,,,
456,WOS:001109719900001,"Ability of machine-learning based clinical decision support system to reduce alert fatigue, wrong-drug errors, and alert users about look alike, sound alike medication",10.1016/j.cmpb.2023.107869,Article,2024.0,243.0,,"Chen, Chun-You; Chen, Ya-Lin; Scholl, Jeremiah; Yang, Hsuan-Chia; Li, Yu-Chuan (Jack)",0169-2607,Clinical decision support system| Drug-disease alerts| Alert fatigue| Overrides,,,,,,,,,,,,,,,,,,,,,,,,,,,,,
459,WOS:000629143700001,Statistical and Machine Learning Approaches for Clinical Decision on Drug Usage in Diabetes with Reference to Competence and Safeness,10.2991/ijcis.d.210212.002,Article,2021.0,14.0,1,"Balamurugan, S. Appavu Alias; Saranya, K. R.; Sasikala, S.; Chinthana, G.",1875-6891,Diabetes| Clinical decision-making| Machine learning| Statistical approach| Drug usage| Drug recommendation system,,,,,,,,,,,,,,,,,,,,,,,,,,,,,
460,WOS:000471620300001,A Machine Learning Approach for the Detection and Characterization of Illicit Drug Dealers on Instagram: Model Evaluation Study,10.2196/13803,Article,2019.0,21.0,6,"Li, Jiawei; Xu, Qing; Shah, Neal; Mackey, Tim K.",1438-8871,opioids| social media| narcotics| substance abuse| machine learning| internet| prescription drug abuse| artificial intelligence,,,,,,,,,,,,,,,,,,,,,,,,,,,,,
461,WOS:001342546600001,Identification of bile salt export pump inhibitors using machine learning: Predictive safety from an industry perspective,10.1016/j.ailsci.2021.100027,Article,2021.0,1.0,,"Rodriguez-Perez, Raquel; Gerebtzoff, Gregori",,Predictive safety| Machine learning| Model evaluation| Decision-making| Drug-induced liver injury (DILI)| Liver toxicity| Bile salt export pump,,,,,,,,,,,,,,,,,,,,,,,,,,,,,
462,WOS:001168094200001,Predicting multifaceted risks using machine learning in atrial fibrillation: insights from GLORIA-AF study,10.1093/ehjdh/ztae010,Article,2024.0,5.0,3,"Lu, Juan; Bisson, Arnaud; Bennamoun, Mohammed; Zheng, Yalin; Sanfilippo, Frank M.; Hung, Joseph; Briffa, Tom; McQuillan, Brendan; Stewart, Jonathon; Figtree, Gemma; Huisman, Menno V.; Dwivedi, Girish; Lip, Gregory Y. H.",,Atrial fibrillation| Death| Ischaemic stroke| Major bleeding| Machine learning| Risk,,,,,,,,,,,,,,,,,,,,,,,,,,,,,
463,WOS:001498742400001,The future of critical care: AI-powered mortality prediction for acute variceal gastrointestinal bleeding and acute non-variceal gastrointestinal bleeding patients,10.3389/fmed.2025.1580094,Article,2025.0,12.0,,"Liu, Zhou; Jiang, Guijun; Zhang, Liang; Shrestha, Palpasa; Hu, Yugang; Zhu, Yi; Li, Guang; Xiong, Yuanguo; Zhan, Liying",,acute variceal gastrointestinal bleeding| acute non-variceal gastrointestinal bleeding| extremely randomized trees| gradient boosting| artificial intelligence| mortality,,,,,,,,,,,,,,,,,,,,,,,,,,,,,
464,WOS:001339904100001,Use of 400 μg/mL Peripheral Phenylephrine Infusions During Anesthesia: A Safety Initiative,10.1177/00185787241286764,Article,2025.0,60.0,1,"Brook, Karolina; Tcherepanova, Alexandra; de Meneses, Flavio Gilio Andrade; Gonzalez, R. Mauricio; Vincent, William; Sarg, Mohamed T.",0018-5787,adverse drug reactions reporting/monitoring| medication errors| medication safety| anesthetics| anesthesia| quality improvement,,,,,,,,,,,,,,,,,,,,,,,,,,,,,
465,WOS:000642262600002,Real-Time Clinical Decision Support Based on Recurrent Neural Networks for In-Hospital Acute Kidney Injury: External Validation and Model Interpretation,10.2196/24120,Article,2021.0,23.0,4,"Kim, Kipyo; Yang, Hyeonsik; Yi, Jinyeong; Son, Hyung-Eun; Ryu, Ji-Young; Kim, Yong Chul; Jeong, Jong Cheol; Chin, Ho Jun; Na, Ki Young; Chae, Dong-Wan; Han, Seung Seok; Kim, Sejoong",1439-4456,acute kidney injury| recurrent neural network| prediction model| external validation| internal validation| kidney| neural networks,,,,,,,,,,,,,,,,,,,,,,,,,,,,,
466,WOS:001467462700001,Machine learning-based prediction of post-induction hypotension: identifying risk factors and enhancing anesthesia management,10.1186/s12911-025-02930-y,Article,2025.0,25.0,1,"Chen, Ming; Zhang, Dingyu",,Post-induction hypotension| Machine learning| Logistic regression| Risk factors| Personalized medicine,,,,,,,,,,,,,,,,,,,,,,,,,,,,,
467,WOS:001500211300001,Development of a warning model for drug-induced liver injury in the older patients,10.3389/fphar.2025.1603089,Article,2025.0,16.0,,"Hu, Qiaozhi; Li, Xiaoqi; Zou, Dan; He, Zhiyao; Xu, Ting",,drug-induced liver injury| older patients| warning model| machine learning| drug safety,,,,,,,,,,,,,,,,,,,,,,,,,,,,,
468,WOS:001548399900001,Model Prediction of Infection Risk After Glucocorticoid Treatment for Severe Drug-Induced Liver Injury: Globulin is a Core Predictive Factor,10.2147/DDDT.S532870,Article,2025.0,19.0,,"Ling, Jun; Xv, Yiwen; Lv, Sa; Hao, Xiaogang; Chen, Weiwei; Li, Dongze; Liu, Wanshu; Zou, Zhengsheng; Zhu, Bing; You, Shaoli",1177-8881,drug safety| hepatoprotective| liver damage| patient recovery,,,,,,,,,,,,,,,,,,,,,,,,,,,,,
471,WOS:001610544500001,The application of machine learning in the evaluation of urinary tract infections incidence in patients in a Nursing and Treatment Facility,10.1007/s43440-025-00804-8,"Article,Early Access",2025.0,,,"Grzegorzek, Urszula; Sobiak, Joanna; Jaworucka, Ewa; Sznek, Bartosz; Czyrski, Andrzej",1734-1140,Artificial neural networks| Decision tree| Dapagliflozin| Logistic regression| Recursive partitioning,,,,,,,,,,,,,,,,,,,,,,,,,,,,,
472,WOS:001298523500001,Performance of the ChatGPT large language model for decision support in community pharmacy,10.1111/bcp.16215,Article,2024.0,90.0,12,"Shin, Euibeom; Hartman, Maggie; Ramanathan, Murali",0306-5251,artificial intelligence| ChatGPT| drug information| generative AI| pharmacy| precision medicine,,,,,,,,,,,,,,,,,,,,,,,,,,,,,
473,WOS:001604051000001,Large language model as clinical decision support system augments medication safety in 16 clinical specialties,10.1016/j.xcrm.2025.102323,Article,2025.0,6.0,10,"Ong, Jasmine Chiat Ling; Jin, Liyuan; Elangovan, Kabilan; Lim, Gilbert Yong San; Lim, Daniel Yan Zheng; Sng, Gerald Gui Ren; Ke, He; Tung, Joshua Yi Min; Zhong, Ryan Jian; Koh, Christopher Ming Yao; Lee, Keane Zhi Hao; Chen, Xiang; Ch'ng, Jack Kian; Than, Aung; Goh, Ken Junyang; Lim, Chuan Poh; Ng, Tat Ming; Liu, Nan; Ting, Daniel Shu Wei",2666-3791,,,,,,,,,,,,,,,,,,,,,,,,,,,,,,
474,WOS:000389185700013,Determining prescription durations based on the parametric waiting time distribution,10.1002/pds.4114,Article,2016.0,25.0,12,"Stovring, Henrik; Pottegard, Anton; Hallas, Jesper",1053-8569,prescription durations| waiting time distribution| maximum likelihood| parametric modelling| pharmacoepidemiology| pharmacoepidemiology,,,,,,,,,,,,,,,,,,,,,,,,,,,,,
475,WOS:000853632700001,The Effect of Digitization on the Safe Management of Anticoagulants,10.1055/a-1910-4339,Article,2022.0,13.0,04,"Austin, Jodie A.; Barras, Michael A.; Woods, Leanna S.; Sullivan, Clair M.",1869-0327,anticoagulation| electronic health records| clinical decision support system| medication management| digital platforms| patient care| clinical error types| clinical analytics tools| electronic medication management systems,,,,,,,,,,,,,,,,,,,,,,,,,,,,,
476,WOS:000444818400001,Propensity Score-Based Approaches in High Dimension for Pharmacovigilance Signal Detection: an Empirical Comparison on the French Spontaneous Reporting Database,10.3389/fphar.2018.01010,Article,2018.0,9.0,,"Courtois, Emeline; Pariente, Antoine; Salvo, Francesco; Volatier, Etienne; Tubert-Bitter, Pascale; Ahmed, Ismail",,pharmacovigilance| signal detection| propensity score in high dimension| spontaneous reports| penalized multiple regression| FDR,,,,,,,,,,,,,,,,,,,,,,,,,,,,,
477,WOS:001001374800021,A randomized clinical trial assessing the effect of automated medication-targeted alerts on acute kidney injury outcomes,10.1038/s41467-023-38532-3,Article,2023.0,14.0,1,"Wilson, F. Perry; Yamamoto, Yu; Martin, Melissa; Coronel-Moreno, Claudia; Li, Fan; Cheng, Chao; Aklilu, Abinet; Ghazi, Lama; Greenberg, Jason H.; Latham, Stephen; Melchinger, Hannah; Mansour, Sherry G.; Moledina, Dennis G.; Parikh, Chirag R.; Partridge, Caitlin; Testani, Jeffrey M.; Ugwuowo, Ugochukwu",,,,,,,,,,,,,,,,,,,,,,,,,,,,,,,
478,WOS:001357765500001,"Can the integration of new rules into a clinical decision support system reduce the incidence of acute kidney injury and hyperkalemia among hospitalized older adults: a protocol for a stepped-wedge, cluster-randomized trial (DETECT-IP)",10.1186/s13063-024-08569-w,Article,2024.0,25.0,1,"Payen, Anais; Tlili, Nour Elhouda; Cousein, Etienne; Ferret, Laurie; Le Bozec, Antoine; Lenglet, Aurelie; Marcilly, Romaric; Pilven, Pierre; Potier, Arnaud; Rousseliere, Chloe; Soula, Julien; Robert, Laurine; Beuscart, Jean-Baptiste",,Stepped-wedge| Cluster-randomized| Controlled trial| Clinical decision support systems| Older adults| Acute kidney injury| Hyperkalemia,,,,,,,,,,,,,,,,,,,,,,,,,,,,,
479,WOS:000462029700008,Examining the effect of prescription sequence on developing adverse drug reactions: The case of renal failure in diabetic patients,10.1016/j.ijmedinf.2019.02.010,Article,2019.0,125.0,,"Davazdahemami, Behrooz; Delen, Dursun",1386-5056,Adverse drug events| Adverse drug reactions| Prescriptions sequence| Emergent pattern mining| Electronic health records,,,,,,,,,,,,,,,,,,,,,,,,,,,,,
483,WOS:000548455300033,Comparing Machine Learning Algorithms for Predicting Drug-Induced Liver Injury (DILI),10.1021/acs.molpharmaceut.0c00326,Article,2020.0,17.0,7,"Minerali, Eni; Foil, Daniel H.; Zorn, Kimberley M.; Lane, Thomas R.; Ekins, Sean",1543-8384,Assay Central| bayesian| drug-induced liver injury| machine learning| MegaTox,,,,,,,,,,,,,,,,,,,,,,,,,,,,,
484,WOS:001483223300001,Decision Trees for Managing Impaired Physical Mobility in Multiple Trauma Patients,10.1111/jan.17010,"Article,Early Access",2025.0,,,"Ferreira, Raisa Camilo; Dunn-Lopez, Karen; Moorhead, Sue; Krupp, Anna; Zuchatti, Bruna Valentina; Carvalho, Luciana Aparecida Costa; Botelho, Micneias Tatiana de Souza Lacerda; Duran, Erika Christiane Marocco",0309-2402,artificial intelligence| clinical decision-making| decision trees| electronic health records| multiple trauma| standardised nursing terminology,,,,,,,,,,,,,,,,,,,,,,,,,,,,,
485,WOS:001573675300001,Diagnostic excellence: turning to diagnostic performance improvement,10.1515/dx-2025-0107,Article,2025.0,12.0,4,"Auerbach, Andrew; Raffel, Katie; Rasooly, Irit R.; Schnipper, Jeffrey",2194-8011,diagnostic excellence| organizational behavior| patient safety,,,,,,,,,,,,,,,,,,,,,,,,,,,,,
486,WOS:001066416800006,What is the educational value and clinical utility of artificial intelligence for intraoperative and postoperative video analysis? A survey of surgeons and trainees,10.1007/s00464-023-10377-3,Article,2023.0,37.0,12,"Hameed, M. Saif; Laplante, Simon; Masino, Caterina; Khalid, Muhammad Uzair; Zhang, Haochi; Protserov, Sergey; Hunter, Jaryd; Mashouri, Pouria; Fecso, Andras B.; Brudno, Michael; Madani, Amin",0930-2794,Artificial intelligence| Machine learning| Deep learning| Computer vision| Laparoscopic cholecystectomy| Patient safety,,,,,,,,,,,,,,,,,,,,,,,,,,,,,
487,WOS:000993681600001,"Artificial intelligence and clinical decision support: clinicians' perspectives on trust, trustworthiness, and liability",10.1093/medlaw/fwad013,Article,2023.0,31.0,4,"Jones, Caroline; Thornton, James; Wyatt, Jeremy C.",0967-0742,Artificial intelligence| Clinical decision support| Clinicians' perspectives| Liability| Trust| Trustworthiness,,,,,,,,,,,,,,,,,,,,,,,,,,,,,
488,WOS:001510147000021,Emerging Technology and the Future of Perioperative Care: Perspectives and Recommendations From the 2023 Stoelting Conference of the Anesthesia Patient Safety Foundation,10.1213/ANE.0000000000007540,Article,2025.0,141.0,1,"Tan, Jonathan M.; Cannesson, Maxime; Feldman, Jeffrey M.; Simpao, Allan F.; McGrath, Susan P.; Khanna, Ashish K.; Beard, John W.; McGaffigan, Patricia; Cole, Daniel J.",0003-2999,,,,,,,,,,,,,,,,,,,,,,,,,,,,,,
490,WOS:000949352300001,Potential uses of AI for perioperative nursing handoffs: a qualitative study,10.1093/jamiaopen/ooad015,Article,2023.0,6.0,1,"King, Christopher Ryan; Shambe, Ayanna; Abraham, Joanna",,artificial intelligence| postoperative nursing| PACU| handoffs| situational awareness,,,,,,,,,,,,,,,,,,,,,,,,,,,,,
491,WOS:001578283400007,Exploring Nurses' Acceptability and Readiness for Patient-Centered Artificial Intelligence Systems in Pressure Injury Prevention,10.1097/ASW.0000000000000348,Article,2025.0,38.0,9,"Kirkland-Kyhn, Holly; Sengul, Tuba; Karadag, Ayise; Yilmaz Akyaz, Dilek; Cevizci, Tugba; Teleten, Oleg",1527-7941,artificial intelligence| clinical acceptability| clinical decision support| nurses| pressure injury prevention,,,,,,,,,,,,,,,,,,,,,,,,,,,,,
492,WOS:001555521900001,Medicolegal Implications in Orthopaedic Surgery: The Emerging Challenges of Artificial Intelligence and Robotic Integration,10.1007/s43465-025-01490-7,"Article,Early Access",2025.0,,,"Jawaraya, Purushotham V.; Bettaswamy, Sriharsha",0019-5413,Artificial intelligence| AI| ROBOTICS,,,,,,,,,,,,,,,,,,,,,,,,,,,,,
496,WOS:001319794200001,Toward a responsible future: recommendations for AI-enabled clinical decision support,10.1093/jamia/ocae209,Article,2024.0,31.0,11,"Labkoff, Steven; Oladimeji, Bilikis; Kannry, Joseph; Solomonides, Anthony; Leftwich, Russell; Koski, Eileen; Joseph, Amanda L.; Lopez-Gonzalez, Monica; Fleisher, Lee A.; Nolen, Kimberly; Dutta, Sayon; Levy, Deborah R.; Price, Amy; Barr, Paul J.; Hron, Jonathan D.; Lin, Baihan; Srivastava, Gyana; Pastor, Nuria; Luque, Unai Sanchez; Bui, Tien Thi Thuy; Singh, Reva; Williams, Tayler; Weiner, Mark G.; Naumann, Tristan; Sittig, Dean F.; Jackson, Gretchen Purcell; Quintana, Yuri",1067-5027,clinical decision support| artificial intelligence| clinician AI competencies| patient safety| algorithmic transparency,,,,,,,,,,,,,,,,,,,,,,,,,,,,,
497,WOS:001377476800001,"Leveraging artificial intelligence to reduce diagnostic errors in emergency medicine: Challenges, opportunities, and future directions",10.1111/acem.15066,Article,2025.0,32.0,3,"Taylor, R. Andrew; Sangal, Rohit B.; Smith, Moira E.; Haimovich, Adrian D.; Rodman, Adam; Iscoe, Mark S.; Pavuluri, Suresh K.; Rose, Christian; Janke, Alexander T.; Wright, Donald S.; Socrates, Vimig; Declan, Arwen",1069-6563,,,,,,,,,,,,,,,,,,,,,,,,,,,,,,
498,WOS:001524669100001,"Evaluating accountability, transparency, and bias in AI-assisted healthcare decision- making: a qualitative study of healthcare professionals' perspectives in the UK",10.1186/s12910-025-01243-z,Article,2025.0,26.0,1,"Nouis, Saoudi C. E.; Uren, Victoria; Jariwala, Srushti",1472-6939,Electronic health record| Artificial intelligence| Clinical Decision-Making| Accountability| Transparency| Bias| Qualitative research| Healthcare ethics,,,,,,,,,,,,,,,,,,,,,,,,,,,,,
501,WOS:001034826900001,Artificial intelligence (AI) in dental curricula: Ethics and responsible integration,10.1002/jdd.13337,Article,2023.0,87.0,11,"Kim, Clara S.; Samaniego, Cheryl S.; Melo, Saulo L. Sousa L.; Brachvogel, William A.; Baskaran, Krithika; Rulli, Danielle",0022-0337,artificial intelligence| curriculum| dental education| dental health education,,,,,,,,,,,,,,,,,,,,,,,,,,,,,
502,WOS:000471649100002,Understanding health management and safety decisions using signal processing and machine learning,10.1186/s12874-019-0756-2,Article,2019.0,19.0,,"Aufegger, Lisa; Bicknell, Colin; Soane, Emma; Ashrafian, Hutan; Darzi, Ara",,,,,,,,,,,,,,,,,,,,,,,,,,,,,,,
503,WOS:001334280200001,Australian Dentists' Knowledge of the Consequences of Interpretive Errors in Dental Radiographs and Potential Mitigation Measures,10.1002/cre2.70027,Article,2024.0,10.0,6,"Hegde, Shwetha; Nanayakkara, Shanika; Cox, Stephen; Vasa, Rajesh; Gao, Jinlong",2057-4347,dental radiography| medical errors| patient safety| radiographic image interpretation,,,,,,,,,,,,,,,,,,,,,,,,,,,,,
504,WOS:000579398500001,Evaluation of ML-Based Clinical Decision Support Tool to Replace an Existing Tool in an Academic Health System: Lessons Learned,10.3390/jpm10030104,Article,2020.0,10.0,3,"Woo, Myung; Alhanti, Brooke; Lusk, Sam; Dunston, Felicia; Blackwelder, Stephen; Lytle, Kay S.; Goldstein, Benjamin A.; Bedoya, Armando",,machine learning| artificial intelligence| prevention| intervention| pressure injury| falls| clinical decision support,,,,,,,,,,,,,,,,,,,,,,,,,,,,,
507,WOS:000594986600007,A machine learning-based clinical decision support system to identify prescriptions with a high risk of medication error,10.1093/jamia/ocaa154,Article,2020.0,27.0,11,"Corny, Jennifer; Rajkumar, Asok; Martin, Olivier; Dode, Xavier; Lajonchere, Jean-Patrick; Billuart, Olivier; Bezie, Yvonnick; Buronfosse, Anne",1067-5027,supervised machine learning| electronic prescribing| clinical pharmacy information systems| medication errors| decision support systems| clinical,,,,,,,,,,,,,,,,,,,,,,,,,,,,,
512,WOS:000606832500025,Patient safety and quality improvement: Ethical principles for a regulatory approach to bias in healthcare machine learning,10.1093/jamia/ocaa085,Article,2020.0,27.0,12,"McCradden, Melissa D.; Joshi, Shalmali; Anderson, James A.; Mazwi, Mjaye; Goldenberg, Anna; Shaul, Randi Zlotnik",1067-5027,machine learning| systematic bias| healthcare delivery| patient safety| quality improvement,,,,,,,,,,,,,,,,,,,,,,,,,,,,,
513,WOS:000852894500004,Establishing a Prediction Model by Machine Learning for Accident-Related Patient Safety,10.1155/2022/1869252,Article,2022.0,2022.0,,"Huang, Way-Ren; Tseng, Ruo-Chia; Chu, Woei-Chyn",1530-8669,,,,,,,,,,,,,,,,,,,,,,,,,,,,,,
514,WOS:001290547400001,Development and External Validation of a Machine Learning-based Fall Prediction Model for Nursing Home Residents: A Prospective Cohort Study,10.1016/j.jamda.2024.105169,Article,2024.0,25.0,9,"Shao, Lu; Wang, Zhong; Xie, Xiyan; Xiao, Lu; Shi, Ying; Wang, Zhang-an; Zhang, Jun-e",1525-8610,Accidental falls| aged| machine learning| nursing home| risk prediction,,,,,,,,,,,,,,,,,,,,,,,,,,,,,
518,WOS:000871696000001,"The next wave of innovation in laboratory automation: systems for auto-verification, quality control and specimen quality assurance",10.1515/cclm-2022-0409,Article,2023.0,61.0,1,"Brown, A. Shane; Badrick, Tony",1434-6621,human factors| laboratory efficiency| patient safety| total laboratory automation,,,,,,,,,,,,,,,,,,,,,,,,,,,,,
519,WOS:000471756000009,Successful implementation of an automated electronic support system for patient safety monitoring: The alemtuzumab in multiple sclerosis safety systems (AMS3) study,10.1177/1352458518783673,Article,2019.0,25.0,8,"Reddel, Stephen W.; Barnett, Michael H.; Riminton, Sean; Dugal, Tej; Buzzard, Katherine; Wang, Chenu Tim; Fitzgerald, Fiona; Beadnall, Heidi N.; Erickson, Diane; Gahan, David; Wang, Daniel; Ackland, Toby; Thompson, Richard",1352-4585,Alemtuzumab| autoimmune| automation| clinical decision support system| electronic monitoring| immune thrombocytopenic purpura| pathology monitoring| smartphone,,,,,,,,,,,,,,,,,,,,,,,,,,,,,
536,WOS:000619607900005,"Comparison of an Artificial Intelligence-Enabled Patient Decision Aid vs Educational Material on Decision Quality, Shared Decision-Making, Patient Experience, and Functional Outcomes in Adults With Knee Osteoarthritis A Randomized Clinical Trial",10.1001/jamanetworkopen.2020.37107,Article,2021.0,4.0,2,"Jayakumar, Prakash; Moore, Meredith G.; Furlough, Kenneth A.; Uhler, Lauren M.; Andrawis, John P.; Koenig, Karl M.; Aksan, Nazan; Rathouz, Paul J.; Bozic, Kevin J.",2574-3805,,,,,,,,,,,,,,,,,,,,,,,,,,,,,,
537,WOS:000647954500007,"Artificial intelligence-enabled electrocardiograms for identification of patients with low ejection fraction: a pragmatic, randomized clinical trial",10.1038/s41591-021-01335-4,Article,2021.0,27.0,5,"Yao, Xiaoxi; Rushlow, David R.; Inselman, Jonathan W.; McCoy, Rozalina G.; Thacher, Thomas D.; Behnken, Emma M.; Bernard, Matthew E.; Rosas, Steven L.; Akfaly, Abdulla; Misra, Artika; Molling, Paul E.; Krien, Joseph S.; Foss, Randy M.; Barry, Barbara A.; Siontis, Konstantinos C.; Kapa, Suraj; Pellikka, Patricia A.; Lopez-Jimenez, Francisco; Attia, Zachi I.; Shah, Nilay D.; Friedman, Paul A.; Noseworthy, Peter A.",1078-8956,,,,,,,,,,,,,,,,,,,,,,,,,,,,,,
538,WOS:001379189100001,Developing an artificial intelligence-based decision engine for disease-modifying therapy in heart failure: a pilot study,10.1093/ehjdh/ztad075,Article,2024.0,6.0,2,"Gingele, Arno J.; Amin, Hesam; De Wit, Kurt; Jacobsen, Malte; Hageman, Arjan; van der Mierden, Kay; Brandts, Julia; Weerts, Jerremy; Barrett, Matthew; Dixon, Lana J.; Hill, Loreena; Knackstedt, Christian; Brunner-La Rocca, Hans-Peter",,Heart failure| Artificial intelligence| Decision support systems| Clinical| Guideline,,,,,,,,,,,,,,,,,,,,,,,,,,,,,
539,WOS:001486127400001,Construction and Evaluation of an Artificial Intelligence Assistant Decision-Making System Focused on the Treat-to-Target Framework and Full Process Management for Atopic Dermatitis: Study Protocol for a Randomized Controlled Trial,10.3390/jcm14093015,Article,2025.0,14.0,9,"Li, Mengmeng; Liu, Qingfeng; Chen, Yujia; Liu, Youqin; He, Chun; Li, Jingyi",,atopic dermatitis| treat to target| artificial intelligence assistant decision-making system,,,,,,,,,,,,,,,,,,,,,,,,,,,,,
540,WOS:001504505000002,Artificial intelligence-assisted diagnosis and prognostication in low ejection fraction using electrocardiograms in inpatient department: a pragmatic randomized controlled trial,10.1186/s12916-025-04190-z,Article,2025.0,23.0,1,"Tsai, Dung-Jang; Lin, Chin; Liu, Wei-Ting; Lee, Chiao-Chin; Chang, Chiao-Hsiang; Lin, Wen-Yu; Liu, Yu-Lan; Chang, Da-Wei; Hsieh, Ping-Hsuan; Tsai, Chien-Sung; Chen, Yuan-Hao; Hung, Yi-Jen; Lin, Chin-Sheng",1741-7015,Artificial intelligence| Electrocardiogram| Rapid response systems| Low Ejection Fraction| Randomized clinical trial| High-intensity care| Deep learning| Track and trigger system| Hospital information system| Electronic health records,,,,,,,,,,,,,,,,,,,,,,,,,,,,,
541,WOS:001589866000022,Towards Artificial Intelligence-Based Decision Support for Large-Scale Screening for Atrial Fibrillation,10.1109/JBHI.2025.3579621,Article,2025.0,29.0,10,"Lueken, Markus; Mettner, Jannik; Spicher, Nicolai; Gramlich, Michael; Marx, Nikolaus; Leonhardt, Steffen; Zink, Matthias D.",2168-2194,Electrocardiography| Recording| Atrial fibrillation| Arrhythmia| Medical diagnostic imaging| Explainable AI| Heart beat| Feature extraction| Training| Time series analysis| embedded neuromorphic computing| explainable artificial intelligence| large-scale ECG screening,,,,,,,,,,,,,,,,,,,,,,,,,,,,,
542,WOS:000557459300031,An Artificial Intelligence Fusion Model for Cardiac Emergency Decision Making: Application and Robustness Analysis,10.2196/19428,Article,2020.0,8.0,7,"Gong, Liheng; Zhang, Xiao; Li, Ling",,artificial intelligence| fusion model| cardiac emergency| robustness,,,,,,,,,,,,,,,,,,,,,,,,,,,,,
543,WOS:001484649700004,Real-Time AI-Assisted Insulin Titration System for Glucose Control in Patients With Type 2 Diabetes A Randomized Clinical Trial,10.1001/jamanetworkopen.2025.8910,Article,2025.0,8.0,5,"Ying, Zhen; Fan, Yujuan; Chen, Congling; Liu, Yuchen; Tang, Qi; Chen, Zhiwei; Yang, Qian; Yan, Hongmei; Wu, Liming; Lu, Jiaping; Liu, Zhiwen; Liu, Jun; Li, Xiaoying; Chen, Ying",2574-3805,,,,,,,,,,,,,,,,,,,,,,,,,,,,,,
544,WOS:001587119400002,AI-Driven Clinical Decision Support to Reduce Hospital-Acquired Venous Thromboembolism A Trial Protocol,10.1001/jamanetworkopen.2025.35137,Article,2025.0,8.0,10,"Walsh, Colin G.; Long, Yufei; Novak, Laurie Lovett; Salwei, Megan E.; Tillman, Benjamin; French, Benjamin; Mixon, Amanda S.; Law, Michelle E.; Franklin, Jacob; Embi, Peter J.",2574-3805,,,,,,,,,,,,,,,,,,,,,,,,,,,,,,
546,WOS:001457450000001,Re-engineering the clinical approach to suspected cardiac chest pain assessment in the emergency department by expediting research evidence to practice using artificial intelligence. (RAPIDx AI)-a cluster randomized study design,10.1016/j.ahj.2025.02.016,Article,2025.0,285.0,,"Khan, Ehsan; Lambrakis, Kristina; Briffa, Tom; Cullen, Louise A.; Karnon, Jonathon; Papendick, Cynthia; Quinn, Stephen; Tideman, Phil; van den Hengel, Anton; Verjans, Johan; Chew, Derek P.",0002-8703,,,,,,,,,,,,,,,,,,,,,,,,,,,,,,
547,WOS:001500988400001,Evaluating the reproducibility of AAST-OIS CT scoring for splenic injuries: the need for standardization,10.1007/s11547-025-02021-y,Article,2025.0,130.0,9,"Sammoud, Skander; Bastide, Sophie; Ghelfi, Julien; Arvieux, Catherine; Monnin-Bares, Valerie; Beregi, Jean-Paul; Tidadini, Fatah; Frandon, Julien",0033-8362,CT scan| Splenic injury| AAST-OIS| High-grade trauma| Reproducibility| Vascular anomaly,,,,,,,,,,,,,,,,,,,,,,,,,,,,,
548,WOS:001522903000018,Nursing-centered development of an AI-based decision support system in pressure ulcer and incontinence-associated dermatitis management - a mixed methods study,10.1186/s12912-025-03448-4,Article,2025.0,24.0,1,"Majjouti, Khalid; Priester, Vanessa; Tapp-Herrenbrueck, Michaela; Brehmer, Alexander; Pinnekamp, Hannah; Aleithe, Michael; Fischer, Uli; Kleesiek, Jens; Hosters, Bernadette",1472-6955,Pressure ulcer prevention| Pressure injury| Incontinence-associated dermatitis| Artificial intelligence| Decision-making support system| Wound management| Evidence-based care,,,,,,,,,,,,,,,,,,,,,,,,,,,,,
549,WOS:001591461500001,"Shared decision making using digital twins in knee osteoarthritis care: a randomized clinical trial of an AI-enabled decision aid versus education alone on decision quality, physical function, and user experience",10.1016/j.eclinm.2025.103545,Article,2025.0,89.0,,"Jayakumar, Prakash; Rathouz, Paul J.; Lin, Eugenia; Trutner, Zoe; Uhler, Lauren M.; Andrawis, John; Koenig, Karl M.; Tsevat, Joel; Bozic, Kevin J.",,Patient centric clinical decision support| Patient reported outcome measurement| Shared decision making| Digital twins: artificial intelligence| Machine learning,,,,,,,,,,,,,,,,,,,,,,,,,,,,,
551,WOS:001245982100001,Revolutionizing Healthcare: Qure.AI's Innovations in Medical Diagnosis and Treatment,10.7759/cureus.61585,Article,2024.0,16.0,6,"Zavaleta-Monestel, Esteban; Quesada-Villasenor, Ricardo; Arguedas-Chacon, Sebastian; Garcia-Montero, Jonathan; Barrantes-Lopez, Monserrat; Salas-Segura, Juliana; Anchia-Alfaro, Adriana; Nieto-Bernal, Daniel; Diaz-Juan, Daniel E.",,x-rays| ai| qureai| qxr| diagnosis| pulmonary nodules| heart failure| deep learning| artificial intelligence,,,,,,,,,,,,,,,,,,,,,,,,,,,,,
552,WOS:001473152700001,A multicenter pragmatic implementation study of AI-ECG-based clinical decision support software to identify low LVEF: Clinical trial design and methods,10.1016/j.ahjo.2025.100528,Article,2025.0,54.0,,"Lopez-Jimenez, Francisco; Alger, Heather M.; Attia, Zachi I.; Barry, Barbara; Chatterjee, Ranee; Dolor, Rowena; Friedman, Paul A.; Greene, Stephen J.; Greenwood, Jason; Gundurao, Vinay; Hackett, Sarah; Jain, Prerak; Kinaszczuk, Anja; Mehta, Ketan; O'Grady, Jason; Pandey, Ambarish; Pullins, Christopher; Puranik, Arjun R.; Ranganathan, Mohan Krishna; Rushlow, David; Stampehl, Mark; Subramanian, Vinayak; Vassor, Kitzner; Zhu, Xuan; Awasthi, Samir",,Electrocardiogram| Artificial intelligence| Left ventricular ejection fraction| Heart failure| Clinical decision support| Best practice alerts| Pragmatic implementation study,,,,,,,,,,,,,,,,,,,,,,,,,,,,,
555,WOS:001504520000009,Prospective Human Validation of Artificial Intelligence Interventions in Cardiology: A Scoping Review,10.1016/j.jacadv.2024.101202,Article,2024.0,3.0,9,"Moosavi, Amirhossein; Huang, Steven; Vahabi, Maryam; Motamedivafa, Bahar; Tian, Nelly; Mahmood, Rafid; Liu, Peter; Sun, Christopher L. F.",,randomized clinical trial| human expert validation| machine learning| deep learning| scoping review,,,,,,,,,,,,,,,,,,,,,,,,,,,,,
558,WOS:000693653700001,Point-of-care detection and differentiation of anticoagulant therapy - development of thromboelastometry-guided decision-making support algorithms,10.1186/s12959-021-00313-7,Article,2021.0,19.0,1,"Schaefer, Simon T.; Otto, Anne-Christine; Acevedo, Alice-Christin; Goerlinger, Klaus; Massberg, Steffen; Kammerer, Tobias; Groene, Philipp",1477-9560,Direct-acting oral anticoagulants| Direct thrombin inhibitors| Direct factor Xa inhibitors| Thromboelastometry,,,,,,,,,,,,,,,,,,,,,,,,,,,,,
559,WOS:001067770500024,"Development, External Validation, and Visualization of Machine Learning Models for Predicting Occurrence of Acute Kidney Injury after Cardiac Surgery",10.31083/j.rcm2408229,Article,2023.0,24.0,8,"Shao, Jiakang; Liu, Feng; Ji, Shuaifei; Song, Chao; Ma, Yan; Shen, Ming; Sun, Yuntian; Zhu, Siming; Guo, Yilong; Liu, Bing; Wu, Yuanbin; Qin, Handai; Lai, Shengwei; Fan, Yunlong",1530-6550,acute kidney injury| cardiac surgery| machine learning| prediction model| precision medicine,,,,,,,,,,,,,,,,,,,,,,,,,,,,,
560,WOS:001533711300020,Investigating the effectiveness of an intraoperative decision support guided fluid therapy intervention on postoperative outcome of high-risk patients undergoing high-risk abdominal surgery: protocol for an international multicentre stepped-wedge cluster-randomised implementation trial,10.1016/j.bjao.2025.100421,Article,2025.0,14.0,,"Coeckelenbergh, Sean; Delaporte, Amelie; Rousseleau, Damien; De Montblanc, Jacques; Roullet, Stephanie; Ramadan, Joanna; Cholley, Bernard; Sitbon, Alexandre; Weiss, Emmanuel; Kassab, Maria-Christina; Diop, Sylvain; Manzi, Elsa; Pustetto, Marco; Bonette, Guillaume Porta; Guinot, Pierre Gregoire; Guerci, Philippe; Vanhonacker, Domien; Carrier, Francois Martin; Alexander, Brenton; Rinehart, Joseph; Boldt, David; Grogan, Tristan; Cannesson, Maxime; Duranteau, Jacques; Grimaldi, Lamiae; Pereira, Bruno; Joosten, Alexandre",,acute kidney injury| complications| fluid therapy| goal directed therapy| haemodynamic monitoring| haemodynamic optimisation| high-risk surgery| mortality| outcome| surgery,,,,,,,,,,,,,,,,,,,,,,,,,,,,,
562,WOS:001198237600001,"5-EPIFAT trial protocol: a multi-center, randomized, placebo-controlled trial of the efficacy of pharmacotherapy for fatigue using methylphenidate, bupropion, ginseng, and amantadine in advanced cancer patients on active treatment",10.1186/s13063-024-08078-w,Article,2024.0,25.0,1,"Miladinia, Mojtaba; Jahangiri, Mina; White, Sharon Jackson; Karimpourian, Hossein; Inno, Alessandro; Chan, Sally Wai-Chi; Ganji, Reza; Maniati, Mahmood; Zarea, Kourosh; Ghalamkari, Marziyeh; Farahat, Ali; Fagerstrom, Cecilia",,Fatigue| Pharmacological treatment| Protocol| Randomized controlled trial| Study design,,,,,,,,,,,,,,,,,,,,,,,,,,,,,
564,WOS:000374248700019,Concordance of HIV-1 RNA Values by Amplicor and TaqMan 2.0 in Patients With Confirmed Suppression in Clinical Trials,10.1093/cid/civ1034,Article,2016.0,62.0,7,"Garner, Will; White, Kirsten; Szwarcberg, Javier; McCallister, Scott; Zhong, Lijie; Wulfsohn, Mike",1058-4838,Amplicor| TaqMan 2.0| discordant| viremia,,,,,,,,,,,,,,,,,,,,,,,,,,,,,
565,WOS:000772331200030,The SMART Framework: Selection of Machine Learning Algorithms With ReplicaTions-A Case Study on the Microvascular Complications of Diabetes,10.1109/JBHI.2021.3094777,Article,2022.0,26.0,2,"Swan, Breanna P.; Mayorga, Maria E.; Ivy, Julie S.",2168-2194,Data-driven modeling| decision theory| diabetes| machine learning,,,,,,,,,,,,,,,,,,,,,,,,,,,,,
566,WOS:001462066400001,"Personalised selection of medication for newly diagnosed adult epilepsy: study protocol of a first-in-class, double-blind, randomised controlled trial",10.1136/bmjopen-2024-086607,Article,2025.0,15.0,4,"Thom, Daniel; Chang, Richard Shek-kwan; Lannin, Natasha A.; Ademi, Zanfina; Ge, Zongyuan; Reutens, David; O'Brien, Terence; D'Souza, Wendyl; Perucca, Piero; Reeder, Sandra; Nikpour, Armin; Wong, Chong; Kiley, Michelle; Saw, Jacqui-Lyn; Nicolo, John-Paul; Seneviratne, Udaya; Carney, Patrick; Jones, Dean; Somerville, Ernest; Stapleton, Clare; Foster, Emma; Vadlamudi, Lata; Vaughan, David N.; Lee, James; Farrar, Tania; Howard, Mark; Sparrow, Robert; Chen, Zhibin; Kwan, Patrick",2044-6055,Artificial Intelligence| Machine Learning| Epilepsy| Clinical Trial,,,,,,,,,,,,,,,,,,,,,,,,,,,,,
568,WOS:000794704300001,Identifying Blood Biomarkers for Dementia Using Machine Learning Methods in the Framingham Heart Study,10.3390/cells11091506,Article,2022.0,11.0,9,"Lin, Honghuang; Himali, Jayandra J.; Satizabal, Claudia L.; Beiser, Alexa S.; Levy, Daniel; Benjamin, Emelia J.; Gonzales, Mitzi M.; Ghosh, Saptaparni; Vasan, Ramachandran S.; Seshadri, Sudha; McGrath, Emer R.",,dementia| risk prediction| biomarkers| blood biomarkers| machine learning,,,,,,,,,,,,,,,,,,,,,,,,,,,,,
571,WOS:000405852400009,Text Mining of the Electronic Health Record: An Information Extraction Approach for Automated Identification and Subphenotyping of HFpEF Patients for Clinical Trials,10.1007/s12265-017-9752-2,Article,2017.0,10.0,3,"Jonnalagadda, Siddhartha R.; Adupa, Abhishek K.; Garg, Ravi P.; Corona-Cox, Jessica; Shah, Sanjiv J.",1937-5387,Information extraction| Natural language processing| Clinical trials| Precision medicine,,,,,,,,,,,,,,,,,,,,,,,,,,,,,
572,WOS:000498868800013,Comparison of Automated CT Perfusion Softwares in Evaluation of Acute Ischemic Stroke,10.1016/j.jstrokecerebrovasdis.2019.104392,Article,2019.0,28.0,12,"Xiong, Yunyun; Huang, Chiwen C.; Fisher, Marc; Hackney, David B.; Bhadelia, Rafeeque A.; Selim, Magdy H.",1052-3057,Stroke| computed tomography| perfusion imaging| RAPID| Olea,,,,,,,,,,,,,,,,,,,,,,,,,,,,,
573,WOS:000828315100001,Artificial Intelligence in Cardiovascular Medicine: Current Insights and Future Prospects,10.2147/VHRM.S279337,Article,2022.0,18.0,,"Haq, Ikram U.; Chhatwal, Karanjot; Sanaka, Krishna; Xu, Bo",1176-6344,artificial intelligence| cardiovascular medicine| machine learning| neural networks,,,,,,,,,,,,,,,,,,,,,,,,,,,,,
0,,"Advancements in central control for IFMIF-DONES: Integrating CODAC, MPS, and SCS into a unified control framework",10.1016/j.fusengdes.2025.115345,Article,,220,,"Cappelli, M.;Ambi, F.;Botta, E.;Cruz, J.;Diaz, J.;Chen, Z.;Dwojewski, D.;Giacchini, M.;Gutierrez, V.;Lorenzo, R.;Montis, M.;Sousa, J.;Ibarra, A.",09203796,Artificial intelligence | CICS | fusion energy | IFMIF-DONES | Real-time control | Safety,2-s2.0-105011086954,S0920379625005411,,ar,Cappelli M.,60027844;60022134;60005233;60019637;60110942;60073836;130886768;127284049;129480242,"Universidad de Granada;Aalborg University;Centro de Investigaciones Energéticas, Medioambientales y Tecnológicas;Ente Per Le Nuove Tecnologie, l'Energia e l'Ambiente;Istituto Nazionale di Fisica Nucleare, Sezione di Padova;Ansaldo Energia;IFMIF-DONES España Consortium;IPFN;S2 Innovations",Granada;Aalborg;Madrid;Rome;Padua;Genoa;Granada;Lisbon;Krakow,Spain;Denmark;Spain;Italy;Italy;Italy;Spain;Portugal;Poland,13.0,55481495700;44760939800;14023981600;60005182200;55416122600;60004555100;60005336300;8699897200;57196653502;58107575200;57201519471;24296788700;55330269400,60019637;60073836;60073836;60027844;60027844;60022134;129480242;60110942;60005233;130886768;60005233;127284049;130886768,2025-11-01,November 2025,Fusion Engineering and Design,20344.0,,Journal,,115345,,"The International Fusion Materials Irradiation Facility-DEMO[sbnd]Oriented NEutron Source (IFMIF-DONES) represents a cutting-edge accelerator-based neutron source designed to produce high-energy neutrons for the irradiation of materials intended for use in DEMO, the future fusion reactor. Given the complexity of such a facility, a robust central control system is indispensable to ensure safe supervision and management of all operations. This paper provides an overview of recent advancements in the design of the Central Instrumentation and Control Systems (CICS) for IFMIF-DONES, focusing on the transition to the definition design phase. Employing a distributed approach, the architecture utilizes fast devices and dedicated networks for real-time communication among control units. This paper outlines the current status of the design for each CICS system and discusses existing and future plans for their integration into a unified control framework. The ongoing effort to integrate all CICS systems into a cohesive framework faces various challenges, such as data acquisition synchronization and interlock management. The integration of subsystems within CICS may be powerfully enhanced using artificial intelligence tools by enabling data-driven decision-making, proactive maintenance, adaptive control, and intelligent optimization.",1.0,1.0,all publisherhybridgold,All Open Access Hybrid Gold,EU,101052200 — EUROfusion,European Commission
1,,Rationale and design of the GOLDEN BRIDGE II: a cluster-randomised multifaceted intervention trial of an artificial intelligence-based cerebrovascular disease clinical decision support system to improve stroke outcomes and care quality in China,10.1136/svn-2023-002411,Article,,9,,"Li, Zixiao;Zhang, Xinmiao;Ding, Lingling;Jing, Jing;Gu, Hong Qiu;Jiang, Yong;Meng, Xia;Du, Chunying;Wang, Chunjuan;Wang, Meng;Xu, Man;Zhang, Yanxu;Hu, Meera;Li, Hao;Gong, Xiping;Dong, Kehui;Zhao, Xingquan;Wang, Yilong;Liu, Liping;Xian, Ying;Peterson, Eric;Fonarow, Gregg C.;Schwamm, Lee H.;Wang, Yongjun",20598688,Stroke,2-s2.0-85172372021,,37699726.0,ar,Li Z.,60029929;60122781;60026695;60026707;60014739;60073452;60032023;125957652,"Massachusetts General Hospital;Chinese Academy of Medical Sciences & Peking Union Medical College;UT Southwestern Medical Center;Capital Medical University;UT Southwestern Medical School;Beijing Tiantan Hospital, Capital Medical University;Ronald Reagan UCLA Medical Center;Chinese Institute for Brain Research",Boston;Beijing;Dallas;Beijing;Dallas;Beijing;Los Angeles;Beijing,United States;China;United States;China;United States;China;United States;China,24.0,57205356183;56659532100;57193908264;36910639500;56479813000;57211868906;57218359252;58620182800;57218359472;59122318300;58619151600;58618896400;58618896500;57196362947;12144284300;23033777600;7407574974;57219932873;57221211282;36864743000;36065734400;57216624614;7004541381;8320879700,60073452-125957652-60122781;60073452;60073452;60073452;60073452;60073452;60073452;60073452;60073452;60073452;60073452;60073452;60073452;60073452;60073452;60073452;60073452-60122781;60073452;60073452;60014739;60026695;60032023;60029929;60073452-60122781-60026707,2024-12-30,30 December 2024,Stroke and Vascular Neurology,21100869857.0,20598696,Journal,6,,723-729,"Background Given the swift advancements in artificial intelligence (AI), the utilisation of AI-based clinical decision support systems (AI-CDSSs) has become increasingly prevalent in the medical domain, particularly in the management of cerebrovascular disease. Aims To describe the design, rationale and methods of a cluster-randomised multifaceted intervention trial aimed at investigating the effect of cerebrovascular disease AI-CDSS on the clinical outcomes of patients who had a stroke and on stroke care quality. Design The GOLDEN BRIDGE II trial is a multicentre, open-label, cluster-randomised multifaceted intervention study. A total of 80 hospitals in China were randomly assigned to the AI-CDSS intervention group or the control group. For eligible participants with acute ischaemic stroke in the AI-CDSS intervention group, cerebrovascular disease AI-CDSS will provide AI-assisted imaging analysis, auxiliary stroke aetiology and pathogenesis analysis, and guideline-based treatment recommendations. In the control group, patients will receive the usual care. The primary outcome is the occurrence of new vascular events (composite of ischaemic stroke, haemorrhagic stroke, myocardial infarction or vascular death) at 3 months after stroke onset. The sample size was estimated to be 21 689 with a 26% relative reduction in the incidence of new composite vascular events at 3 months by using multiple quality-improving interventions provided by AI-CDSS. All analyses will be performed according to the intention-to-treat principle and accounted for clustering using generalised estimating equations. Conclusions Once the effectiveness is verified, the cerebrovascular disease AI-CDSS could improve stroke care and outcomes in China.",8.0,1.0,all publisherfullgold repository repositoryam,All Open Access Gold Green,CAMS,SML20150502,Beijing Municipal Administration of Hospitals
2,,"Impact of e-ASPECTS software on the performance of physicians compared to a consensus ground truth: a multi-reader, multi-case study",10.3389/fneur.2023.1221255,Article,,14,,"Kobeissi, Hassan;Kallmes, David F.;Benson, John;Nagelschneider, Alex;Madhavan, Ajay;Messina, Steven A.;Schwartz, Kara;Campeau, Norbert;Carr, Carrie M.;Nasr, Deena M.;Braksick, Sherri;Scharf, Eugene L.;Klaas, James;Woodhead, Zoe Victoria Joan;Harston, George;Briggs, James;Joly, Olivier;Gerry, Stephen;Kuhn, Anna L.;Kostas, Angelos A.;Nael, Kambiz;AbdalKader, Mohamad;Kadirvel, Ramanathan;Brinjikji, Waleed",,ASPECTS | imaging | neuroradiology | stroke | thrombectomy,2-s2.0-85171829972,,,ar,Kobeissi H.,60005558;60002634;60000986;60007988;60003526;60170323;60026941;60012860;60271541,Mayo Clinic;University of Oxford Medical Sciences Division;University of Massachusetts Chan Medical School;UCI School of Medicine;Boston Medical Center;Oxford University Hospitals NHS Foundation Trust;Royal Berkshire NHS Foundation Trust;Huntington Hospital;Brainomix Limited,Rochester;Oxford;Worcester;Irvine;Boston;Oxford;Reading;Pasadena;Oxford,United States;United Kingdom;United States;United States;United States;United Kingdom;United Kingdom;United States;United Kingdom,24.0,57395222000;35237237800;55986670500;57201990667;55582417900;57197413849;36937184100;6701656257;35766447400;55558133200;55937645100;24465481100;6506255489;24729588300;55356290300;55317767500;26635334900;55652862200;24314518100;57223203803;8636626000;55881763400;9040778400;26433145700,60005558;60005558;60005558;60005558;60005558;60005558;60005558;60005558;60005558;60005558;60005558;60005558;60005558;60271541;60271541-60170323;60271541-60026941;60271541;60002634;60000986;60012860;60007988;60003526;60005558;60005558,2023-01-01,2023,Frontiers in Neurology,21100212316.0,16642295,Journal,,1221255,,"Background: The Alberta Stroke Program Early CT Score (ASPECTS) is used to quantify the extent of injury to the brain following acute ischemic stroke (AIS) and to inform treatment decisions. The e-ASPECTS software uses artificial intelligence methods to automatically process non-contrast CT (NCCT) brain scans from patients with AIS affecting the middle cerebral artery (MCA) territory and generate an ASPECTS. This study aimed to evaluate the impact of e-ASPECTS (Brainomix, Oxford, UK) on the performance of US physicians compared to a consensus ground truth. Methods: The study used a multi-reader, multi-case design. A total of 10 US board-certified physicians (neurologists and neuroradiologists) scored 54 NCCT brain scans of patients with AIS affecting the MCA territory. Each reader scored each scan on two occasions: once with and once without reference to the e-ASPECTS software, in random order. Agreement with a reference standard (expert consensus read with reference to follow-up imaging) was evaluated with and without software support. Results: A comparison of the area under the curve (AUC) for each reader showed a significant improvement from 0.81 to 0.83 (p = 0.028) with the support of the e-ASPECTS tool. The agreement of reader ASPECTS scoring with the reference standard was improved with e-ASPECTS compared to unassisted reading of scans: Cohen's kappa improved from 0.60 to 0.65, and the case-based weighted Kappa improved from 0.70 to 0.81. Conclusion: Decision support with the e-ASPECTS software significantly improves the accuracy of ASPECTS scoring, even by expert US neurologists and neuroradiologists.",6.0,1.0,all publisherfullgold repository repositoryam,All Open Access Gold Green,,,
0,,Supraspinatus extraction from MRI based on attention-dense spatial pyramid UNet network,10.1186/s13018-023-04509-7,Article,,19,,"Wang, Peng;Liu, Yang;Zhou, Zhong",,Deep learning | Medical imaging | MRI | Rotator cuff | Supraspinatus extraction,2-s2.0-85182235668,,38216968.0,ar,Wang P.,60064143;60005189,Nanjing University of Information Science & Technology;Nanjing University of Chinese Medicine,Nanjing;Nanjing,China;China,3.0,58737415700;58748336200;58809991700,60005189;60064143;60005189,2024-12-01,December 2024,Journal of Orthopaedic Surgery and Research,5700191212.0,1749799X,Journal,1,60,,"Background: With potential of deep learning in musculoskeletal image interpretation being explored, this paper focuses on the common site of rotator cuff tears, the supraspinatus. It aims to propose and validate a deep learning model to automatically extract the supraspinatus, verifying its superiority through comparison with several classical image segmentation models. Method: Imaging data were retrospectively collected from 60 patients who underwent inpatient treatment for rotator cuff tears at a hospital between March 2021 and May 2023. A dataset of the supraspinatus from MRI was constructed after collecting, filtering, and manually annotating at the pixel level. This paper proposes a novel A-DAsppUnet network that can automatically extract the supraspinatus after training and optimization. The analysis of model performance is based on three evaluation metrics: precision, intersection over union, and Dice coefficient. Results: The experimental results demonstrate that the precision, intersection over union, and Dice coefficients of the proposed model are 99.20%, 83.38%, and 90.94%, respectively. Furthermore, the proposed model exhibited significant advantages over the compared models. Conclusion: The designed model in this paper accurately extracts the supraspinatus from MRI, and the extraction results are complete and continuous with clear boundaries. The feasibility of using deep learning methods for musculoskeletal extraction and assisting in clinical decision-making was verified. This research holds practical significance and application value in the field of utilizing artificial intelligence for assisting medical decision-making.",4.0,1.0,all publisherfullgold repository repositoryam,All Open Access Gold Green,,SJCX22-0836,
1,,Using Artificial Intelligence Chatbots as a Radiologic Decision-Making Tool for Liver Imaging: Do ChatGPT and Bard Communicate Information Consistent With the ACR Appropriateness Criteria?,10.1016/j.jacr.2023.07.010,Article,,20,,"Patil, Nikhil S.;Huang, Ryan S.;van der Pol, Christian B.;Larocque, Natasha",15461440,,2-s2.0-85168145286,S1546144023005380,37517768.0,ar,Patil N.S.,60031828;60021600;60193300,McMaster University;University of Toronto Faculty of Medicine;Michael G. DeGroote School of Medicine,Hamilton;Toronto;Hamilton,Canada;Canada;Canada,4.0,57641507300;58539157700;56255634900;56175273700,60193300;60021600;60031828;60031828,2023-10-01,October 2023,Journal of the American College of Radiology,130052.0,1558349X,Journal,10,,1010-1013,,24.0,0.0,,,,,
2,,Development of artificial intelligence-based clinical decision support system for diagnosis of meniscal injury using magnetic resonance images,10.1016/j.bspc.2022.104523,Article,,82,,"Chou, Yi Ting;Lin, Ching Ting;Chang, Ting An;Wu, Ya Lun;Yu, Cheng En;Ho, Tsung Yu;Chen, Hui Yi;Hsu, Kai Cheng;Kuang-Sheng Lee, Oscar",17468094,Arthroscopy | Artificial Intelligence | Knee | Magnetic Resonance Imaging | Meniscal tear diagnosis,2-s2.0-85145971109,S1746809422009776,,ar,Chou Y.T.,60031941;60199493;60211900,China Medical University Hospital;National Yang Ming Chiao Tung University;School of Medicine,Taichung;Hsinchu;Taichung,Taiwan;Taiwan;Taiwan,9.0,57217466809;58054760800;58054831800;57946021800;58054831900;57212020875;36110689200;55424168100;9746642400,60031941-60211900;60031941;60031941;60031941;60211900;60031941-60211900;60031941;60031941;60031941-60211900-60199493,2023-04-01,April 2023,Biomedical Signal Processing and Control,4700152237.0,17468108,Journal,,104523,,"Background: Magnetic resonance imaging (MRI) examinations are often necessary for the diagnosis of meniscal injuries. Due to the quantity and detail of the images in an MRI examination, a careful reading of MR images is time-consuming even for experienced physicians. The use of artificial intelligence (AI) models for interpreting MR images may address this problem. Objective: This study aimed to utilize MR images and arthroscopic findings as a dataset to develop an AI model that can help detect meniscal lesions, and thus aid in the diagnosis of meniscus injuries. Method: Our dataset comprised data from 811 knee MRI studies. MR images were labeled and annotated by two orthopedic surgeons. The training pipeline had two parts. First, Scaled-YOLOv4 was used to detect the position of the meniscus. Second, the EfficientNet-B7 model structure was used to detect meniscal tears. A brief report demonstrating the probability and the position of a normal or torn meniscus was then generated by the AI-based clinical decision support system. Result: The Scaled-YOLOv4 model had areas under the curve (AUCs) of 0.948 and 0.963 in the sagittal and coronal views, respectively. The EfficientNet-B7 model yielded AUCs of 0.984 and 0.972 in the sagittal and coronal views, respectively. High AUCs were achieved both in meniscus localization and meniscal tear detection. Discussion: In this study, we utilized arthroscopic findings, obtained using the optimal meniscal tear diagnosis method, as our ground truth label. Nevertheless, this approach did not provide better model performance than that based on MRI clinical reports. Conclusions: The contributions of this paper include the following points. First, an AI-based clinical decision support system was established to detect meniscal injury based on a deep learning model algorithm. High sensitivity and specificity were achieved by the model system. The model may have substantially facilitated the diagnosis of meniscal injuries from MR images. Second, through the AI detection system, clinicians can obtain a structured report of meniscus rupture, which enables physicians to interpret images more quickly and saves time for physicians to read images.",11.0,0.0,,,NARL,110–2321-B-039–002,National Applied Research Laboratories
0,,Use of artificial intelligence‐guided echocardiography to detect cardiac dysfunction and heart valve disease in rural and remote areas: Rationale and design of the AGILE‐echo trial,10.1016/j.ahj.2024.08.004,Article,,277,,"Soh, Cheng Hwee;Wright, Leah;Baumann, Angus;Seidel, Bastian;Yu, Christopher;Nolan, Mark;Mylius, Tony;Marwick, Thomas H.",00028703,,2-s2.0-85201216269,S0002870324001984,39128659.0,ar,Soh C.H.,60033409;60027621;60087850;60009655;60343003;131562539;131562638,Baker Heart and Diabetes Institute;Menzies Institute for Medical Research;The University of Sydney Nepean Clinical School;Alice Springs Hospital;Baker Department of Cardiometabolic Health;Merredin District Hospital;Ochre Medical Centre,Melbourne;Hobart;Sydney;Alice Springs;Melbourne;Wheatbelt;Hobart,Australia;Australia;Australia;Australia;Australia;Australia;Australia,8.0,57213620942;56212896300;57205170995;57764392000;57201889762;56432213600;59259377200;7102424966,60033409-60343003;60033409;60009655;131562638;122564358-60087850;60033409;131562539;60033409-60343003-60027621,2024-11-01,November 2024,American Heart Journal,22414.0,10976744,Journal,,,11-19,"Background: Transthoracic echocardiography (TTE) is essential in the diagnosis of cardiovascular diseases (CVD), including but not limited to heart failure (HF) and heart valve disease (HVD). However, its dependence on expert acquisition means that its accessibility in rural areas may be limited, leading to delayed management decisions and potential missed diagnoses. Artificial intelligence-guided (AI)-TTE offers a solution by permitting non-expert image acquisition. The impact of AI-TTE on the timing of diagnosis and early initiation of cardioprotection is undefined. Methods: AGILE-Echo (use of Artificial intelligence-Guided echocardiography to assIst cardiovascuLar patient managEment) is a randomized-controlled trial conducted in 5 rural and remote areas around Australia. Adults with CV risk factors and exercise intolerance, or concerns regarding HVD are randomized into AI-TTE or usual care (UC). AI-TTE participants may have a cardiovascular problem excluded, identified (leading to AI-guided interventions) or unresolved (leading to conventional TTE). UC participants undergo usual management, including referral for standard TTE. The primary endpoint is a composite of HVD or HF diagnosis at 12-months. Subgroup analysis, stratified based on age range and sex, will be conducted. All statistical analyses will be conducted using R. Results: Of the first 157 participants, 78 have been randomized into AI-TTE (median age 68 [IQR 17]) and 79 to UC (median age 65 [IQR 17], P = .034). HVD was the primary concern in 37 participants (23.6%) while 84.7% (n = 133) experienced exercise intolerance. The overall 10-year HF incidence risk was 13.4% and 20.0% (P = .089) for UC and AI-TTE arm respectively. Atrial remodeling, left ventricular remodeling and valvular regurgitation were the most common findings. Thirty-three patients (42.3%) showed no abnormalities. Conclusions: This randomized-controlled trial of AI-TTE will provide proof-of-concept for the role of AI-TTE in identifying pre-symptomatic HF or HVD when access to TTE is limited. Additionally, this could promote the usage of AI-TTE in rural or remote areas, ultimately improving health and quality of life of community dwelling adults with risks, signs or symptoms of cardiac dysfunction.",6.0,1.0,all publisherhybridgold,All Open Access Hybrid Gold,,,
1,,Building clinician trust in AI-assisted neurodiagnostics: A case-based evaluation,10.1016/j.inat.2025.102144,Article,,42,,"Angu Bala Ganesh, K. S.V.;Mishra, Ved Prakash;Jayanthiladevi, A.;Verma, Amit Kumar",,AI-Assisted Diagnosis | Artificial Intelligence (AI) | Clinician Trust | Deep Learning | Explainable AI (XAI) | Neurodegenerative Diseases | Neurodiagnostics | Stroke Detection,2-s2.0-105022489567,S2214751925001562,,ar,Angu Bala Ganesh K.S.V.,60014137;60109375;60122457;60286058,Mahatma Jyotiba Phule Rohilkhand University;Amity University Dubai;Adichunchanagiri University;Gujarat Adani Institute of Medical Sciences,Bareilly;Dubai;Mandya;Bhuj,India;United Arab Emirates;India;India,4.0,58993866800;57195472330;55661920400;59149118300,60286058;60109375;60122457;60014137,2025-12-01,December 2025,Interdisciplinary Neurosurgery Advanced Techniques and Case Management,21100315995.0,22147519,Journal,,102144,,"Neurodiagnostics and AI: How Artificial Intelligence is changing the Future of Neurodiagnostics. Clinician trust is critical for successfully adopting AI-assisted tools in clinical settings. Here, we evaluate clinician trust in AI-based neurodiagnostic solutions using a simulated multicast-medicine scenario about stroke, neurodegenerative disease, and traumatic brain injury (TBI). Then, we study the reliability, explainability, and acceptance of the AI-generated diagnoses by both the deep learning models and XAI (explainable AI) methods. These results pinpoint significant predictors of clinician confidence and pathways for potential interventions to induce AI adaptation in neurodiagnostics. AI revolutionizes neurodiagnostics and provides more effective and cost-effective methods to detect neuro diseases. But clinicians’ trust in these tools is essential for the successful implementation of AI in clinical practice. This study evaluates clinician trust in AI neurodiagnostic tools in different clinical vignette cases based on those associated with reliability, interpretability, and agreement between AI models and expert judgments. We assess clinician responses (including those of IS, TBI, and neurodegenerative diseases) to AI-generated diagnoses using an AI-based decision-support system with deep learning and explainable AI methods. Our findings add to a growing understanding of factors that could influence clinician uptake and strategies to optimize AI-enabled diagnostic use in neurologic practice.",0.0,1.0,all publisherfullgold,All Open Access Gold,,,
3,,Artificial Intelligence in Nuclear Power: A Review of Promising Areas and Application Specifics,10.32918/nrs.2025.2(106).07,Article,,,,"Golyonko, O.;Ulych, I.;Ogir, O.;Dybach, O.",20736231,artificial intelligence | nuclear power | regulatory infrastructure | safety | безпека | регуляторна інфраструктура | штучний інтелект | ядерна енергетика,2-s2.0-105010430002,,,ar,Golyonko O.,60110372;60274876,State Scientific and Technical Center for Nuclear and Radiation Safety;G.E. Pukhov Institute for Modelling in Energy Engineering of the National Academy of Sciences of Ukraine,Kyiv;Kyiv,Ukraine;Ukraine,4.0,59987671900;59987672000;59988439300;56181260400,60110372;60110372;60274876;60110372,2025-01-01,2025,Nuclear and Radiation Safety,21100212322.0,,Journal,2(106),,66-79,"This paper presents an in-depth analysis of the current status and emerging trends in the application of artificial intelligence (AI) technologies in the nuclear power sector, based on a systematic bibliographic review of scientific publications. The study identifies key areas where AI is showing strong potential for enhancing operational efficiency, safety and decision-making process. They include predictive maintenance, real-time equipment condition monitoring, early detection and analysis of accident scenarios and intelligent support for operator and regulatory decisions. An overview of AI technologies is provided, including machine learning, deep learning, neural networks, natural language processing, computer vision, expert systems, and swarm intelligence. The paper highlights that AI is no longer limited to conceptual research; it is increasingly being tested and implemented through pilot projects by both industry and regulatory authorities. The review underscores that AI integration in the nuclear sector, while promising, presents a set of complex technical, regulatory, and ethical challenges. From a regulatory standpoint, the lack of established standards, validation procedures and evaluation tools for AI systems remains a barrier. In Ukraine, foundational steps are being taken at the state level to promote AI adoption in strategic sectors, including nuclear energy. As national and international regulatory frameworks continue to evolve, the safe and responsible use of AI in nuclear power will depend on coordinated efforts among industry stakeholders, researchers and regulatory bodies. With effective risk management, AI has the potential to significantly improve the safety, resilience and operational performance of nuclear power plants.",0.0,1.0,all publisherfullgold,All Open Access Gold,,,
1,,Dual-center study on AI-driven multi-label deep learning for X-ray screening of knee abnormalities,10.1038/s41598-025-21895-6,Article,,15,,"Yasin, Parhat;Yimit, Yasen;Abulimiti, Abuduainijiang;Luan, Haopeng;Peng, Cong;Yakufu, Maihemuti;Song, Xinghua",,AI-Driven application | Artificial intelligence | Deep learning | Knee injuries | Multi-label classification,2-s2.0-105020413686,,41168262.0,ar,Yasin P.,60022554;60002045;125028611;129878499,Xinjiang Medical University;Shandong Provincial Hospital;First People's Hospital of Kashi;Shaanxi Hanzhong Central Hospital,Urumqi;Jinan;Kashi;Hanzhong,China;China;China;China,7.0,58073029500;58643898800;60165445900;57240946300;57445167500;56866369000;16231658300,60022554;125028611;125028611;60002045;129878499;60022554;60022554,2025-12-01,December 2025,Scientific Reports,21100200805.0,20452322,Journal,1,38014,,"Knee abnormalities, such as meniscus tears and ligament injuries, are common in clinical practice and pose significant diagnostic challenges. While traditional imaging techniques—X-ray, Computed Tomography (CT) scan, and Magnetic Resonance Imaging (MRI)—are vital for assessment. However, X-rays and CT scans often fail to adequately visualize soft tissue injuries, and MRIs can be costly and time-consuming. To overcome these limitations, we developed an innovative AI-driven approach that allows for the detection of soft tissue abnormalities directly from X-ray images—a capability traditionally reserved for MRI or arthroscopy. We conducted a retrospective study with 4,215 patients from two medical centers, utilizing knee X-ray images annotated by orthopedic surgeons. The YOLOv11 model automated knee localization, while five convolutional neural networks—ResNet152, DenseNet121, MobileNetV3, ShuffleNetV2, and VGG19—were adapted for multi-label classification of eight conditions: meniscus tears (MENI), anterior cruciate ligament tears (ACL), posterior cruciate ligament injuries (PCL), medial collateral ligament injuries (MCL), lateral collateral ligament injuries (LCL), joint effusion (EFFU), bone marrow edema or contusion (CONT), and soft tissue injuries (STI). Data preprocessing involved normalization and Region of Interest (ROI) extraction, with training enhanced by spatial augmentations. Performance was assessed using mean average precision (mAP), F1-scores, and area under the curve (AUC). We also developed a Windows-based PyQt application and a Flask Web application for clinical integration, incorporating explainable AI techniques (GradCAM, ScoreCAM) for interpretability. The YOLOv11 model achieved precise knee localization with a mAP@0.5 of 0.995. In classification, ResNet152 outperformed others, recording a mAP of 90.1% in internal testing and AUCs up to 0.863 (EFFU) in external testing. End-to-end performance on the external set yielded a mAP of 86.1% and F1-scores of 84.0% with ResNet152. The Windows and web applications successfully processed imaging data, aligning with MRI and arthroscopic findings in cases like ACL and meniscus tears. Explainable AI visualizations clarified model decisions, highlighting key regions for complex injuries, such as concurrent ligament and soft tissue damage, enhancing clinical trust. This AI-driven model markedly improved the precision and efficiency of knee abnormality detection through X-ray analysis. By accurately identifying multiple coexisting conditions in a single pass, it offered a scalable tool to enhance diagnostic workflows and patient outcomes, especially in resource-constrained areas.",0.0,1.0,all publisherfullgold repository repositoryam,All Open Access Gold Green,MOE,WJWY-202331,Ministry of Education
2,,Evaluation of CT and MRI Radiomics for an Early Assessment of Diffuse Axonal Injury in Patients with Traumatic Brain Injury Compared to Conventional Radiological Diagnosis,10.1007/s00062-025-01507-6,Article,,35,,"Meißner, Anna Katharina;Gutsche, Robin;Pennig, Lenhard;Nelles, Christian;Budzejko, Enrico;Hamisch, Christina;Kocher, Martin;Schlamann, Marc;Goldbrunner, Roland;Grau, Stefan;Lohmann, Philipp",18691439,AI-based decision support | Artificial intelligence (AI) | Machine learning | Neuroimaging | Predilection areas,2-s2.0-86000354961,,40053087.0,ar,Meißner A.K.,60012556;60007774;60008658;60001097;60204358,Philipps-Universität Marburg;Forschungszentrum Jülich GmbH;Uniklinik Köln;Uniklinik RWTH Aachen;Medizinische Fakultät,Marburg;Julich;Koln;Aachen;Koln,Germany;Germany;Germany;Germany;Germany,11.0,57223231108;57221116401;57205469775;57188865146;59674356500;36767606700;56353443700;7801556170;55999977700;56277787400;57202025519,60008658;60007774;60204358;60204358;60012556;60008658-60012556;60007774-60008658;60204358;60008658;60012556;60007774-60001097,2025-09-01,September 2025,Clinical Neuroradiology,21100829261.0,18691447,Journal,3,,521-532,"Background: De- and acceleration traumata can cause diffuse axonal injury (DAI) in patients with traumatic brain injury (TBI). The diagnosis of DAI on CT is challenging due to the lack of structural abnormalities. Radiomics, a method from the field of artificial intelligence (AI) offers the opportunity to extract additional information from imaging data. The purpose of this work was the evaluation of the feasibility of radiomics for an improved diagnosis of DAI in comparison to conventional radiological image assessment. Methods: CT and MR imaging was performed in 42 patients suspicious of DAI due to the clinical state, and two control groups (n = 44;42). DAI was diagnosed by experienced neuroradiologists. Radiomics features were extracted using a standardized MRI-based atlas of the predilection areas for DAI. Different MRI and CT based models were trained and validated by five-fold cross validation. Diagnostic performance was compared to the reading of two experienced radiologists and further validated in an external test dataset. Results: The MRI and CT models showed significant differences in radiomics features between patients with DAI and controls. The developed MRI based random forest classifier yielded an accuracy of 80–90%. The best performing CT model yielded an accuracy of 88% in the training data and 70% in the external test data. The results were comparable to conventional image analysis which achieved an accuracy of 70–81% for CT-based diagnosis. Conclusion: MRI- and CT-based radiomics analysis is feasible for the assessment of DAI. The radiomics classifier achieved equivalent performance rates as visual radiological image diagnosis. Especially a radiomics based CT classifier can be of clinical value as a screening and AI-based decision support tool for patients with TBI.",0.0,1.0,all publisherhybridgold repository repositoryam,All Open Access Hybrid Gold Green,,,
3,,Harnessing artificial intelligence for advancing early diagnosis in hidradenitis suppurativa,10.23736/S2784-8671.23.07829-5,Article,,159,,"Crovella, Sergio;Suleman, Muhammad;Tricarico, Paola M.;Al-Khuzaei, Safaa;Moltrasio, Chiara;Elomri, Abdelfatteh;Marzano, Angelo V.",27848671,Artificial intelligence | Hidradenitis suppurativa | Machine learning,2-s2.0-85185101990,,38345291.0,ar,Crovella S.,60030318;60007067;60072749;60072743;60031798;60072744,Università degli Studi di Milano;Fondazione IRCCS Ca' Granda Ospedale Maggiore Policlinico;Qatar University;Hamad Medical Corporation;IRCCS Burlo Garofolo;Rumailah Hospital,Milan;Milan;Doha;Doha;Trieste;Doha,Italy;Italy;Qatar;Qatar;Italy;Qatar,7.0,7005713079;57196800921;55307464000;35776237100;57205199562;58922417000;35547066400,60072749;60072749;60031798;60072744;60007067;60072743;60007067-60030318,2024-02-01,February 2024,Italian Journal of Dermatology and Venereology,21101044936.0,27848450,Journal,1,,43-49,"This perspective delves into the integration of artificial intelligence (AI) to enhance early diagnosis in hidradenitis suppurativa (HS). Despite significantly impacting Quality of Life, HS presents diagnostic challenges leading to treatment delays. We present a viewpoint on AI-powered clinical decision support system designed for HS, emphasizing the transformative potential of AI in dermatology. HS diagnosis, primarily reliant on clinical evaluation and visual inspection, often results in late-stage identification with substantial tissue damage. The incorporation of AI, utilizing machine learning and deep learning algorithms, addresses this challenge by excelling in image analysis. AI adeptly recognizes subtle patterns in skin lesions, providing objective and standardized analyses to mitigate subjectivity in traditional diagnostic approaches. The AI integration encompasses diverse datasets, including clinical records, images, biochemical and immunological data and OMICs data. AI algorithms enable nuanced comprehension, allowing for precise and customized diagnoses. We underscore AI's potential for continuous learning and adaptation, refining recommendations based on evolving data. Challenges in AI integration, such as data privacy, algorithm bias, and interpretability, are addressed, emphasizing the ethical considerations of responsible AI deployment, including transparency, human oversight, and striking a balance between automation and human intervention. From the dermatologists' standpoint, we illustrate how AI enhances diagnostic accuracy, treatment planning, and long-term follow-up in HS management. Dermatologists leverage AI to analyze clinical records, dermatological images, and various data types, facilitating a proactive and personalized approach. AI's dynamic nature supports continuous learning, refining diagnostic and treatment strategies, ultimately reshaping standards of care in dermatology.",4.0,0.0,,,,,
5,,The state of radiology AI: Considerations for purchase decisions and current market offerings,10.1148/ryai.2020200004,Article,,2,,"Tadavarthi, Yasasvi;Vey, Brianna;Krupinski, Elizabeth;Prater, Adam;Gichoya, Judy;Safdar, Nabile;Trivedi, Hari",,,2-s2.0-85100796105,,,ar,Tadavarthi Y.,60002339;60024399,Emory University School of Medicine;Medical College of Georgia,Atlanta;Augusta,United States;United States,7.0,57216801014;57200082517;26643320200;35741725700;55805424500;8703030000;54792314500,60024399;60002339;60002339;60002339;60002339;60002339;60002339,2020-11-01,November 2020,Radiology Artificial Intelligence,21101055750.0,26386100,Journal,6,e200004,1-9,"Purpose: To provide an overview of important factors to consider when purchasing radiology artificial intelligence (AI) software and current software offerings by type, subspecialty, and modality. Materials and Methods: Important factors for consideration when purchasing AI software, including key decision makers, data ownership and privacy, cost structures, performance indicators, and potential return on investment are described. For the market overview, a list of radiology AI companies was aggregated from the Radiological Society of North America and the Society for Imaging Informatics in Medicine conferences (November 2016–June 2019), then narrowed to companies using deep learning for imaging analysis and diagnosis. Software created for image enhancement, reporting, or workflow management was excluded. Software was categorized by task (repetitive, quantitative, explorative, and diagnostic), modality, and subspecialty. Results: A total of 119 software offerings from 55 companies were identified. There were 46 algorithms that currently have Food and Drug Administration and/or Conformité Européenne approval (as of November 2019). Of the 119 offerings, distribution of software targets was 34 of 70 (49%), 21 of 70 (30%), 14 of 70 (20%), and one of 70 (1%) for diagnostic, quantitative, repetitive, and explorative tasks, respectively. A plurality of companies are focused on nodule detection at chest CT and two-dimensional mammography. There is very little activity in certain subspecialties, including pediatrics and nuclear medicine. A comprehensive table is available on the website hitilab.org/pages/ai-companies. Conclusion: The radiology AI marketplace is rapidly maturing, with an increase in product offerings. Radiologists and practice administrators should educate themselves on current product offerings and important factors to consider before purchase and implementation.",61.0,2.0,all repository repositoryam,All Open Access Green,,,
1,,Prosthesis repair of oral implants based on artificial intelligenc`e finite element analysis,10.1016/j.slast.2024.100226,Article,,29,,"Sun, Yi",24726303,Artificial intelligence | Decision support system | Deep learning | Finite element analysis | Oral implants | Personalized treatment | Prosthesis repair,2-s2.0-85213491028,S2472630324001080,39638253.0,ar,Sun Y.,60031977,Heilongjiang University of Chinese Medicine,Harbin,China,1.0,59493004100,60031977,2024-12-01,December 2024,Slas Technology,21100799933.0,24726311,Journal,6,100226,,"Dentists often suggest dental implants to replace missing teeth; nevertheless, mechanical issues can develop with these implants, which could lead to prosthesis replacement or repairs. When investigating implant systems' mechanical characteristics and stress distribution, finite element analysis (FEA) is a popular computational tool. In biomechanical investigations, this strategy is widely used. However, traditional FEA methods can be tedious and require expert expertise for accurate simulation and translation of results. To automate and simplify the process of mending oral implant prostheses, the article suggests a new framework called AI-FEA. The three primary parts that make up the suggested AI-FEA framework are 1. An AI-powered model creation module that utilizes data from medical imaging to autonomously construct 3D finite element designs that are unique to each patient. Utilizing deep learning approaches, this module segments and reconstructs three-dimensional geometries from computed tomography (CT) or cone-beam CT data using material properties and boundary conditions. 2. A FEA solver that runs simulations to test the way the implant system handles different loads. This component uses state-of-the-art numerical methods to model the implant and bone interface and determine stress distributions. 3. An AI-based decision support system that takes all that data and recommends the best way to fix the prosthesis. Combining FEA findings with patient-specific variables, this decision support system uses machine learning algorithms educated on an extensive dataset of implant failure instances and repair results to provide the optimal repair strategy. For patients experiencing issues with oral implants, the suggested AI-FEA framework might mean huge time and skill savings in prosthesis repair planning, leading to better, more individualized care.",4.0,1.0,all publisherfullgold,All Open Access Gold,,,
2,,Artificial intelligence: Applications in cardio-oncology and potential impact on racial disparities,10.1016/j.ahjo.2024.100479,Article,,48,,"Echefu, Gift;Shah, Rushabh;Sanchez, Zanele;Rickards, John;Brown, Sherry Ann",,Artificial intelligence | Cancer | Cardio-oncology | Cardiovascular disease | Racial disparities,2-s2.0-85208259395,S2666602224001228,,ar,Echefu G.,60005558;60012553;60002194;60026005;60005698;131752596;119643597,Mayo Clinic;Medical College of Wisconsin;University of Tennessee Health Science Center;Mercer University School of Medicine;Miami Dade College;Heart Innovation and Equity Research Institute;School for Advanced Studies,Rochester;Milwaukee;Memphis;Macon;Miami;Miami;Miami,United States;United States;United States;United States;United States;United States;United States,5.0,58085293100;59397142400;59397142500;59396492000;24729293100,60002194;60012553;119643597-60005698;60026005;60012553-60005558-131752596,2024-12-01,December 2024,American Heart Journal Plus Cardiology Research and Practice,21101147415.0,26666022,Journal,,100479,,"Numerous cancer therapies have detrimental cardiovascular effects on cancer survivors. Cardiovascular toxicity can span the course of cancer treatment and is influenced by several factors. To mitigate these risks, cardio-oncology has evolved, with an emphasis on prevention and treatment of cardiovascular complications resulting from the presence of cancer and cancer therapy. Artificial intelligence (AI) holds multifaceted potential to enhance cardio-oncologic outcomes. AI algorithms are currently utilizing clinical data input to identify patients at risk for cardiac complications. Additional application opportunities for AI in cardio-oncology involve multimodal cardiovascular imaging, where algorithms can also utilize imaging input to generate predictive risk profiles for cancer patients. The impact of AI extends to digital health tools, playing a pivotal role in the development of digital platforms and wearable technologies. Multidisciplinary teams have been formed to implement and evaluate the efficacy of these technologies, assessing AI-driven clinical decision support tools. Other avenues similarly support practical application of AI in clinical practice, such as incorporation into electronic health records (EHRs) to detect patients at risk for cardiovascular diseases. While these AI applications may help improve preventive measures and facilitate tailored treatment to patients, they are also capable of perpetuating and exacerbating healthcare disparities, if trained on limited, homogenous datasets. However, if trained and operated appropriately, AI holds substantial promise in positively influencing clinical practice in cardio-oncology. In this review, we explore the impact of AI on cardio-oncology care, particularly regarding predicting cardiotoxicity from cancer treatments, while addressing racial and ethnic biases in algorithmic implementation.",11.0,1.0,all publisherfullgold repository repositoryam,All Open Access Gold Green,NCATS,69–71,National Center for Advancing Translational Sciences
0,,Patient perspectives on the use of artificial intelligence in prostate cancer diagnosis on MRI,10.1007/s00330-024-11012-y,Article,,35,,"Fransen, Stefan J.;Kwee, T. C.;Rouw, D.;Roest, C.;van Lohuizen, Q. Y.;Simonis, F. F.J.;van Leeuwen, P. J.;Heijmink, S.;Ongena, Y. P.;Haan, M.;Yakar, D.",09387994,Artificial intelligence | Magnetic resonance imaging | Patient preference | Prostate cancer | Questionnaire,2-s2.0-85201225839,,39143247.0,ar,Fransen S.J.,60010023;60006027;60020599;60015205;60032708,Rijksuniversiteit Groningen;Universitair Medisch Centrum Groningen;Universiteit Twente;The Netherlands Cancer Institute;Martini Ziekenhuis,Groningen;Groningen;Enschede;Amsterdam;Groningen,Netherlands;Netherlands;Netherlands;Netherlands;Netherlands,11.0,57942882000;16432912900;57131112500;57434756300;58988549500;56075746400;8348880900;10339578600;15065635700;56179935500;23098932600,60006027;60006027;60032708;60006027;60006027;60020599;60015205;60015205;60010023;60010023;60006027-60015205,2025-02-01,February 2025,European Radiology,16687.0,14321084,Journal,2,,769-775,"Objectives: This study investigated patients’ acceptance of artificial intelligence (AI) for diagnosing prostate cancer (PCa) on MRI scans and the factors influencing their trust in AI diagnoses. Materials and methods: A prospective, multicenter study was conducted between January and November 2023. Patients undergoing prostate MRI were surveyed about their opinions on hypothetical AI assessment of their MRI scans. The questionnaire included nine items: four on hypothetical scenarios of combinations between AI and the radiologist, two on trust in the diagnosis, and three on accountability for misdiagnosis. Relationships between the items and independent variables were assessed using multivariate analysis. Results: A total of 212 PCa suspicious patients undergoing prostate MRI were included. The majority preferred AI involvement in their PCa diagnosis alongside a radiologist, with 91% agreeing with AI as the primary reader and 79% as the secondary reader. If AI has a high certainty diagnosis, 15% of the respondents would accept it as the sole decision-maker. Autonomous AI outperforming radiologists would be accepted by 52%. Higher educated persons tended to accept AI when it would outperform radiologists (p < 0.05). The respondents indicated that the hospital (76%), radiologist (70%), and program developer (55%) should be held accountable for misdiagnosis. Conclusions: Patients favor AI involvement alongside radiologists in PCa diagnosis. Trust in AI diagnosis depends on the patient’s education level and the AI performance, with autonomous AI acceptance by a small majority on the condition that AI outperforms a radiologist. Respondents held the hospital, radiologist, and program developers accountable for misdiagnosis in descending order of accountability. Clinical relevance statement: Patients show a high level of acceptance for AI-assisted prostate cancer diagnosis on MRI, either alongside radiologists or fully autonomous, particularly if it demonstrates superior performance to radiologists alone. Key Points: Prostate cancer suspicious patients may accept autonomous AI based on performance. Patients prefer AI involvement alongside a radiologist in diagnosing prostate cancer. Patients indicate accountability for AI should be shared among multiple stakeholders.",12.0,1.0,all publisherhybridgold repository repositoryam,All Open Access Hybrid Gold Green,,,
2,,Advancing Dermatological Diagnostics: Interpretable AI for Enhanced Skin Lesion Classification,10.3390/diagnostics14070753,Article,,14,,"Metta, Carlo;Beretta, Andrea;Guidotti, Riccardo;Yin, Yuan;Gallinari, Patrick;Rinzivillo, Salvatore;Giannotti, Fosca",,adversial autoecnoders | AI in healthcare | dermoscopic images | Explainable Artificial Intelligence | skin image analysis,2-s2.0-85190368288,,,ar,Metta C.,60001422;60028868;60030674;60085207,Sorbonne Université;Università di Pisa;Scuola Normale Superiore di Pisa;Istituto di Scienza e Tecnologie dell'Informazione A. Faedo,Paris;Pisa;Pisa;Pisa,France;Italy;Italy;Italy,7.0,57211272565;57357289400;56506805200;57224004412;57207514183;12760259500;7004495132,60085207;60085207;60028868;60001422;60001422;60085207;60030674,2024-04-01,April 2024,Diagnostics,21100852989.0,20754418,Journal,7,753,,"A crucial challenge in critical settings like medical diagnosis is making deep learning models used in decision-making systems interpretable. Efforts in Explainable Artificial Intelligence (XAI) are underway to address this challenge. Yet, many XAI methods are evaluated on broad classifiers and fail to address complex, real-world issues, such as medical diagnosis. In our study, we focus on enhancing user trust and confidence in automated AI decision-making systems, particularly for diagnosing skin lesions, by tailoring an XAI method to explain an AI model’s ability to identify various skin lesion types. We generate explanations using synthetic images of skin lesions as examples and counterexamples, offering a method for practitioners to pinpoint the critical features influencing the classification outcome. A validation survey involving domain experts, novices, and laypersons has demonstrated that explanations increase trust and confidence in the automated decision system. Furthermore, our exploration of the model’s latent space reveals clear separations among the most common skin lesion classes, a distinction that likely arises from the unique characteristics of each class and could assist in correcting frequent misdiagnoses by human professionals.",13.0,1.0,all publisherfullgold repository repositoryam,All Open Access Gold Green,EC,952026,European Commission
0,,Punishment cost affects third-parties' behavioral and neural responses to unfairness,10.1016/j.ijpsycho.2022.04.003,Article,,177,,"Cheng, Xuemei;Zheng, Li;Liu, Zhiyuan;Ling, Xiaoli;Wang, Xiaoyan;Ouyang, Hui;Chen, Xiaorong;Huang, Dunhua;Guo, Xiuyan",01678760,fMRI | Punishment cost | The third-party dictator game | Third-party punishment,2-s2.0-85129296843,S0167876022000897,35405147.0,ar,Cheng X.,60021200;60025234;60000174;60002210;60014556;60130183;127328641,"East China Normal University;Naval Medical University;Shaanxi Normal University;Shandong Normal University;Sichuan Normal University;Key Laboratory of Brain Functional Genomics, Ministry of Education;Beijing Polytechnic",Shanghai;Shanghai;Xi'an;Jinan;Chengdu;Shanghai;Beijing,China;China;China;China;China;China;China,9.0,56373954800;55295778600;57189579888;56506441200;55992335100;57216502241;57660448800;57659193700;55202851200,127328641;60021200-60130183;60000174;60002210;60014556;60025234;127328641;127328641;60021200-60130183,2022-07-01,July 2022,International Journal of Psychophysiology,14902.0,18727697,Journal,,,27-33,"Third-party punishment plays a crucial role in fairness norm enforcement. The present study investigated how punishment cost would affect third-parties' behavioral and neural responses to unfairness using a modified Third-Party Dictator Game and functional magnetic resonance imaging (fMRI). Participants acted as third-parties and decided how many monetary units (MUs) to invest to punish norm violations in two punishment cost contexts. Participants' every MU investment reduced dictators' payoff by 6 MUs in the low punishment cost context and 3 MUs in the high one. Participants' invested MUs reflected the cost they would like to pay to punish dictators while dictators' reduced MUs represented the amount of punishment they received. Behavioral results showed participants' fairness ratings were not affected by punishment cost. However, punishment amount decreased in the high punishment cost context where participants invested more MUs and spent more time for decision-making. Neurally, left anterior insula (AI) and bilateral dorsolateral prefrontal cortex (dlPFC) showed stronger responses to unfair relative to fair allocations in both contexts. Moreover, dorsal anterior cingulate cortex (dACC) was more active during unfair allocations in the high punishment cost context than in the low one and the difference of dACC activity between these two conditions was positively correlated with the difference of reaction times. Overall, the present study demonstrated that punishment cost would not affect people's fairness perception but increase the conflicts between norm enforcement and self-interest. The decision for punishment was the outcome of integrating fairness and economic considerations.",10.0,0.0,,,NSFC,2019Z002-004-KXB,National Natural Science Foundation of China
1,,Anterior insula signals inequalities in a modified Ultimatum Game,10.1016/j.neuroscience.2017.02.023,Article,,348,,"Cheng, Xuemei;Zheng, Li;Li, Lin;Zheng, Yijie;Guo, Xiuyan;Yang, Guang",03064522,anterior insula | expectation | fMRI | norm violation | unfairness,2-s2.0-85014344620,S0306452217301069,28223239.0,ar,Cheng X.,60021200,East China Normal University,Shanghai,China,6.0,56373954800;55295778600;58842755000;57190767294;55202851200;55716844300,60021200;60021200;60021200;60021200;60021200;60021200,2017-04-21,21 April 2017,Neuroscience,18042.0,18737544,Journal,,,126-134,"Studies employing the Ultimatum Game (UG) which involves two parties (i.e., proposers and responders) splitting some money have suggested the role that anterior insula (AI) plays in detecting fairness norm violation, i.e., violation of the responder's expectation of receiving equal splits from the proposer. In this study, we explored how AI would respond when there existed simultaneously another expectation of being treated equivalently as others. Participants acted as responders and would be informed about both the offers they received and the average amount of money the same proposer offered to others. Hence we introduced different conditions where participants were treated equivalently or not equivalently as other responders in UG. Participants could decide to accept or reject the offer with acceptance leading to the suggested split and rejection leaving both parties nothing. Behavioral results showed that participants rejected more unfair offers and reacted more slowly during acceptance (vs. rejection) of offers when they were offered less than others. At the neural level, stronger AI activation was observed when participants received unfair relative to fair offers, as well as when they received unequal relative to equal offers. Moreover, dorsomedial prefrontal cortex/dorsal anterior cingulate cortex (dmPFC/dACC) exhibited greater activity during receiving unequal (vs. equal) offers and during acceptance (vs. rejection) of offers which were less than others’. Taken together, the present study demonstrated that the treatment of others modulated both behavioral responses to unfairness and neural correlates of the fairness-related decision-making process, and that AI played a general role in detecting norm violations.",23.0,0.0,,,NSFC,31271090,National Natural Science Foundation of China
2,,Systemic cytokines and GlycA discriminate disease status and predict corticosteroid response in HTLV-1-associated neuroinflammation,10.1186/s12974-022-02658-w,Article,,19,,"Assone, Tatiane;Menezes, Soraya Maria;de Toledo Gonçalves, Fernanda;Folgosi, Victor Angelo;da Silva Prates, Gabriela;Dierckx, Tim;Braz, Marcos;Smid, Jerusa;Haziot, Michel E.;Marcusso, Rosa M.N.;Dahy, Flávia E.;Vanderlinden, Evelien;Claes, Sandra;Schols, Dominique;Bruhn, Roberta;Murphy, Edward L.;Penalva de Oliveira, Augusto César;Daelemans, Dirk;Vercauteren, Jurgen;Casseb, Jorge;Van Weyenbergh, Johan",,Corticosteroids | Cytokines | HAM/TSP | HTLV-1 | Inflammation,2-s2.0-85143560702,,36482436.0,ar,Assone T.,60008088;60023691;60013710;60121207;60013305;60042374,"Universidade de São Paulo;University of California, San Francisco;Universidade Federal da Bahia;Departement Microbiologie, Immunologie en Transplantatie;Vitalant Research Institute;Instituto de Infectologia Emilio Ribas",Sao Paulo;San Francisco;Salvador;Leuven;San Francisco;Sao Paulo,Brazil;United States;Brazil;Belgium;United States;Brazil,21.0,56375157500;55327774700;51161373400;57223600461;57452986800;56736768300;57103102700;8241471800;57194058911;57200270588;57212876031;26028210900;57191096033;7007182334;54984393100;7401684104;6506314379;6602971564;23974986100;7004211709;59454519800,60008088-60121207;60121207;60008088;60008088;60008088;60121207;60121207-60013710;60042374;60042374;60042374;60042374;60121207;60121207;60121207;60013305-60023691;60013305-60023691;60042374;60121207;60121207;60008088;60121207,2022-12-01,December 2022,Journal of Neuroinflammation,50032.0,17422094,Journal,1,293,,"Background: HTLV-1-Associated Myelopathy/Tropical Spastic Paraparesis (HAM/TSP) is an incapacitating neuroinflammatory disorder for which no disease-modifying therapy is available, but corticosteroids provide some clinical benefit. Although HAM/TSP pathogenesis is not fully elucidated, older age, female sex and higher proviral load are established risk factors. We investigated systemic cytokines and a novel chronic inflammatory marker, GlycA, as possible biomarkers of immunopathogenesis and therapeutic response in HAM/TSP, and examined their interaction with established risk factors. Patients and methods: We recruited 110 People living with HTLV-1 (PLHTLV-1, 67 asymptomatic individuals and 43 HAM/TSP patients) with a total of 946 person-years of clinical follow-up. Plasma cytokine levels (IL-2, IL-4, IL-6, IL-10, IL-17A, IFN-γ, TNF) and GlycA were quantified by Cytometric Bead Array and <sup>1</sup>NMR, respectively. Cytokine signaling and prednisolone response were validated in an independent cohort by nCounter digital transcriptomics. We used multivariable regression, machine learning algorithms and Bayesian network learning for biomarker identification. Results: We found that systemic IL-6 was positively correlated with both age (r = 0.50, p < 0.001) and GlycA (r = 0.45, p = 0.00049) in asymptomatics, revealing an ‘inflammaging” signature which was absent in HAM/TSP. GlycA levels were higher in women (p = 0.0069), but cytokine levels did not differ between the sexes. IFN-γ (p = 0.007) and IL-17A (p = 0.0001) levels were increased in untreated HAM/TSP Multivariable logistic regression identified IL-17A and proviral load as independent determinants of clinical status, resulting in modest accuracy of predicting HAM/TSP status (64.1%), while a machine learning-derived decision tree classified HAM/TSP patients with 90.7% accuracy. Pre-treatment GlycA and TNF levels significantly predicted clinical worsening (measured by Osame Motor Disability Scale), independent of proviral load. In addition, a poor prednisolone response was significantly correlated with higher post-treatment IFN-γ levels. Likewise, a transcriptomic IFN signaling score, significantly correlated with previously proposed HAM/TSP biomarkers (CASP5/CXCL10/FCGR1A/STAT1), was efficiently blunted by in vitro prednisolone treatment of PBMC from PLHTLV-1 and incident HAM/TSP. Conclusions: An age-related increase in systemic IL-6/GlycA levels reveals inflammaging in PLHTLV-1, in the absence of neurological disease. IFN-γ and IL-17A are biomarkers of untreated HAM/TSP, while pre-treatment GlycA and TNF predict therapeutic response to prednisolone pulse therapy, paving the way for a precision medicine approach in HAM/TSP.",11.0,1.0,all publisherfullgold repository repositoryam,All Open Access Gold Green,CNPq,R01HL062235,Conselho Nacional de Desenvolvimento Científico e Tecnológico
0,,Prediction of post stroke depression with machine learning: A national multicenter cohort study,10.1016/j.jpsychires.2025.05.015,Article,,187,,"Gu, Yumeng;Xue, Juanjuan;Xia, Xiaoshuang;Guo, Xiaokun;Wang, Zhongyan;Wu, Kun;Yue, Wei;Chen, Nian;Wang, Lin;Li, Xin",00223956,Interpretability | Machine learning | Post stroke depression | Predictive model,2-s2.0-105004673914,S002239562500305X,40359805.0,ar,Gu Y.,60121926;130346099;131451021,The Second Hospital of Tianjin Medical University;Tianjin Huanhu Hospital;Tianjin Ninghe District Hospital,Tianjin;Tianjin;Tianjin,China;China;China,10.0,57217260040;57217248665;55919340100;57204635077;57217258991;59798872500;59525870100;59795460000;57203825409;55552113800,60121926;60121926;60121926;60121926;60121926;60121926;130346099;131451021;60121926;60121926,2025-07-01,July 2025,Journal of Psychiatric Research,16812.0,18791379,Journal,,,123-133,"Objective: Post-stroke depression (PSD) is a common psychiatric complication following stroke, with low clinical detection rates and delayed diagnosis. Most existing PSD prediction models suffer from incomplete data inclusion, which limits their clinical predictive value. This study aims to integrate multimodal data, including clinical characteristics, biomarkers, and neuroimaging variables, to validate the potential of machine learning models in efficiently identifying high-risk PSD patients. Methods: This study is based on a multicenter clinical follow-up cohort of patients with acute ischemic stroke (AIS) in China, conducted from December 2020 to September 2023. Predictive factors included demographic characteristics, clinical features, and previously identified neuroimaging variables associated with PSD. The primary outcome was the occurrence of PSD within 3–6 months after stroke. The dataset was divided into a training set and a test set at a 3:1 ratio, with further validation performed using an external dataset. Four machine learning models—Adaptive Boosting, Gradient Boosting Decision Tree (GBDT), Quadratic Discriminant Analysis, and Multilayer Perceptron Classifier—were implemented using Python. Their predictive performance was compared based on accuracy metrics. Results: A total of 4298 AIS patients (mean age: 68.33 ± 8.82 years, 46.4 % male) were included, among whom 1483 developed PSD. In the test dataset, the GBDT model achieved an area under the curve (AUC) of 0.8626, accuracy of 0.7833, sensitivity of 0.8085, specificity of 0.5296, and an F1-score of 0.6396, outperforming other models. In the external validation set, the GBDT model also demonstrated superior performance, with an AUC of 0.8185, accuracy of 0.8636, sensitivity of 0.8846, specificity of 0.5285, and an F1-score of 0.6689. The most important predictors of PSD included National Institutes of Health Stroke Scale (NIHSS) at discharge, left-sided lesions, lacunar infarcts (LIs), homocysteine (HCY) levels, and systolic blood pressure (SBP). Conclusion: The machine learning model performs well in predicting PSD. Clinicians should focus on stroke patients with high NIHSS scores, left-sided lesions, LIs, elevated HCY level, and high SBP to develop personalized and precise management and treatment strategies for high-risk PSD patients, aiming to prevent or delay PSD onset.",0.0,0.0,,,TMU,TJYXZDXK-065B,Tianjin Medical University
2,,Predictors of spinal trauma care and outcomes in a resource-constrained environment: a decision tree analysis of spinal trauma surgery and outcomes in Tanzania,10.3171/2022.11.SPINE22763,Article,,38,,"Leidinger, Andreas;Zuckerman, Scott L.;Feng, Yueqi;He, Yitian;Chen, Xinrui;Cheserem, Beverly;Gerber, Linda M.;Lessing, Noah L.;Shabani, Hamisi K.;Härtl, Roger;Mangat, Halinder S.",15475654,global surgery | machine learning | outcomes | spinal trauma | spine surgery,2-s2.0-85151575459,,36640104.0,ar,Leidinger A.,60007776;60007997;60012957;60030769;60028793;60009466;60283076;100512738;113397840,Cornell University;Weill Cornell Medicine;University of Maryland School of Medicine;Vanderbilt University Medical Center;University of Kansas School of Medicine;Hospital de La Santa Creu I Sant Pau;The Aga Khan University Kenya;Muhimbili Orthopaedic Institute;Departments of Public Health,Ithaca;New York;Baltimore;Nashville;Kansas City;Barcelona;Nairobi;Dar Es Salaam;,United States;United States;United States;United States;United States;Spain;Kenya;Tanzania;United States,11.0,56274521500;55514044800;58170373000;58170445400;58170445500;37058491500;7103016860;57193756986;57190490252;25653534700;7003340751,60009466;60030769;60007776;60007776;60007776;60283076;113397840;60012957;100512738;60007997;60028793,2023-04-01,April 2023,Journal of Neurosurgery Spine,37369.0,15475646,Journal,4,,503-511,"OBJECTIVE The burden of spinal trauma in low- and middle-income countries (LMICs) is immense, and its management is made complex in such resource-restricted settings. Algorithmic evidence-based management is cost-prohibitive, especially with respect to spinal implants, while perioperative care is work-intensive, making overall care dependent on multiple constraints. The objective of this study was to identify determinants of decision-making for surgical intervention, improvement in function, and in-hospital mortality among patients experiencing acute spinal trauma in resource-constrained settings. METHODS This study was a retrospective analysis of prospectively collected data in a cohort of patients with spinal trauma admitted to a tertiary referral hospital center in Dar es Salam, Tanzania. Data on demographic, clinical, and treatment characteristics were collected as part of a quality improvement neurotrauma registry. Outcome measures were surgical intervention, American Spinal Injury Association (ASIA) Impairment Scale (AIS) grade improvement, and in-hospital mortality, based on existing treatment protocols. Univariate analyses of demographic and clinical characteristics were performed for each outcome of interest. Using the variables associated with each outcome, a machine learning algorithm-based regression nonparametric decision tree model utilizing a bootstrapping method was created and the accuracy of the three models was estimated. RESULTS Two hundred eighty-four consecutively admitted patients with acute spinal trauma were included over a period of 33 months. The median age was 34 (IQR 26–43) years, 83.8% were male, and 50.7% had experienced injury in a motor vehicle accident. The median time to hospital admission after injury was 2 (IQR 1–6) days; surgery was performed after a further median delay of 22 (IQR 13–39) days. Cervical spine injury comprised 38.4% of the injuries. Admission AIS grades were A in 48.9%, B in 16.2%, C in 8.5%, D in 9.5%, and E in 16.6%. Nearly half (45.1%) of the patients underwent surgery, 12% had at least one functional improvement in AIS grade, and 11.6% died in the hospital. Determinants of surgical intervention were age ≤ 30 years, spinal injury level, admission AIS grade, delay in arrival to the referral hospital, undergoing MRI, and type of insurance; admission AIS grade, delay to arrival to the hospital, and injury level for functional improvement; and delay to arrival, injury level, delay to surgery, and admission AIS grade for in-hospital mortality. The best accuracies for the decision tree models were 0.62, 0.34, and 0.93 for surgery, AIS grade improvement, and in-hospital mortality, respectively. CONCLUSIONS Operative intervention and functional improvement after acute spinal trauma in this tertiary referral hospital in an LMIC environment were low and inconsistent, which suggests that nonclinical factors exist within complex resource-driven decision-making frameworks. These nonclinical factors are highlighted by the authors’ results showing clinical outcomes and in-hospital mortality were determined by natural history, as evidenced by the highest accuracy of the model predicting in-hospital mortality.",10.0,0.0,,,,,
3,,Identification of stroke using deepnet machine learning algorithm,10.1504/IJMEI.2023.133083,Article,,15,,"Alshammari, Abdulwahhab;Atiyah, Noorah;Alaboodi, Hanoof;Alshammari, Riyad",17550653,identification | machine learning | stroke,2-s2.0-85171675147,,,ar,Alshammari A.,60018491;60078536;60011072;128569244,Simon Fraser University;King Saud bin Abdulaziz University for Health Sciences;National Guard Health Affairs;Saudi Data and Artificial Intelligence Authority (SDAIA),Burnaby;Riyadh;Riyadh;Riyadh,Canada;Saudi Arabia;Saudi Arabia;Saudi Arabia,4.0,57194214940;58605758400;58075689500;20435362800,60078536-60011072;60018491;60011072;128569244,2023-01-01,2023,International Journal of Medical Engineering and Informatics,19700175025.0,17550661,Journal,5,,416-429,"Stroke is a disease that impacts individuals of all races, genders, and backgrounds. To combat the rising prevalence of the disease, the creation of accurate diagnostic tools is paramount. This paper uses two machine learning models, deepnet and decision tree, to assess the health record data from the Ministry of National Guard Health Affairs, Saudi Arabia. Deepnet outperformed the decision tree in accurately predicting stroke and stroke mimic. Deepnet achieved an accuracy of 92.35%, while decision tree achieved 90.8%. Future application of machine learning on stroke and stroke mimic diagnosis holds great potential in public health reform, patient empowerment, and minimising healthcare burden. This paper proposes building a national centralised semi-detection stroke data management framework to create a national platform in the diagnoses, acute, and long-term treatment of stroke.",1.0,0.0,,,,,
6,,Localized prediction of tissue outcome in acute ischemic stroke patients using diffusion- And perfusion-weighted MRI datasets,10.1371/journal.pone.0241917,Article,,15,,"Grosser, Malte;Gellißen, Susanne;Borchert, Patrick;Sedlacik, Jan;Nawabi, Jawed;Fiehler, Jens;Forkert, Nils D.",,,2-s2.0-85095772942,,33152045.0,ar,Grosser M.,60002306;60005036,University of Calgary;Universitätsklinikum Hamburg-Eppendorf,Calgary;Hamburg,Canada;Germany,7.0,57188657650;57195720038;57202495063;8302879200;57195552283;6603941230;16549854100,60005036;60005036;60005036;60005036;60005036;60005036;60002306,2020-11-01,November 2020,Plos One,10600153309.0,19326203,Journal,11 November,e0241917,,"Background An accurate prediction of tissue outcome in acute ischemic stroke patients is of high interest for treatment decision making. To date, various machine learning models have been proposed that combine multi-parametric imaging data for this purpose. However, most of these machine learning models were trained using voxel information extracted from the whole brain, without taking differences in susceptibility to ischemia into account that exist between brain regions. The aim of this study was to develop and evaluate a local tissue outcome prediction approach, which makes predictions using locally trained machine learning models and thus accounts for regional differences. Material and methods Multi-parametric MRI data from 99 acute ischemic stroke patients were used for the development and evaluation of the local tissue outcome prediction approach. Diffusion (ADC) and perfusion parameter maps (CBF, CBV, MTT, Tmax) and corresponding follow- up lesion masks for each patient were registered to the MNI brain atlas. Logistic regression (LR) and random forest (RF) models were trained employing a local approach, which makes predictions using models individually trained for each specific voxel position using the corresponding local data. A global approach, which uses a single model trained using all voxels of the brain, was used for comparison. Tissue outcome predictions resulting from the global and local RF and LR models, as well as a combined (hybrid) approach were quantitatively evaluated and compared using the area under the receiver operating characteristic curve (ROC AUC), the Dice coefficient, and the sensitivity and specificity metrics. Results Statistical analysis revealed the highest ROC AUC and Dice values for the hybrid approach. With 0.872 (ROC AUC; LR) and 0.353 (Dice; RF), these values were significantly higher (p < 0.01) than the values of the two other approaches. In addition, the local approach achieved the highest sensitivity of 0.448 (LR). Overall, the hybrid approach was only outperformed in sensitivity (LR) by the local approach and in specificity by both other approaches. However, in these cases the effect sizes were comparatively small. Conclusion The results of this study suggest that using locally trained machine learning models can lead to better lesion outcome prediction results compared to a single global machine learning model trained using all voxel information independent of the location in the brain.",7.0,1.0,all publisherfullgold repository repositoryam,All Open Access Gold Green,,,
0,,Machine Learning-Based Modeling for Predicting Hypopituitarism After Cranial Trauma,10.1016/j.wneu.2025.124018,Article,,199,,"Chen, Ai;Zhong, Hua;Peng, Jie;Luo, Tao;Jun, Su",18788750,AUC-ROC | Hypopituitarism | Logistic regression | Machine learning | Model calibration | Traumatic brain injury,2-s2.0-105006945849,S1878875025003742,40368087.0,ar,Chen A.,60020870,Chongqing Medical University,Chongqing,China,5.0,59233683900;59233170600;59233684000;59232826100;59920884400,60020870;60020870;60020870;60020870;60020870,2025-07-01,July 2025,World Neurosurgery,19700171401.0,18788769,Journal,,124018,,"Objective: Traumatic brain injury (TBI) remains a leading cause of disability and death globally, and post-traumatic hypopituitarism (PTHP) is a common complication for which there is a lack of accurate predictive models. This study aimed to develop a machine learning model to assess the risk of hypopituitarism after TBI. Methods: A sample of 620 cases was analyzed using the logistic independent variable event count method. Data was split into a training set (70%) and a test set (30%), with 5-fold cross-validation applied. Ten machine learning models were evaluated: Logistic Regression, Decision Tree, Random Forest, LightGBM, XGBoost, CatBoost, Naive Bayes, Support Vector Machine, k-nearest neighbors, and Multi-Layer Perceptron. Performance metrics included accuracy, sensitivity, specificity, positive predictive value, negative predictive value, and area under the receiver operating characteristic curve. The following variables were significantly associated with PTHP (P < 0.05): hypertension, intensive care unit admission, Glasgow Coma Scale ≤8, diffuse cerebral edema, cerebral herniation, midline shift ≥5 mm, elevated intracranial pressure, craniotomy, skull base fracture, and length of stay. These variables may contribute to a predictive model for PTHP risk. Results: Logistic regression excelled in training and test sets, boasting an area under the curve (AUC) of 0.905 and 0.887, respectively, with balanced sensitivity and specificity. Naive Bayes and ensemble methods like LightGBM and CatBoost showed competitive AUCs. Midline shift ≥5 mm was the strongest predictor. The model demonstrated excellent calibration per the Hosmer-Lemeshow test. Conclusions: Logistic regression, with its strong AUC, sensitivity, specificity, and calibration, emerged as the superior model for PTHP prediction post-TBI, This study could facilitate earlier diagnosis and treatment of PTHP in TBI patients.",0.0,1.0,all publisherhybridgold,All Open Access Hybrid Gold,,,
2,,MRI Patterns Distinguish AQP4 Antibody Positive Neuromyelitis Optica Spectrum Disorder From Multiple Sclerosis,10.3389/fneur.2021.722237,Article,,12,,"Clarke, Laura;Arnett, Simon;Bukhari, Wajih;Khalilidehkordi, Elham;Jimenez Sanchez, Sofia;O'Gorman, Cullen;Sun, Jing;Prain, Kerri M.;Woodhall, Mark;Silvestrini, Roger;Bundell, Christine S.;Abernethy, David A.;Bhuta, Sandeep;Blum, Stefan;Boggild, Mike;Boundy, Karyn;Brew, Bruce J.;Brownlee, Wallace;Butzkueven, Helmut;Carroll, William M.;Chen, Cella;Coulthard, Alan;Dale, Russell C.;Das, Chandi;Fabis-Pedrini, Marzena J.;Gillis, David;Hawke, Simon;Heard, Robert;Henderson, Andrew P.D.;Heshmat, Saman;Hodgkinson, Suzanne;Kilpatrick, Trevor J.;King, John;Kneebone, Christopher;Kornberg, Andrew J.;Lechner-Scott, Jeannette;Lin, Ming Wei;Lynch, Christopher;Macdonell, Richard A.L.;Mason, Deborah F.;McCombe, Pamela A.;Pereira, Jennifer;Pollard, John D.;Ramanathan, Sudarshini;Reddel, Stephen W.;Shaw, Cameron P.;Spies, Judith M.;Stankovich, James;Sutton, Ian;Vucic, Steve;Walsh, Michael;Wong, Richard C.;Yiu, Eppie M.;Barnett, Michael H.;Kermode, Allan G.K.;Marriott, Mark P.;Parratt, John D.E.;Slee, Mark;Taylor, Bruce V.;Willoughby, Ernest;Brilot, Fabienne;Vincent, Angela;Waters, Patrick;Broadley, Simon A.",,diagnosis | magnetic resonance imaging | multiple sclerosis | neuromyelitis optica | NMOSD,2-s2.0-85115638048,,,ar,Clarke L.,60026553;60025709;60031004;60028333;60031806;60005686;60002634;60018805;60010571;60020828;60005245;60121699;60004437;60028435;60031564;60025258;60005087;60025702;60189490;60011750;60189943;60029482;60031678;60027621;60005506;60110780;60016880;60190625;60019211;126944712,"University of Melbourne;The University of Sydney;The University of Queensland;UNSW Sydney;The University of Western Australia;The University of Auckland;University of Oxford Medical Sciences Division;Deakin University;The University of Newcastle, Australia;Flinders University;Royal Melbourne Hospital;The University of Sydney School of Medicine;Westmead Hospital;Royal Brisbane and Women's Hospital;Royal Adelaide Hospital;Princess Alexandra Hospital;Austin Health;St. Vincent's Hospital Sydney;College of Medicine and Public Health;Auckland City Hospital;Menzies Health Institute Queensland;Concord Repatriation General Hospital;Christchurch Hospital New Zealand;Menzies Institute for Medical Research;Liverpool Hospital;UQ Centre for Clinical Research;Canberra Hospital;Gold Coast University Hospital;Townsville University Hospital;Wellington Regional Hospital",Melbourne;Sydney;Brisbane;Sydney;Perth;Auckland;Oxford;Geelong;Callaghan;Adelaide;Melbourne;Sydney;Sydney;Brisbane;Adelaide;Woolloongabba;Melbourne;Sydney;Adelaide;Auckland;Southport;Sydney;Christchurch;Hobart;Liverpool;Brisbane;Canberra;Southport;Townsville;Newtown,Australia;Australia;Australia;Australia;Australia;New Zealand;United Kingdom;Australia;Australia;Australia;Australia;Australia;Australia;Australia;Australia;Australia;Australia;Australia;Australia;New Zealand;Australia;Australia;New Zealand;Australia;Australia;Australia;Australia;Australia;Australia;New Zealand,64.0,57194940051;57214467997;55428136100;56449419500;57194940887;37117594600;55547135859;36617702300;8886902900;7102980530;6507890270;7102609176;36819838100;36617057100;6701877596;6602690835;7007185580;6701829357;57201788612;7101873711;7501948777;7003812941;7101657039;57224710869;37120216600;34569220100;7004073764;7005495478;23099613800;57194946194;7004921265;26642880000;7404245409;6602003638;7103268751;6603311349;55724126200;57039559900;7005929003;8246403100;7006403442;56848032600;7202662496;36970112400;6603492432;57214922106;35516289800;6701640344;7004280142;6602790860;7402337353;55230041100;24448849500;7202823681;57195255431;7004461786;12139758000;9241078800;7403035814;7003377646;6602346447;55853794100;7102822799;6701820873,60189943;60189943;60189943;60189943;60189943;60189943;60189943;60028435;60002634;60004437;60031806;126944712;60189943;60025258;60019211;60189490;60028333;60011750;60026553;60031806;60020828;60031004;60025709;60016880;60031806;60031004;60121699;60025709;60004437;60189943;60005506;60026553;60005245;60031564;60026553;60010571;60121699;60005686;60005087;60031678;60110780;60005686;60121699;60025709-60029482;60025709;60018805;60121699;60027621;60025702;60004437;60025258;60031004;60026553;60025709;60031806;60026553;60121699;60189490;60027621;60011750;60025709;60002634;60002634;60189943-60190625,2021-09-09,9 September 2021,Frontiers in Neurology,21100212316.0,16642295,Journal,,722237,,"Neuromyelitis optica spectrum disorder (NMOSD) and multiple sclerosis (MS) are inflammatory diseases of the CNS. Overlap in the clinical and MRI features of NMOSD and MS means that distinguishing these conditions can be difficult. With the aim of evaluating the diagnostic utility of MRI features in distinguishing NMOSD from MS, we have conducted a cross-sectional analysis of imaging data and developed predictive models to distinguish the two conditions. NMOSD and MS MRI lesions were identified and defined through a literature search. Aquaporin-4 (AQP4) antibody positive NMOSD cases and age- and sex-matched MS cases were collected. MRI of orbits, brain and spine were reported by at least two blinded reviewers. MRI brain or spine was available for 166/168 (99%) of cases. Longitudinally extensive (OR = 203), “bright spotty” (OR = 93.8), whole (axial; OR = 57.8) or gadolinium (Gd) enhancing (OR = 28.6) spinal cord lesions, bilateral (OR = 31.3) or Gd-enhancing (OR = 15.4) optic nerve lesions, and nucleus tractus solitarius (OR = 19.2), periaqueductal (OR = 16.8) or hypothalamic (OR = 7.2) brain lesions were associated with NMOSD. Ovoid (OR = 0.029), Dawson's fingers (OR = 0.031), pyramidal corpus callosum (OR = 0.058), periventricular (OR = 0.136), temporal lobe (OR = 0.137) and T1 black holes (OR = 0.154) brain lesions were associated with MS. A score-based algorithm and a decision tree determined by machine learning accurately predicted more than 85% of both diagnoses using first available imaging alone. We have confirmed NMOSD and MS specific MRI features and combined these in predictive models that can accurately identify more than 85% of cases as either AQP4 seropositive NMOSD or MS.",24.0,1.0,all publisherfullgold repository repositoryvor,All Open Access Gold Green,MSA,11-038,Multiple Sclerosis Australia
3,,Predicting outcome 12 months after mild traumatic brain injury in patients admitted to a neurosurgery service,10.3389/fneur.2017.00125,Article,,8,,"Hellstrøm, Torgeir;Kaufmann, Tobias;Andelic, Nada;Soberg, Helene L.;Sigurdardottir, Solrun;Helseth, Eirik;Andreassen, Ole A.;Westlye, Lars T.",,Cortical thickness | Outcome | Prediction | Traumatic brain injury | Volumetric analysis,2-s2.0-85018758980,,,ar,Hellstrøm T.,60010348;60105037;60003938;60069113,Universitetet i Oslo;Oslo Universitetssykehus;Medisinske Fakultet;Sunnaas Hospital,Oslo;Oslo;Oslo;Nesodden,Norway;Norway;Norway;Norway,8.0,55778352900;50061428100;23995067100;15840445300;26968065300;7003783155;56600076200;14068210200,60105037-60003938;60105037;60105037-60003938;60105037;60069113;60003938-60105037;60105037;60105037-60010348,2017-04-10,10 April 2017,Frontiers in Neurology,21100212316.0,16642295,Journal,APR,125,,"Objective: Accurate outcome prediction models for patients with mild traumatic brain injury (MTBI) are key for prognostic assessment and clinical decision-making. Using multivariate machine learning, we tested the unique and added predictive value of (1) magnetic resonance imaging (MRI)-based brain morphometric and volumetric characterization at 4-week postinjury and (2) demographic, preinjury, injury-related, and postinjury variables on 12-month outcomes, including global functioning level, postconcussion symptoms, and mental health in patients with MTBI. Methods: A prospective, cohort study of patients (n = 147) aged 16-65 years with a 12-month follow-up. T1-weighted 3 T MRI data were processed in FreeSurfer, yielding accurate cortical reconstructions for surface-based analyses of cortical thickness, area, and volume, and brain segmentation for subcortical and global brain volumes. The 12-month outcome was defined as a composite score using a principal component analysis including the Glasgow Outcome Scale Extended, Rivermead Postconcussion Questionnaire, and Patient Health Questionnaire-9. Using leave-one-out cross-validation and permutation testing, we tested and compared three prediction models: (1) MRI model, (2) clinical model, and (3) MRI and clinical combined. Results: We found a strong correlation between observed and predicted outcomes for the clinical model (r = 0.55, p < 0.001). The MRI model performed at the chance level (r = 0.03, p = 0.80) and the combined model (r = 0.45, p < 0.002) were slightly weaker than the clinical model. Univariate correlation analyses revealed the strongest association with outcome for postinjury factors of posttraumatic stress (Posttraumatic Symptom Scale-10, r = 0.61), psychological distress (Hospital Anxiety and Depression Scale, r = 0.52), and widespread pain (r = 0.43) assessed at 8 weeks. Conclusion: We found no added predictive value of MRI-based measures of brain cortical morphometry and subcortical volumes over and above demographic and clinical features.",33.0,1.0,all publisherfullgold repository repositoryvor,All Open Access Gold Green,,,
4,,Study on predicting new onset heart failure events in patients with hypertrophic cardiomyopathy using machine learning algorithms based on clinical and magnetic resonance features,10.3760/cma.j.cn112148-20240701-00362,Article,,52,,"Zhang, H. B.;Zhao, L.;Yi, Y. H.;Zhang, C.;Lu, G. Y.;Lu, Z. H.;Wang, L. L.;Ma, X. H.",02533758,,2-s2.0-85210049454,,39557527.0,ar,Zhang H.B.,60073432,"Beijing Anzhen Hospital, Capital Medical University",Beijing,China,9.0,57274275700;57214293514;58932963100;59249166100;57900455300;59259157400;59648831100;7404547663,60073432;60073432;60073432;60073432;60073432;60073432;60073432;60073432,2024-11-24,24 November 2024,Zhonghua Xin Xue Guan Bing Za Zhi,20703.0,,Journal,11,,1283-1289,目的： 探讨基于机器学习算法使用临床及心脏磁共振（CMR）特征预测肥厚型心肌病（HCM）患者新发心力衰竭的价值。 方法： 本研究为回顾性队列研究。选取2017年5月至2021年3月于北京安贞医院行CMR检查且诊断明确的HCM患者，并将其按7∶3的比例随机分为训练集和验证集，收集其临床资料、CMR参数（包括常规参数和影像组学特征）。终点事件为心力衰竭入院和心力衰竭死亡，随访截止时间为2023年1月。筛选出具有高稳定性且单因素Cox回归分析中P<0.05的特征，随后利用随机森林、决策树和XGBoost等3种机器学习算法在训练集中构建心力衰竭事件预测模型，使用一致性指数评价模型效能。 结果： 共纳入462例患者，年龄51（39，62）岁，其中男性332例（71.9%）。训练集323例，验证集139例。随访时间为42（28，52）个月，44例［9.5%（44/462）］发生了终点事件（心力衰竭死亡8例，心力衰竭住院36例），训练集中有31例，验证集中有13例。单因素Cox回归分析结果显示39个影像组学特征、4个常规CMR参数（左心室舒张末期容积指数、左心室收缩末期容积指数、左心室射血分数、延迟强化比例）、1个临床特征（非持续性心动过速史）可被纳入机器学习模型。训练集构建的预测模型中，随机森林、决策树及XGBoost模型的一致性指数分别为0.966（0.813，0.995）、0.956（0.796，0.992）及0.973（0.823，0.996）。在验证集中，随机森林、决策树及XGBoost模型的一致性指数分别为0.854（0.557，0.964）、0.706（0.399，0.896）及0.703（0.408，0.890）。 结论： 通过机器学习整合临床及CMR特征有助于实现HCM患者心力衰竭预测，其中随机森林模型表现出较好效果。.,0.0,0.0,,,,,
5,,Potential Cost Savings with 60-day Peripheral Nerve Stimulation Treatment in Chronic Axial Low Back Pain,10.1007/s40122-024-00630-5,Article,,13,,"Sheth, Samir J.;Mauck, William D.;Russo, David P.;Keuffel, Eric L.;Gunnarsson, Candace L.;Stultz, Mark;McGee, Meredith J.;Huntoon, Marc A.",21938237,Back pain | Cost savings | Health economics | Interventional pain management,2-s2.0-85197792993,,,ar,Sheth S.J.,60005558;60094508;60306712;122229512;128462617;131431476,"Mayo Clinic;Sutter Health;SPR Therapeutics, Inc.;Gunnarsson Consulting;Health Finance & Access Initiative;Columbia Pain Management",Rochester;Sacramento;Cleveland;Jupiter;Ardmore;Hood River,United States;United States;United States;United States;United States;United States,8.0,56919288300;6603320782;59208684800;36728265200;23568224700;6603023241;57225441473;6603027923,60094508;60005558;131431476;128462617;122229512;60306712;60306712;60306712,2024-10-01,October 2024,Pain and Therapy,21100854841.0,2193651X,Journal,5,,1187-1202,"Introduction: Chronic axial low back pain (CLBP) that is not responsive to medication management or physical therapy often requires significant clinical intervention. Several interventional pain management options exist, including a 60-day peripheral nerve stimulation (PNS) treatment. This economic evaluation investigated the potential for projected cost savings associated with prioritizing 60-day PNS treatment relative to a ‘standard of care’ (SOC) approach (where patients do not have access to 60-day PNS). Methods: A decision tree (supervised machine learning) model tracked treatment progression across two hypothetical cohorts of US patients with CLBP in whom non-interventional options were ineffective (Cohort A: treatment starting with 60-day PNS followed by any additional interventional and surgical treatments versus Cohort B: standard of care interventional and surgical treatments without access to 60-day PNS). Treatment efficacy estimates were based on published success rates. Conditional on treatment failure, up to two additional interventions were considered within the 12-month time frame in both cohorts. SOC treatment options included epidural injection, radiofrequency ablation (RFA), basivertebral nerve ablation (BVNA), PNS permanent implant (PNS-PI), spinal cord stimulator (SCS) trial/implant, and spinal fusion surgery. Treatment choice probabilities in both cohort algorithms were based on clinician interviews. Costs were based on national Medicare reimbursement levels in the ambulatory surgery center (ASC) setting. Savings reflected the difference in projected costs between cohorts. A Monte Carlo simulation and sensitivity analyses were conducted to generate confidence intervals and identify important inputs. Results: The treatment algorithm which prioritized initial 60-day PNS treatment was projected to save $8056 (95% CI $6112–$9981) per patient during the first year of interventional treatment relative to the SOC approach. Conclusions: Use of the 60-day PNS treatment as an initial interventional treatment in patients with CLBP may result in significant savings for Medicare. Projected savings may be even larger for commercial payers covering non-Medicare patients.",4.0,1.0,all publisherfullgold repository repositoryvor,All Open Access Gold Green,,,
9,,Machine learning based decision support systems (DSS) for heart disease diagnosis: a review,10.1007/s10462-017-9552-8,Article,,50,,"Safdar, Saima;Zafar, Saad;Zafar, Nadeem;Khan, Naurin Farooq",02692821,Clinical | Decision support systems | Heart diseases | Machine learning,2-s2.0-85016028050,,,ar,Safdar S.,60070611;60104709,"Riphah International University;Combined Military Hospital, Multan",Islamabad;Multan,Pakistan;Pakistan,4.0,56432677200;16023339500;57193712356;56599682100,60070611;60070611;60104709;60070611,2018-12-01,1 December 2018,Artificial Intelligence Review,24141.0,15737462,Journal,4,,597-623,"The current review contributes with an extensive overview of decision support systems in diagnosing heart diseases in clinical settings. The investigators independently screened and abstracted studies related to heart diseases-based clinical decision support system (DSS) published until 8-June-2015 in PubMed, CINAHL and Cochrane Library. The data extracted from the twenty full-text articles that met the inclusion criteria was classified under the following fields; heart diseases, methods for data sets formation, machine learning algorithms, machine learning-based DSS, comparator types, outcome evaluation and clinical implications of the reported DSS. Out of total of 331 studies 20 met the inclusion criteria. Most of the studies relate to ischemic heart diseases with neural network being the most common machine learning (ML) technique. Among the ML techniques, ANN classifies myocardial infarction with 97% and myocardial perfusion scintigraphy with 87.5% accuracy, CART classifies heart failure with 87.6%, neural network ensembles classifies heart valve with 97.4%, support vector machine classifies arrhythmia screening with 95.6%, logistic regression classifies acute coronary syndrome with 72%, artificial immune recognition system classifies coronary artery disease with 92.5% and genetic algorithms and multi-criteria decision analysis classifies chest-pain patients with 91% accuracy respectively. There were 55% studies that validated the results in clinical settings while 25% validated the results through experimental setups. Rest of the studies (20%) did not report the applicability and feasibility of their methods in clinical settings. The study categorizes the ML techniques according to their performance in diagnosing various heart diseases. It categorizes, compares and evaluates the comparator based on physician’s performance, gold standards, other ML techniques, different models of same ML technique and studies with no comparison. It also investigates the current, future and no clinical implications. In addition, trends of machine learning techniques and algorithms used in the diagnosis of heart diseases along with the identification of research gaps are reported in this study. The reported results suggest reliable interpretations and detailed graphical self-explanatory representations by DSS. The study reveals the need for establishment of non-ambiguous real-time clinical data for proper training of DSS before it can be used in clinical settings. The future research directions of the ML-based DSS is mostly directed towards development of generalized systems that can decide on clinical measurements which are easily accessible and assessable in real-time.",125.0,0.0,,,,,
1,,Determination of Imaging Biomarkers to Decipher Disease Trajectories and Differential Diagnosis of Neurodegenerative Diseases (DIsease TreND),10.1016/j.jneumeth.2018.05.009,Article,,305,,"Singh, Gurpreet;Samavedham, Lakshminarayanan;Lim, Erle Chuen Hian",01650270,Computer-assisted diagnosis | Differential diagnosis | Imaging biomarkers | Machine learning | Neurodegenerative disease diagnosis | Unsupervised learning,2-s2.0-85047501012,S0165027018301407,29800593.0,ar,Singh G.,60017161;60018043;60106366;120738933,National University of Singapore;New York Presbyterian Hospital;National University Health System;Residential College 4,Singapore City;New York;Singapore City;Singapore City,Singapore;United States;Singapore;Singapore,3.0,35596835300;8651866000;35315865500,60017161-60018043;60017161-120738933;60106366,2018-07-15,15 July 2018,Journal of Neuroscience Methods,16765.0,1872678X,Journal,,,105-116,"Background: Understanding disease progression of neurodegenerative diseases (NDs) is important for better prognosis and decisions on the appropriate course of treatment to slow down the disease progression. New Method: We present here an innovative machine learning framework capable of (1) indicating the trajectory of disease progression by identifying relevant imaging biomarkers and (2) automated disease diagnosis. Self-Organizing Maps (SOM) have been used for data dimensionality reduction and to reveal potentially useful disease-specific biomarkers, regions of interest (ROIs). These ROIs have been used for automated disease diagnosis using Least Square Support Vector Machines (LS-SVM) and to delineate disease progression. Results: A multi-site, multi-scanner dataset containing 1316 MRIs was obtained from ADNI<sup>3</sup> and PPMI. Identified biomarkers have been used to decipher (1) trajectory of disease progression and (2) identify clinically relevant ROIs. Furthermore, we have obtained a classification accuracy of 94.29 ± 0.08% and 95.37 ± 0.02% for distinguishing AD and PD from HC subjects respectively. Comparison with other existing methods: The goal of this study was fundamentally different from other machine learning based studies for automated disease diagnosis. We aimed to develop a method that has two-fold benefits (1) It can be used to understand pathology of neurodegenerative diseases and (2) It also achieves automated disease diagnosis. Conclusions: In the absence of established disease biomarkers, clinical diagnosis is heavily prone to misdiagnosis. Being clinically relevant and readily adaptable in the current clinical settings, the developed framework could be a stepping stone to make machine learning based Clinical Decision Support System (CDSS) for neurodegenerative disease diagnosis a reality.",21.0,0.0,,,NIA,,National Institute on Aging
0,,A Machine Learning Algorithm to Estimate the Probability of a True Scaphoid Fracture After Wrist Trauma,10.1016/j.jhsa.2025.01.021,Article,,50,,"Bulstra, Anne Eva J.;Buijze, Geert A.;Cohen, Abigail;Colaris, Joost W.;Court-Brown, Charles M.;Doornberg, Job N.;Duckworth, Andrew D.;Goslings, J. Carel;Gray, Alasdair;Hendrickx, Laurent A.M.;Jaarsma, Ruurd L.;Mallee, Wouter H.;Mulders, Marjolein A.M.;McQueen, Margaret M.;Moran, Matthew;Obdeijn, Miryam C.;Kerkhoffs, Gino M.M.J.;Ring, David;Schep, Niels W.L.;Walenkamp, Monique M.J.",03635023,Algorithm | decision rule | fracture | machine learning | scaphoid,2-s2.0-105006998003,S036350232500036X,40473371.0,ar,Bulstra A.E.J.,60001157;60020828,Amsterdam UMC - University of Amsterdam;Flinders University,Amsterdam;Adelaide,Netherlands;Australia,21.0,57215772966;22956889000;59924099300;26021781100;7006017512;57201000145;23033756700;8315850700;35579562900;57211837310;6603419577;36727885400;57102838100;35561756300;7403143598;6508103386;6603826989;7102468527;55396576800;54418188700,60001157-60020828;;;;;;;;;;;;;;;;;;;,2025-06-01,June 2025,Journal of Hand Surgery,21680.0,15316564,Journal,6,,711-720,"Purpose: To identify predictors of a true scaphoid fracture among patients with radial wrist pain following acute trauma, train 5 machine learning (ML) algorithms in predicting scaphoid fracture probability, and design a decision rule to initiate advanced imaging in high-risk patients. Methods: Two prospective cohorts including 422 patients with radial wrist pain following wrist trauma were combined. There were 117 scaphoid fractures (28%) confirmed on computed tomography, magnetic resonance imaging, or radiographs. Eighteen fractures (15%) were occult. Predictors of a scaphoid fracture were identified among demographics, mechanism of injury and examination maneuvers. Five ML-algorithms were trained in calculating scaphoid fracture probability. ML-algorithms were assessed on ability to discriminate between patients with and without a fracture (area under the receiver operating characteristic curve), agreement between observed and predicted probabilities (calibration), and overall performance (Brier score). The best performing ML-algorithm was incorporated into a probability calculator. A decision rule was proposed to initiate advanced imaging among patients with negative radiographs. Results: Pain over the scaphoid on ulnar deviation, sex, age, and mechanism of injury were most strongly associated with a true scaphoid fracture. The best performing ML-algorithm yielded an area under the receiver operating characteristic curve, calibration slope, intercept, and Brier score of 0.77, 0.84, −0.01 and 0.159, respectively. The ML-derived decision rule proposes to initiate advanced imaging in patients with radial-sided wrist pain, negative radiographs, and a fracture probability of ≥10%. When applied to our cohort, this would yield 100% sensitivity, 38% specificity, and would have reduced the number of patients undergoing advanced imaging by 36% without missing a fracture. Conclusions: The ML-algorithm accurately calculated scaphoid fracture probability based on scaphoid pain on ulnar deviation, sex, age, and mechanism of injury. The ML-decision rule may reduce the number of patients undergoing advanced imaging by a third with a small risk of missing a fracture. External validation is required before implementation. Type of study/level of evidence: Diagnostic II.",0.0,0.0,,,,,University of Texas at Austin
1,,Prediction of early neurologic deterioration in patients with perforating artery territory infarction using machine learning: a retrospective study,10.3389/fneur.2024.1368902,Article,,15,,"Liu, Wei;Jia, Longbin;Xu, Lina;Yang, Fengbing;Guo, Zixuan;Li, Jinna;Zhang, Dandan;Liu, Yan;Xiang, Han;Cheng, Hongjiang;Hou, Jing;Li, Shifang;Li, Huimin",,apolipoprotein B | early neurologic deterioration | machine learning | perforating artery territory infarction | prediction,2-s2.0-85195090221,,,ar,Liu W.,60000415;117584999,Changzhi Medical College;Jincheng People's Hospital,Changzhi;Jincheng,China;China,13.0,57222622846;57220864067;57222135454;57222626227;58481818900;57196164506;58602067200;59154477800;59154138300;57222628301;59623634200;57197831108;57222622062,117584999;117584999;117584999;117584999;117584999;117584999;117584999;60000415;60000415;117584999;117584999;117584999;117584999,2024-01-01,2024,Frontiers in Neurology,21100212316.0,16642295,Journal,,1368902,,"Background: Early neurological deterioration (END) is a frequent complication in patients with perforating artery territory infarction (PAI), leading to poorer outcomes. Therefore, we aimed to apply machine learning (ML) algorithms to predict the occurrence of END in PAI and investigate related risk factors. Methods: This retrospective study analyzed a cohort of PAI patients, excluding those with severe stenosis of the parent artery. We included demographic characteristics, clinical features, laboratory data, and imaging variables. Recursive feature elimination with cross-validation (RFECV) was performed to identify critical features. Seven ML algorithms, namely logistic regression, random forest, adaptive boosting, gradient boosting decision tree, histogram-based gradient boosting, extreme gradient boosting, and category boosting, were developed to predict END in PAI patients using these critical features. We compared the accuracy of these models in predicting outcomes. Additionally, SHapley Additive exPlanations (SHAP) values were introduced to interpret the optimal model and assess the significance of input features. Results: The study enrolled 1,020 PAI patients with a mean age of 60.46 (range 49.11–71.81) years. Of these, 30.39% were women, and 129 (12.65%) experienced END. RFECV selected 13 critical features, including blood urea nitrogen (BUN), total cholesterol (TC), low-density-lipoprotein cholesterol (LDL-C), apolipoprotein B (apoB), atrial fibrillation, loading dual antiplatelet therapy (DAPT), single antiplatelet therapy (SAPT), argatroban, the basal ganglia, the thalamus, the posterior choroidal arteries, maximal axial infarct diameter (measured at < 15 mm), and stroke subtype. The gradient-boosting decision tree had the highest area under the curve (0.914) among the seven ML algorithms. The SHAP analysis identified apoB as the most significant variable for END. Conclusion: Our results suggest that ML algorithms, especially the gradient-boosting decision tree, are effective in predicting the occurrence of END in PAI patients.",1.0,1.0,all publisherfullgold repository repositoryam,All Open Access Gold Green,UKRI,105892,UK Research and Innovation
2,,Radiomics and artificial neural networks modelling for identification of high-risk carotid plaques,10.3389/fcvm.2023.1173769,Article,,10,,"Gui, Chengzhi;Cao, Chen;Zhang, Xin;Zhang, Jiaxin;Ni, Guangjian;Ming, Dong",,deep learning | machine learning | MRI image analysis | prognosis | radiomics | stroke risk assessment,2-s2.0-85165138049,,,ar,Gui C.,60019533;60123647;116657144,"Tianjin University;Institute of Biomedical Engineering, Chinese Academy of Medical Sciences and Peking Union Medical College;Tianjin Huanhu Hospital",Tianjin;Tianjin;Tianjin,China;China;China,6.0,58494204600;57661788100;56591076800;59209479200;55426560900;58026507100,60019533;116657144;60019533-60123647;60019533;60019533;60019533,2023-01-01,2023,Frontiers in Cardiovascular Medicine,21100944558.0,2297055X,Journal,,1173769,,"Objective: In this study, we aimed to investigate the classification of symptomatic plaques by evaluating the models generated via two different approaches, a radiomics-based machine learning (ML) approach, and an end-to-end learning approach which utilized deep learning (DL) techniques with several representative model frameworks. Methods: We collected high-resolution magnetic resonance imaging (HRMRI) data from 104 patients with carotid artery stenosis, who were diagnosed with either symptomatic plaques (SPs) or asymptomatic plaques (ASPs), in two medical centers. 74 patients were diagnosed with SPs and 30 patients were ASPs. Sampling Perfection with Application-optimized Contrasts (SPACE) by using different flip angle Evolutions was used for MRI imaging. Repeated stratified five-fold cross-validation was used to evaluate the accuracy and receiver operating characteristic (ROC) of the trained classifier. The two proposed approaches were investigated to train the models separately. The difference in the model performance of the two proposed methods was quantitatively evaluated to find a better model to differentiate between SPs and ASPs. Results: 3D-SE-Densenet-121 model showed the best performance among all prediction models (AUC, accuracy, precision, sensitivity, and F1-score of 0.9300, 0.9308, 0.9008, 0.8588, and 0.8614, respectively), which were 0.0689, 0.1119, 0.1043, 0.0805, and 0.1089 higher than the best radiomics-based ML model (MLP). Decision curve analysis showed that the 3D-SE-Densenet-121 model delivered more net benefit than the best radiomics-based ML model (MLP) with a wider threshold probability. Conclusion: The DL models were able to accurately differentiate between symptomatic and asymptomatic carotid plaques with limited data, which outperformed radiomics-based ML models in identifying symptomatic plaques.",8.0,1.0,all publisherfullgold repository repositoryam,All Open Access Gold Green,NSFC,82102174,National Natural Science Foundation of China
1,,A Machine Learning Algorithm to Estimate the Probability of a True Scaphoid Fracture After Wrist Trauma,10.1016/j.jhsa.2022.02.023,Article,,47,,"Bulstra, Anne Eva J.;Buijze, Geert A.;Cohen, Abigail;Colaris, Joost W.;Court-Brown, Charles M.;Doornberg, Job N.;Duckworth, Andrew D.;Goslings, Carel (J C.).;Gray, Alasdair;Hendrickx, Laurent A.M.;Jaarsma, Ruurd L.;Mallee, Wouter H.;Mulders, Marjolein A.M.;McQueen, Margaret M.;Moran, Matthew;Obdeijn, Miryam C.;Kerkhoffs, Gino M.M.J.;Ring, David;Schep, Niels W.L.;Walenkamp, Monique M.J.",03635023,Algorithm | decision rule | fracture | machine learning | scaphoid,2-s2.0-85135596209,S0363502322001903,35667955.0,ar,Bulstra A.E.J.,60001157;60020828,Amsterdam UMC - University of Amsterdam;Flinders University,Amsterdam;Adelaide,Netherlands;Australia,20.0,57215772966;22956889000;57194554889;26021781100;7006017512;57201000145;23033756700;14621485000;35579562900;57211837310;6603419577;36727885400;57102838100;35561756300;7403143598;6508103386;57205381536;57211918656;55396576800;54418188700,60001157-60020828;;;;;;;;;;;;;;;;;;;,2022-08-01,August 2022,Journal of Hand Surgery,21680.0,15316564,Journal,8,,709-718,"Purpose: To identify predictors of a true scaphoid fracture among patients with radial wrist pain following acute trauma, train 5 machine learning (ML) algorithms in predicting scaphoid fracture probability, and design a decision rule to initiate advanced imaging in high-risk patients. Methods: Two prospective cohorts including 422 patients with radial wrist pain following wrist trauma were combined. There were 117 scaphoid fractures (28%) confirmed on computed tomography, magnetic resonance imaging, or radiographs. Eighteen fractures (15%) were occult. Predictors of a scaphoid fracture were identified among demographics, mechanism of injury and examination maneuvers. Five ML-algorithms were trained in calculating scaphoid fracture probability. ML-algorithms were assessed on ability to discriminate between patients with and without a fracture (area under the receiver operating characteristic curve), agreement between observed and predicted probabilities (calibration), and overall performance (Brier score). The best performing ML-algorithm was incorporated into a probability calculator. A decision rule was proposed to initiate advanced imaging among patients with negative radiographs. Results: Pain over the scaphoid on ulnar deviation, sex, age, and mechanism of injury were most strongly associated with a true scaphoid fracture. The best performing ML-algorithm yielded an area under the receiver operating characteristic curve, calibration slope, intercept, and Brier score of 0.77, 0.84, −0.01 and 0.159, respectively. The ML-derived decision rule proposes to initiate advanced imaging in patients with radial-sided wrist pain, negative radiographs, and a fracture probability of ≥10%. When applied to our cohort, this would yield 100% sensitivity, 38% specificity, and would have reduced the number of patients undergoing advanced imaging by 36% without missing a fracture. Conclusions: The ML-algorithm accurately calculated scaphoid fracture probability based on scaphoid pain on ulnar deviation, sex, age, and mechanism of injury. The ML-decision rule may reduce the number of patients undergoing advanced imaging by a third with a small risk of missing a fracture. External validation is required before implementation. Type of study/level of evidence: Diagnostic II.",21.0,0.0,,,UT,,University of Texas at Austin
0,,Machine learning–based model to predict long-term tumor control and additional interventions following pituitary surgery for Cushing's disease,10.3171/2024.10.JNS241338,Article,,143,,"Shinya, Yuki;Ghaith, Abdul Karim;Hong, Sukwoo;Erickson, Dana;Bancos, Irina;Herndon, Justine S.;Davidge-Pitts, Caroline J.;Nguyen, Ryan T.;Bon Nieves, Antonio;Sáez Alegre, Miguel;Morshed, Ramin A.;Pinheiro Neto, Carlos D.;Peris Celda, Maria;Pollock, Bruce E.;Meyer, Fredric B.;Atkinson, John L.D.;Van Gompel, Jamie J.",00223085,Cushing’s disease | decision tree | long-term outcomes | machine learning | pituitary adenomas | pituitary surgery | random forest | tumor,2-s2.0-105010350057,,40085940.0,ar,Shinya Y.,60005558;60004225,Mayo Clinic;The University of Tokyo Hospital,Rochester;Tokyo,United States;Japan,17.0,57193347076;57222036395;57221294414;7203016083;26648031900;57203788720;37067342000;58263342500;58307324200;57209803593;55765306800;14058580100;36114666900;7103208372;35415113900;55696835400;24391340000,60005558-60004225;60005558;60005558-60004225;60005558;60005558;60005558;60005558;60005558;60005558;60005558;60005558;60005558;60005558;60005558;60005558;60005558;60005558,2025-07-01,July 2025,Journal of Neurosurgery,16767.0,19330693,Journal,1,,184-193,"OBJECTIVE In this study, the authors aimed to establish a supervised machine learning (ML) model based on multiple tree-based algorithms to predict long-term biochemical outcomes and intervention-free survival (IFS) after endonasal transsphenoidal surgery (ETS) in patients with Cushing’s disease (CD). METHODS The medical records of patients who underwent ETS for CD between 2013 and 2023 were reviewed. Data were collected on the patient’s baseline characteristics, intervention details, histopathology, surgical outcomes, and postoperative endocrine functions. The study’s primary outcome was IFS, and the therapeutic outcomes were labeled as “under control” or “treatment failure,” depending on whether additional therapeutic interventions after primary ETS were required. The decision tree and random forest classifiers were trained and tested to predict long-term IFS based on unseen data, using an 80/20 cohort split. RESULTS Data from 150 patients, with a median follow-up period of 56 months, were extracted. In the cohort, 42 (28%) patients required additional intervention for persistent or recurrent CD. Consequently, the IFS rates following ETS alone were 83% at 3 years and 78% at 5 years. Multivariable Cox proportional hazards analysis demonstrated that a smaller tumor diameter that could be detected by MRI (hazard ratio 0.95, 95% CI 0.90–0.99; p = 0.047) was significantly associated with greater IFS. However, the lack of tumor detection on MRI was a poor predictor. The ML-based model using a decision tree model displayed 91% accuracy (95% CI 0.70–0.94, sensitivity 87.0%, specificity 89.0%) in predicting IFS in the unseen test dataset. Random forest analysis revealed that tumor size (mean minimal depth 1.67), Knosp grade (1.75), patient age (1.80), and BMI (1.99) were the four most significant predictors of long-term IFS. CONCLUSIONS The ML algorithm could predict long-term postoperative endocrinological remission in CD with high accuracy, indicating that prognosis may vary not only with previously reported factors such as tumor size, Knosp grade, gross-total resection, and patient age but also with BMI. The decision tree flowchart could potentially stratify patients with CD before ETS, allowing for the selection of personalized treatment options and thereby assisting in determining treatment plans for these patients. This ML model may lead to a deeper understanding of the complex mechanisms of CD by uncovering patterns embedded within the data.",1.0,0.0,,,CCaTS,UL1TR002377,"Center for Clinical and Translational Science, Mayo Clinic"
1,,Artificial intelligence in predicting early-onset adjacent segment degeneration following anterior cervical discectomy and fusion,10.1007/s00586-022-07238-3,Article,,31,,"Rudisill, Samuel S.;Hornung, Alexander L.;Barajas, J. Nicolás;Bridge, Jack J.;Mallow, G. Michael;Lopez, Wylie;Sayari, Arash J.;Louie, Philip K.;Harada, Garrett K.;Tao, Youping;Wilke, Hans Joachim;Colman, Matthew W.;Phillips, Frank M.;An, Howard S.;Samartzis, Dino",09406719,Adjacent segment | Anterior cervical discectomy | Artificial intelligence | Cervical spine | Degeneration | Disc | Fusion | Machine learning | Outcomes | Predictive modeling,2-s2.0-85129787832,,35543762.0,ar,Rudisill S.S.,60006173;60018691;60010819;60030223,University of Missouri;Rush University Medical Center;Universitätsklinikum Ulm;Virginia Mason Medical Center,Columbia;Chicago;Ulm;Seattle,United States;United States;Germany;United States,15.0,57203009270;57219537825;57443852400;57678629300;57217362878;57207305468;57215478425;56348071800;57211411785;57215934486;7101718134;55359166800;7102508318;7202277351;34572771100,60018691;60018691;60018691;60018691-60006173;60018691;60018691;60018691;60030223;60018691;60010819;60010819;60018691;60018691;60018691;60018691,2022-08-01,August 2022,European Spine Journal,21129.0,14320932,Journal,8,,2104-2114,"Purpose: Anterior cervical discectomy and fusion (ACDF) is a common surgical treatment for degenerative disease in the cervical spine. However, resultant biomechanical alterations may predispose to early-onset adjacent segment degeneration (EO-ASD), which may become symptomatic and require reoperation. This study aimed to develop and validate a machine learning (ML) model to predict EO-ASD following ACDF. Methods: Retrospective review of prospectively collected data of patients undergoing ACDF at a quaternary referral medical center was performed. Patients > 18 years of age with > 6 months of follow-up and complete pre- and postoperative X-ray and MRI imaging were included. An ML-based algorithm was developed to predict EO-ASD based on preoperative demographic, clinical, and radiographic parameters, and model performance was evaluated according to discrimination and overall performance. Results: In total, 366 ACDF patients were included (50.8% male, mean age 51.4 ± 11.1 years). Over 18.7 ± 20.9 months of follow-up, 97 (26.5%) patients developed EO-ASD. The model demonstrated good discrimination and overall performance according to precision (EO-ASD: 0.70, non-ASD: 0.88), recall (EO-ASD: 0.73, non-ASD: 0.87), accuracy (0.82), F1-score (0.79), Brier score (0.203), and AUC (0.794), with C4/C5 posterior disc bulge, C4/C5 anterior disc bulge, C6 posterior superior osteophyte, presence of osteophytes, and C6/C7 anterior disc bulge identified as the most important predictive features. Conclusions: Through an ML approach, the model identified risk factors and predicted development of EO-ASD following ACDF with good discrimination and overall performance. By addressing the shortcomings of traditional statistics, ML techniques can support discovery, clinical decision-making, and precision-based spine care.",26.0,0.0,,,,,
0,,Revolutionizing ransomware detection and criticality assessment: Multiclass hybrid machine learning and semantic similarity-based end2end solution,10.1007/s11042-023-16946-x,Article,,83,,"B N, Chaithanya;S H, Brahmananda",13807501,Criticality identification | Data processing | Hybridization | Infection identification system | Machine learning | Malicious files | Ransomware | Semantic algorithms,2-s2.0-85173749204,,,ar,B N C.,60106156,"GITAM School of Technology, Bengaluru Campus",Bengaluru,India,2.0,57217533868;57201989849,60106156;60106156,2024-04-01,April 2024,Multimedia Tools and Applications,25627.0,15737721,Journal,13,,39135-39168,"In the digital environment, a ransomware detection and protection solution is crucial. Because it makes it possible for companies to combat the rising threat of ransomware attacks, prevent financial losses, preserve crucial systems, and satisfy legal requirements. The primary issue is that current ransomware detection and mitigation methods could be more effective due to its dynamic nature and an insufficient up-to-date understanding of its variants. To create more effective defenses and narrow the cybersecurity knowledge gap, interdisciplinary research that examines ransomware's coding, behavior, and goals is required. This paper seeks to improve methods of ransomware defense by analyzing the code, behavior, and goals of numerous ransomware variants. The study proposes using semantic similarity algorithms to estimate the severity of attacks and identify connections between existing attacks to enhance detection and mitigation measures. The objectives of this paper include developing an improved, all-inclusive multiclass ransomware detection and response generation model with automatic or semi-automatic response capabilities. The method combines artificial intelligence with semantic similarity detection techniques to automatically identify and classify ransomware attacks using predefined classifiers. Single machine learning techniques were initially trained on a dataset of ransomware samples; however, the accuracy was poor, ranging from 11% with the LGBM classifier to a maximum of 51% with the decision tree classifier. A hybridization of ML algorithms increases accuracy, leading to a notable improvement in classifier accuracy, with a Hybrid 3 obtaining 91% accuracy. Semantic algorithms periodically retrain the model to keep it current with new ransomware variations. These algorithms also provide the severity of the attack. If the criticality is low, the model notifies the administrator for additional analysis; if it is medium, sensitive data-related operations are stopped with automatic backups; and if it is high, all processes are controlled to prevent further harm. The key advantages of this model are its ability to identify 21 different ransomware classes, enhance training with new variants, and provide criticality recommendations for optimal decision-making during a ransomware assault.",6.0,0.0,,,,,
1,,"Study of (n,2n) Reaction Cross Section of Fission Product Based on Neural Network and Decision Tree Model",10.7538/yzk.2023.youxian.0049,Article,,57,,"Sun, Xiaodong;Wei, Zihao;Wang, Duan;Xu, Ruirui;Tian, Yuan;Tao, Xi;Zhang, Yingxun;Zhang, Yue;Zhang, Zhi;Ge, Zhigang;Wang, Jimin;Wang, Junchen;Xia, Houqiong;Shu, Nengchuan",10006931,"(n,2n) reaction cross section | back propagation neural network | nuclear data | XGBOOST",2-s2.0-85165230026,,,ar,Sun X.,60026626;100367918,China Institute of Atomic Energy;Graduate School of Nuclear Industry,Beijing;Beijing,China;China,14.0,57188677551;57217029945;59859812300;25634569300;55480163800;36138119200;8388340100;59825879100;57195957610;25633521200;57224987413;58350727200;58350727300;8443209600,60026626;60026626;100367918;60026626;60026626;60026626;60026626;60026626;60026626;60026626;60026626;60026626;60026626;60026626,2023-04-01,April 2023,Yuanzineng Kexue Jishu Atomic Energy Science and Technology,13309.0,,Journal,4,,798-804,"The neutron induced nuclear reaction cross section of fission products is related with the neutron flux and the reactor burnup, which plays an important role in accurately designing nuclear engineering. To predict (n, 2n) reaction cross sections especially those without experimental data, the relevant features were analyzed and the experimental data set were established on the basis of sorting out the experimental data recorded in EXFOR library. This work includes 5 294 (n, 2n) cross section measured results, among which a lot of experimental data concentrate around 14 MeV incident energy. Moreover, there may be divergence between measurements due to system error and negligence error. Faced with these real and defective data, researchers discovered laws behind them and established the compound nucleus reaction models. However this means a heavy workload. It would be surprising if machine learning could reach a quantitative level close to the evaluation results. The 8 features include the proton number Z, the mass number A, the single nucleon separation energy of both proton and neutron, the Casten factor, the level density, the pairing correction, and the incident energy. The back propagation artificial neural network (ANN) and decision tree (DT) models were built to learn the experimental data set, respectively, adopting PyTorch and XGBOOST toolboxes. Draw lessons from the variational auto-encoder network, the 2 sub-networks with the same internal structure, which contains 128 neurons in 2 hidden layers, were designed to learn the mean and variance respectively. The boosting model integrates 16 decision trees. The training set includes 4 000 uniform and randomly selected data, while the remaining data constitute the test set. The results show that both ANN and XGBOOST models describe the experimental cross section data well, moreover model gives a smooth and continuous curve, indicating a certain predictive ability. For the case of lack of experimental data, the predictions are also basically consistent with the evaluation nuclear reaction data libraries. Compared with the XGBOOST model, the ANN model has somewhat better generalization ability in the range of neutron incident energy above 20 MeV. In the test set, the ANN predictions with a mean absolute percentage error (MAPE) deviation less than 10% from the experimental data account for more than 85%. Therefore we successfully established machine learning models to analysis and predicate (n, 2n) reaction cross section. On the other hand, through traditional nuclear reaction models, one can intuitively understand the relationship among physical quantities and build a picture of the reaction mechanism. However, machine learning models are often regarded as difficult to understand black boxes, which is questionable for physicists. In future it is planned to further apply machine learning for the nuclear data research to verify the rationality of the method.",1.0,0.0,,,,,
0,,Machine learning-based prediction model of lower extremity deep vein thrombosis after stroke,10.1007/s11239-024-03010-0,Article,,57,,"Liu, Lingling;Li, Liping;Zhou, Juan;Ye, Qian;Meng, Dianhuai;Xu, Guangxu",09295305,DVT | Machine learning | Prediction model | Stroke,2-s2.0-85200024136,,39068348.0,ar,Liu L.,60102447,Jiangsu Province Hospital,Nanjing,China,6.0,57489539300;59631581200;57760116800;56533052500;21233830300;9039527200,60102447;60102447;60102447;60102447;60102447;60102447,2024-10-01,October 2024,Journal of Thrombosis and Thrombolysis,23899.0,1573742X,Journal,7,,1133-1144,"This study aimed to apply machine learning (ML) techniques to develop and validate a risk prediction model for post-stroke lower extremity deep vein thrombosis (DVT) based on patients’ limb function, activities of daily living (ADL), clinical laboratory indicators, and DVT preventive measures. We retrospectively analyzed 620 stroke patients. Eight ML models—logistic regression (LR), support vector machine (SVM), random forest (RF), decision tree (DT), neural network (NN), extreme gradient boosting (XGBoost), Bayesian (NB), and K-nearest neighbor (KNN)—were used to build the model. These models were extensively evaluated using ROC curves, AUC, PR curves, PRAUC, accuracy, sensitivity, specificity, and clinical decision curves (DCA). Shapley’s additive explanation (SHAP) was used to determine feature importance. Finally, based on the optimal ML algorithm, different functional feature set models were compared with the Padua scale to select the best feature set model. Our results indicated that the RF algorithm demonstrated superior performance in various evaluation metrics, including AUC (0.74/0.73), PRAUC (0.58/0.58), accuracy (0.75/0.77), and sensitivity (0.78/0.80) in both the training set and test set. DCA analysis revealed that the RF model had the highest clinical net benefit. SHAP analysis showed that D-dimer had the most significant influence on DVT, followed by age, Brunnstrom stage (lower limb), prothrombin time (PT), and mobility ability. The RF algorithm can predict post-stroke DVT to guide clinical practice. Graphical abstract: (Figure presented.)",3.0,1.0,all publisherfree2read,All Open Access Bronze,,No.BE2021012-4,
3,,Deep learning health management diagnostics applied to the NIST smoke experiments,10.3389/fenrg.2023.1175102,Article,,11,,"Hoppman, Isaac;Alhadhrami, Saeed;Wang, Jun",,classification | deep learning | fire | long short-term memory | nuclear power plants,2-s2.0-85157974342,,,ar,Hoppman I.,60153131,UW-Madison College of Engineering,Madison,United States,3.0,58234856300;57439059900;56050961100,60153131;60153131;60153131,2023-01-01,2023,Frontiers in Energy Research,21100786317.0,2296598X,Journal,,1175102,,"Fire is one of the most important hazards that must be considered in advanced nuclear power plant safety assessments. The Nuclear Regulatory Commission (NRC) has developed a large collection of experimental data and associated analyses related to the study of fire safety. In fact, computational fire models are based on quantitative comparisons to those experimental data. During the modeling process, it is important to develop diagnostic health management systems to check the equipment status in fire processes. For example, a fire sensor does not directly provide accurate and complex information that nuclear power plants (NPPs) require. With the assistance of the machine learning method, NPP operators can directly get information on local, ignition, fire material of an NPP fire, instead of temperature, smoke obscuration, gas concentration, and alarm signals. In order to improve the predictive capabilities, this work demonstrates how the deep learning classification method can be used as a diagnostic tool in a specific set of fire experiments. Through a single input from a sensor, the deep learning tool can predict the location and type of fire. This tool also has the capability to provide automatic signals to potential passive fire safety systems. In this work, test data are taken from a specific set of the National Institute of Standards and Technology (NIST) fire experiments in a residential home and analyzed by using the machine learning classification models. The networks chosen for comparison and evaluation are the dense neural networks, convolutional neural networks, long short-term memory networks, and decision trees. The dense neural network and long short-term memory network produce similar levels of accuracy, but the convolutional neural network produces the highest accuracy.",0.0,1.0,all publisherfullgold,All Open Access Gold,,CFA-20-19671,
5,,Artificial neural network and decision tree models of post-stroke depression at 3 months after stroke in patients with BMI ≥ 24,10.1016/j.jpsychores.2021.110632,Article,,150,,"Qiu, Xiuli;Miao, Jinfeng;Lan, Yan;Sun, Wenzhe;Li, Guo;Pan, Chensheng;Wang, Yanyan;Zhao, Xin;Zhu, Zhou;Zhu, Suiqiang",00223999,Artificial neural network | Decision tree | Post-stroke depression | Predictive model,2-s2.0-85116223863,S0022399921002774,34624525.0,ar,Qiu X.,60001193,Tongji Medical College of Huazhong University of Science and Technology,Wuhan,China,10.0,57212148316;57208254440;57212137472;57210596170;56211153700;57222535743;57222545324;57215418285;55721576100;9038868300,60001193;60001193;60001193;60001193;60001193;60001193;60001193;60001193;60001193;60001193,2021-11-01,November 2021,Journal of Psychosomatic Research,16817.0,18791360,Journal,,110632,,"Objective: Previous studies have shown that excess weight (including obesity and overweight) can increase the risk of cardiovascular, cerebrovascular and other diseases, but there is no study on the incidence of post-stroke depression (PSD) and related factors in patients with excessive weight. The main purpose of this study was to find related factors of PSD at 3 months after stroke in patients with excessive weight and construct artificial neural network (ANN) and decision tree (DT) models. Methods: This is a prospective multicenter cohort study (Registration number: ChiCTR-ROC-17013993). Five hundred and three stroke patients with Body Mass Index(BMI) ≥ 24 were included in this study. The diagnostic criteria of PSD is according to the Diagnostic and Statistical Manual of Mental Disorders, 5th edition (DSM-V) diagnostic criteria for depression due to other medical conditions and the HAMD-17 scores > 7 at 3 months after stroke was used as the primary endpoint. The χ<sup>2</sup> test, Mann-Whitney U test or t-test were used to check for statistical significance. Results: Our study found that sleeping time < 5 h, CHD, physical exercise, BI score, N dimension(EPQ) and subjective support(SSRS) were associated with PSD in patients with excessive weight. Physical exercise(odd ratio [OR] = 0.49, p = 0.001, 95%CI [confidence interval]: 0.32–0.75) and BI score(OR = 0.99, p < 0.001, 95%CI: 0.98–0.99) were protective factors; sleeping time < 5 h(OR = 2.86, p < 0.001, 95%CI: 1.62–5.04), CHD(OR = 2.18, p = 0.018, 95%CI: 1.14–4.15), N dimension(OR = 1.08, p = 0.001, 95%CI: 1.03–1.13) and subjective support(OR = 1.04, p = 0.022, 95%CI: 1.01–1.07) were risk factors. Conclusion: This study found several factors related to the occurrence of PSD at 3 months in patients with excessive weight. Meanwhile, ANN and DT models were constructed for clinicians to use.",17.0,0.0,,,NSFC,82001218,National Natural Science Foundation of China
6,,Classifiers for ischemic stroke lesion segmentation: A comparison study,10.1371/journal.pone.0145118,Article,,10,,"Maier, Oskar;Schröder, Christoph;Forkert, Nils Daniel;Martinetz, Thomas;Handels, Heinz",,,2-s2.0-84956616219,,26672989.0,ar,Maier O.,60012408;60192954,Universität zu Lübeck;Hotchkiss Brain Institute,Lubeck;Calgary,Germany;Canada,5.0,55489069300;59042227200;16549854100;6701443660;6701686055,60012408;60012408;60192954;60012408;60012408,2015-12-01,1 December 2015,Plos One,10600153309.0,19326203,Journal,12,e0145118,,"Motivation Ischemic stroke, triggered by an obstruction in the cerebral blood supply, leads to infarction of the affected brain tissue. An accurate and reproducible automatic segmentation is of high interest, since the lesion volume is an important end-point for clinical trials. However, various factors, such as the high variance in lesion shape, location and appearance, render it a difficult task. Methods In this article, nine classification methods (e.g. Generalized Linear Models, Random Decision Forests and Convolutional Neural Networks) are evaluated and compared with each other using 37 multiparametric MRI datasets of ischemic stroke patients in the sub-acute phase in terms of their accuracy and reliability for ischemic stroke lesion segmentation. Within this context, a multi-spectral classification approach is compared against monospectral classification performance using only FLAIR MRI datasets and two sets of expert segmentations are used for inter-observer agreement evaluation. Results and Conclusion The results of this study reveal that high-level machine learning methods lead to significantly better segmentation results compared to the rather simple classification methods, pointing towards a difficult non-linear problem. The overall best segmentation results were achieved by a Random Decision Forest and a Convolutional Neural Networks classification approach, even outperforming all previously published results. However, none of the methods tested in this work are capable of achieving results in the range of the human observer agreement and the automatic ischemic stroke lesion segmentation remains a complicated problem that needs to be explored in more detail to improve the segmentation results.",135.0,1.0,all publisherfullgold repository repositoryam,All Open Access Gold Green,,,
3,,Distributed Fault Diagnosis Framework for Nuclear Power Plants,10.3389/fenrg.2021.665502,Article,,9,,"Guohua, Wu;Zhiyong, Duan;Diping, Yuan;Jiyao, Yin;Caixue, Liu;Dongxu, Ji",,BP neural network | decision tree | distributed fault diagnosis | information fusion | nuclear power plants,2-s2.0-85110188260,,,ar,Guohua W.,60019616;60108865;60014546;126240492,"Harbin Institute of Technology;The Chinese University of Hong Kong, Shenzhen;Nuclear Power Institute of China;Shenzhen Urban Public Safety and Technology Institute",Harbin;Shenzhen;Beijing;Shenzhen,China;China;China;China,6.0,56701302700;57225995736;57253099300;53878814300;57225997493;57190841528,126240492-60019616;60014546;126240492;126240492;60014546;60108865,2021-07-01,1 July 2021,Frontiers in Energy Research,21100786317.0,2296598X,Journal,,665502,,"A fault diagnosis can quickly and accurately diagnose the cause of a fault. Focusing on the characteristics of nuclear power plants (NPPs), this study proposes a distributed fault diagnosis method based on a back propagation (BP) neural network and decision tree reasoning. First, the fault diagnosis was carried out using the BP neural network and decision tree reasoning, and then a global fusion diagnosis was performed by fusing the resulting information. Second, the key technologies of the BP neural network and decision tree sample construction were studied. Finally, the simulation results show that the proposed distributed fault diagnosis system is highly reliable and has strong diagnostic ability, enabling efficient and accurate diagnoses to be realized. The distributed fault diagnosis system for NPPs provides a solid foundation for future research.",7.0,1.0,all publisherfullgold repository repositoryam,All Open Access Gold Green,NKRDPC,2019B111102002,National Key Research and Development Program of China
0,,Machine learning-based prediction of infarct size in patients with ST-segment elevation myocardial infarction: A multi-center study,10.1016/j.ijcard.2022.12.037,Article,,375,,"A, Xin;Li, Kangshuo;Yan, Lijing L.;Chandramouli, Chanchal;Hu, Rundong;Jin, Xurui;Li, Ping;Chen, Mulei;Qian, Geng;Chen, Yundai",01675273,Adverse remodeling | Cardiac magnetic resonance imaging | Infarct size | Machine learning | Myocardial infarction,2-s2.0-85147118979,S0167527322019180,36565958.0,ar,A X.,60030162;60029306;60069744;60095034;60073449;60004409;60108877;112858402;126272589,"Columbia University;Wuhan University;General Hospital of People's Liberation Army;Duke-NUS Medical School;Beijing Chao-Yang Hospital, Capital Medical University;National Heart Centre Singapore;Duke Kunshan University;First People's Hospital of Yulin;MindRank AI Ltd.",New York;Wuhan;Beijing;Singapore City;Beijing;Singapore City;Kunshan;Yulin;Hangzhou,United States;China;China;Singapore;China;Singapore;China;China;China,10.0,57898985500;57224071332;57198311895;54790834900;58083742400;57215002106;57205751605;14009978800;55273971500;12799804400,60069744;60030162;60108877-60029306;60004409-60095034;60108877;126272589;112858402;60073449;60069744;60069744,2023-03-15,15 March 2023,International Journal of Cardiology,23774.0,18741754,Journal,,,131-141,"Background: Cardiac magnetic resonance imaging (CMR) is the gold standard for measuring infarct size (IS). However, this method is expensive and requires a specially trained technologist to administer. We therefore sought to quantify the IS using machine learning (ML) based analysis on clinical features, which is a convenient and cost-effective alternative to CMR. Methods and results: We included 315 STEMI patients with CMR examined one week after morbidity in final analysis. After feature selection by XGBoost on fifty-six clinical features, we used five ML algorithms (random forest (RF), light gradient boosting decision machine, deep forest, deep neural network, and stacking) to predict IS with 26 (selected by XGBoost with information gain greater than average level of 56 features) and the top 10 features, during which 5-fold cross-validation were used to train and optimize models. We then evaluated the value of actual and ML-IS for the prediction of adverse remodeling. Our finding indicates that MLs outperform the linear regression in predicting IS. Specifically, the RF with five predictors identified by the exhaustive method performed better than linear regression (LR) with 10 indicators (R<sup>2</sup> of RF: 0.8; LR: 0). The finding also shows that both actual and ML-IS were independently associated with adverse remodeling. ML-IS ≥ 21% was associated with a twofold increase in the risk of LV remodeling (P < 0.01) compared with patients with reference IS (1st tertile). Conclusion: ML-based methods can predict IS with widely available clinical features, which provide a proof-of-concept tool to quantitatively assess acute phase IS.",4.0,0.0,,,,,
0,,A meta-analysis on shared and distinct neural correlates of the decision-making underlying altruistic and retaliatory punishment,10.1002/hbm.25635,Article,,42,,"Boccadoro, Sara;Wagels, Lisa;Puiu, Andrei A.;Votinov, Mikhail;Weidler, Carmen;Veselinovic, Tanja;Demko, Zachary;Raine, Adrian;Neuner, Irene",10659471,aggression | altruism | magnetic resonance imaging | motivation | punishment | social norms,2-s2.0-85113171200,,34415078.0,ar,Boccadoro S.,60006297;60032179;60016653;60007774;110546621,University of Pennsylvania;University of Wisconsin-Madison;Rheinisch-Westfälische Technische Hochschule Aachen;Forschungszentrum Jülich GmbH;JARA-Translational Brain Medicine,Philadelphia;Madison;Aachen;Julich;Aachen,United States;United States;Germany;Germany;Germany,9.0,57200449882;56845733100;57212982466;37094165600;57202070818;12759825300;57218557597;7102893592;22734632000,60016653;60016653-60007774;60016653;60016653-60007774;60016653;60016653;60032179;60006297;60016653-60007774-110546621,2021-12-01,1 December 2021,Human Brain Mapping,16101.0,10970193,Journal,17,,5547-5562,"Individuals who violate social norms will most likely face social punishment sanctions. Those sanctions are based on different motivation aspects, depending on the context. Altruistic punishment occurs if punishment aims to re-establish the social norms even at cost for the punisher. Retaliatory punishment is driven by anger or spite and aims to harm the other. While neuroimaging research highlighted the neural networks supporting decision-making in both types of punishment in isolation, it remains unclear whether they rely on the same or distinct neural systems. We ran an activation likelihood estimation meta-analysis on functional magnetic resonance imaging data on 24 altruistic and 19 retaliatory punishment studies to investigate the neural correlates of decision-making underlying social punishment and whether altruistic and retaliatory punishments share similar brain networks. Social punishment reliably activated the bilateral insula, inferior frontal gyrus, midcingulate cortex (MCC), and superior and medial frontal gyri. This network largely overlapped with activation clusters found for altruistic punishment. However, retaliatory punishment revealed only one cluster in a posterior part of the MCC, which was not recruited in altruistic punishment. Our results support previous models on social punishment and highlight differential involvement of the MCC in altruistic and retaliatory punishments, reflecting the underlying different motivations.",10.0,1.0,all publisherfullgold repository repositoryam,All Open Access Gold Green,DFG,DFG?Projektnummer 269953372/GRK2150,Deutsche Forschungsgemeinschaft
1,,Automated segmentation and classification of brain stroke using expectation-maximization and random forest classifier,10.1016/j.bbe.2019.04.004,Article,,40,,"Subudhi, Asit;Dash, Manasa;Sabut, Sukanta",02085216,Brain stroke | Classifier | Expectation-maximization | MRI | OCSP scheme,2-s2.0-85076708081,S0208521619300154,,ar,Subudhi A.,60079572;60079452;60114751,"Siksha O Anusandhan (Deemed to be University);Kalinga Institute of Industrial Technology, Bhubaneswar;Silicon Institute of Technology, Bhubaneswar",Bhubaneswar;Bhubaneswar;Bhubaneswar,India;India;India,3.0,57113289400;56463704300;24829886700,60079572;60114751;60079452,2020-01-01,January - March 2020,Biocybernetics and Biomedical Engineering,19400158663.0,,Journal,1,,277-289,"Magnetic resonance imaging (MRI) is effectively used for accurate diagnosis of acute ischemic stroke. This paper presents an automated method based on computer aided decision system to detect the ischemic stroke using diffusion-weighted image (DWI) sequence of MR images. The system consists of segmentation and classification of brain stroke into three types according to The Oxfordshire Community Stroke Project (OCSP) scheme. The stroke is mainly classified into partial anterior circulation syndrome (PACS), lacunar syndrome (LACS) and total anterior circulation stroke (TACS). The affected part of the brain due to stroke was segmented using expectation-maximization (EM) algorithm and the segmented region was then processed further with fractional-order Darwinian particle swarm optimization (FODPSO) technique in order to improve the detection accuracy. A total of 192 scan of MRI were considered for the evaluation. Different morphological and statistical features were extracted from the segmented lesions to form a feature set which was then classified with support vector machine (SVM) and random forest (RF) classifiers. The proposed system efficiently detected the stroke lesions with an accuracy of 93.4% using RF classifier, which was better than the results of the SVM classifier. Hence the proposed method can be used in decision-making process in the treatment of ischemic stroke.",175.0,0.0,,,,,
2,,Prediction of tissue outcome and assessment of treatment effect in acute ischemic stroke using deep learning,10.1161/STROKEAHA.117.019740,Article,,49,,"Nielsen, Anne;Hansen, Mikkel Bo;Tietze, Anna;Mouridsen, Kim",00392499,area under curve | biomarkers | follow-up studies | humans | magnetic resonance imaging | stroke,2-s2.0-85053941628,,29720437.0,ar,Nielsen A.,60026245;60023882;121045829,Charité – Universitätsmedizin Berlin;Aarhus Universitetshospital;CERCARE MEDICAL APS,Berlin;Aarhus;Arhus,Germany;Denmark;Denmark,4.0,57204019132;24075704400;36464328600;12769803800,60023882-121045829;60023882;60026245;60023882,2018-01-01,2018,Stroke,20618.0,15244628,Journal,6,,1394-1401,"Background and Purpose-Treatment options for patients with acute ischemic stroke depend on the volume of salvageable tissue. This volume assessment is currently based on fixed thresholds and single imagine modalities, limiting accuracy. We wish to develop and validate a predictive model capable of automatically identifying and combining acute imaging features to accurately predict final lesion volume. Methods-Using acute magnetic resonance imaging, we developed and trained a deep convolutional neural network (CNN<inf>deep</inf>) to predict final imaging outcome. A total of 222 patients were included, of which 187 were treated with rtPA (recombinant tissue-type plasminogen activator). The performance of CNN<inf>deep</inf> was compared with a shallow CNN based on the perfusion-weighted imaging biomarker Tmax (CNN<inf>Tmax</inf>), a shallow CNN based on a combination of 9 different biomarkers (CNN<inf>shallow</inf>), a generalized linear model, and thresholding of the diffusion-weighted imaging biomarker apparent diffusion coefficient (ADC) at 600×10<sup>-6</sup> mm<sup>2</sup>/s (ADCthres). To assess whether CNN<inf>deep</inf> is capable of differentiating outcomes of ±intravenous rtPA, patients not receiving intravenous rtPA were included to train CNN<inf>deep</inf>-rtpa to access a treatment effect. The networks' performances were evaluated using visual inspection, area under the receiver operating characteristic curve (AUC), and contrast. Results-CNN<inf>deep</inf> yields significantly better performance in predicting final outcome (AUC=0.88±0.12) than generalized linear model (AUC=0.78±0.12; P=0.005), CNN<inf>Tmax</inf> (AUC=0.72±0.14; P<0.003), and ADCthres (AUC=0.66±0.13; P<0.0001) and a substantially better performance than CNN<inf>shallow</inf> (AUC=0.85±0.11; P=0.063). Measured by contrast, CNN<inf>deep</inf> improves the predictions significantly, showing superiority to all other methods (P≤0.003). CNN<inf>deep</inf> also seems to be able to differentiate outcomes based on treatment strategy with the volume of final infarct being significantly different (P=0.048). Conclusions-The considerable prediction improvement accuracy over current state of the art increases the potential for automated decision support in providing recommendations for personalized treatment plans.",208.0,1.0,all publisherfree2read,All Open Access Bronze,AU,5189-00209B,Aarhus Universitet
3,,A quantitative symmetry-based analysis of hyperacute ischemic stroke lesions in noncontrast computed tomography,10.1002/mp.12015,Article,,44,,"Peter, Roman;Korfiatis, Panagiotis;Blezek, Daniel;Oscar Beitia, A.;Stepan-Buksakowska, Irena;Horinek, Daniel;Flemming, Kelly D.;Erickson, Bradley J.",,hyperacute ischemic stroke | image registration | noncontrast computed tomography (ncCT) classification | texture analysis,2-s2.0-85015605030,,28066898.0,ar,Peter R.,60005558,Mayo Clinic,Rochester,United States,8.0,57196527265;23397073600;6603545781;6602365025;55487296100;6603587943;7005916335;7201472755,60005558;60005558;60005558;60005558;60005558;60005558;60005558;60005558,2017-01-01,1 January 2017,Medical Physics,17871.0,24734209,Journal,1,,192-199,"PURPOSE: Early identification of ischemic stroke plays a significant role in treatment and potential recovery of damaged brain tissue. In noncontrast CT (ncCT), the differences between ischemic changes and healthy tissue are usually very subtle during the hyperacute phase (< 8 h from the stroke onset). Therefore, visual comparison of both hemispheres is an important step in clinical assessment. A quantitative symmetry-based analysis of texture features of ischemic lesions in noncontrast CT images may provide an important information for differentiation of ischemic and healthy brain tissue in this phase.METHODS: One hundred thirty-nine (139) ncCT scans of hyperacute ischemic stroke with follow-up magnetic resonance diffusion-weighted (MR-DW) images were collected. The regions of stroke were identified in the MR-DW images, which were spatially aligned to corresponding ncCT images. A state-of-the-art symmetric diffeomorphic image registration was utilized for the alignment of CT and MR-DW, for identification of individual brain hemispheres, and for localization of the region representing healthy tissue contralateral to the stroke cores. Texture analysis included extraction and classification of co-occurrence and run-length texture-based image features in the regions of ischemic stroke and their contralateral regions.RESULTS: The classification schemes achieved area under the receiver operating characteristic [Az] ≈ 0.82 for the whole dataset. There was no statistically significant difference in the performance of classifiers for the data sets with time between 2 and 8 hours from symptom onset. The performance of the classifiers did not depend on the size of the stroke regions.CONCLUSIONS: The results provide a set of optimal texture features which are suitable for distinguishing between hyperacute ischemic lesions and their corresponding contralateral brain tissue in noncontrast CT. This work is an initial step toward development of an automated decision support system for detection of hyperacute ischemic stroke lesions on noncontrast CT of the brain.",43.0,1.0,all publisherfree2read repository repositoryam,All Open Access Bronze Green,NCI,U01 CA160045,National Cancer Institute
0,,Theta-Alpha Variability on EEG Is Associated with Acute Brain Injury in Children and Young Adults with Liver Failure,10.1212/CPJ.0000000000200389,Article,,15,,"Barnes, Jacqueline;Fong, Allan;Bharil, Sarika;Kattapuram, Nathan M.;Hashemzadeh, Taymour;Lee, Earn Chun Christabel;Andrews, Alexander",21630402,,2-s2.0-85206823034,,,ar,Barnes J.,60024541;60005723;60002396;60022986;60002482,"NYU Grossman School of Medicine;Childrens National Health System;Georgetown University School of Medicine;MedStar Georgetown University Hospital;MedStar Research Institute, Washington DC","New York;Washington, D.C.;Washington, D.C.;Washington, D.C.;Washington, D.C.",United States;United States;United States;United States;United States,7.0,59373552500;56704579300;59373104700;57212676557;57218210300;57402282400;57330351400,60002396;60002482;60002396;60002396;60024541;60022986;60005723,2024-10-08,8 October 2024,Neurology Clinical Practice,21100236604.0,21630933,Journal,1,e200389,,"Background and ObjectivesPatients with liver failure experience long hospitalizations and acute neurologic complications. Encephalopathy limits the bedside examination, rendering presenting signs of acute brain injury less specific. Seizures are common. Brain MRI is the gold standard for detecting acute brain injury, but intensive medical needs may preclude immediate transfer for imaging. EEG is a bedside test applied in cases of seizure or encephalopathy. We hypothesized that EEG variables can predict MRI signs of acute brain injury in children hospitalized with liver failure.MethodsIn this retrospective cohort analysis, records were collected for patients admitted to a MedStar hospital between 2014 and 2022 with ICD-9/10 codes related to liver failure, who underwent brain MRI and EEG testing during the same admission. Exclusion criteria included age older than 24 years and >7 days elapsing between EEG and MRI testing. Clinical data of interest from chart review, reinterpreted MRI scans, reinterpreted EEG tracings, and quantitative EEG variables were compiled into a database. Quantitative EEG variables were processed using MNE-Python.ResultsOf 746 records screened, 52 patients met inclusion criteria comprising 63 EEG-MRI pairs. Univariate analysis of all quantitative EEG variables of interest showed depressed theta-Alpha variability (TAV) when paired MRI involved abnormal restricted diffusivity in cortical or deep gray matter structures (TAV 0.705, SD 0.310; p < 0.001) compared with MRI with no abnormal restricted diffusivity (TAV 0.895, SD 0.095). Multilinear regression analysis including potential confounders demonstrated independent association of depressed TAV with this MRI finding, with an odds ratio of 4.0317 (95% CI 1.3868-11.7165; AUROC 0.83).DiscussionDepressed TAV on EEG is associated with increased odds of abnormal restricted diffusivity in gray matter on brain MRI in children and young adults hospitalized with liver failure. This MRI finding is seen in scenarios where changes to medical management are time-sensitive (i.e., acute stroke and PRES) or where prognostic discussion may be influenced by MRI findings (hypoxic-ischemic injury). TAV thus has a potential role as an automated, bedside decision support tool for clinicians deciding on the urgency of brain MRI in critically ill patients.",0.0,0.0,,,,,
2,,A deep learning analysis of stroke onset time prediction and comparison to DWI-FLAIR mismatch,10.1016/j.nicl.2023.103544,Article,,40,,"Akay, Ela Marie Z.;Rieger, Jana;Schöttler, Ricardo;Behland, Jonas;Schymczyk, Raphael;Khalil, Ahmed A.;Galinovic, Ivana;Sobesky, Jan;Fiebach, Jochen B.;Madai, Vince I.;Hilbert, Adam;Frey, Dietmar",,Acute ischemic stroke | Artificial intelligence | Cerebrovascular accident | Computer aided | Decision support | Deep learning | Diffusion-weighted imaging | DWI-FLAIR-mismatch | Fluid attenuated inversion recovery | Machine learning | Magnetic resonance imaging | Precision medicine | Wake up stroke,2-s2.0-85178040951,S2213158223002358,38000188.0,ar,Akay E.M.Z.,60026245;60126120;60100434;60025323,Charité – Universitätsmedizin Berlin;Berliner Institut für Gesundheitsforschung;Birmingham City University;Max Planck Institute for Human Cognitive and Brain Sciences,Berlin;Berlin;Birmingham;Leipzig,Germany;Germany;United Kingdom;Germany,12.0,57208797906;57208801752;58725699100;57221418261;58725308400;56508968600;22233946400;6602182155;7003366590;36145221300;57221325191;25722536800,60026245;60026245;60026245;60026245;60026245;60026245-60025323;60026245;60026245;60026245;60126120-60100434;60026245;60026245,2023-01-01,January 2023,Neuroimage Clinical,21100222534.0,22131582,Journal,,103544,,"Introduction: When time since stroke onset is unknown, DWI-FLAIR mismatch rating is an established technique for patient stratification. A visible DWI lesion without corresponding parenchymal hyperintensity on FLAIR suggests time since onset of under 4.5 h and thus a potential benefit from intravenous thrombolysis. To improve accuracy and availability of the mismatch concept, deep learning might be able to augment human rating and support decision-making in these cases. Methods: We used unprocessed DWI and coregistered FLAIR imaging data to train a deep learning model to predict dichotomized time since ischemic stroke onset. We analyzed the performance of Group Convolutional Neural Networks compared to other deep learning methods. Unlabeled imaging data was used for pre-training. Prediction performance of the best deep learning model was compared to the performance of four independent junior and senior raters. Additionally, in cases deemed indeterminable by human raters, model ratings were used to augment human performance. Post-hoc gradient-based explanations were analyzed to gain insights into model predictions. Results: Our best predictive model performed comparably to human raters. Using model ratings in cases deemed indeterminable by human raters improved rating accuracy and interrater agreement for junior and senior ratings. Post-hoc explainability analyses showed that the model localized stroke lesions to derive predictions. Discussion: Our analysis shows that deep learning based clinical decision support has the potential to improve the accessibility of the DWI-FLAIR mismatch concept by supporting patient stratification.",8.0,1.0,all publisherfullgold repository repositoryam,All Open Access Gold Green,EC,,European Commission
3,,Isotope identification using deep learning: An explanation,10.1016/j.nima.2020.164925,Article,,988,,"Gomez-Fernandez, Mario;Wong, Weng Keen;Tokuhiro, Akira;Welter, Kent;Alhawsawi, Abdulsalam M.;Yang, Haori;Higley, Kathryn",01689002,Explainable deep learning | Gamma-ray spectroscopy | Nuclear science | Robust artificial intelligence,2-s2.0-85097874488,S016890022031322X,,ar,Gomez-Fernandez M.,60137364;60002146;60238488;113032191,"College of Engineering;Ontario Tech University;Faculty of Engineering, King Abdulaziz University;NuScale Power, LLC",Corvallis;Oshawa;Jeddah;Corvallis,United States;Canada;Saudi Arabia;United States,7.0,56423565900;7403972568;55523868700;55963563100;26026763700;55268872800;6602469785,60137364-113032191;60137364;60002146;113032191;60238488;60137364;60137364,2021-02-01,1 February 2021,Nuclear Instruments and Methods in Physics Research Section A Accelerators Spectrometers Detectors and Associated Equipment,29067.0,,Journal,,164925,,"The exceptional performance of machine learning methods has led to their adaptation in many different domains. In the nuclear industry, it has been proposed that machine learning methods have the potential to revolutionize nuclear safety and radiation detection by leveraging that they can be used to augment human and device capabilities. While many applications focus on the accuracy of the learning algorithm's prediction, it has been shown in practice that these algorithms are prone to learn characteristics that are not descriptive or relevant. Hence, this paper focuses on understanding the reasoning behind the classification using saliency methods. Visual representations of the network's learned regions of interest are used to demonstrate whether domain-specific characteristics are being identified, which allows for the end-user to evaluate the performance based on domain knowledge. The results obtained show that focusing on a human-centered approach will ultimately enhance the transparency and trust of the deep learning algorithm's decision.",35.0,1.0,all publisherhybridgold repository repositoryam,All Open Access Hybrid Gold Green,USDOE,DE-FC01-06EW07053,U.S. Department of Energy
1,,MRI-based automated multitask deep learning system to evaluate supraspinatus tendon injuries,10.1007/s00330-023-10392-x,Article,,34,,"Ni, Ming;Zhao, Yuqing;Zhang, Lihua;Chen, Wen;Wang, Qizheng;Tian, Chunyan;Yuan, Huishu",09387994,Deep learning | Rotator cuff | Shoulder | Sports injuries | Supraspinatus,2-s2.0-85176565390,,37964049.0,ar,Ni M.,60121975,Peking University Third Hospital,Beijing,China,7.0,57210847792;57200416438;56431984800;57429829900;57222187211;26649198500;57200248532,60121975;60121975;60121975;60121975;60121975;60121975;60121975,2024-06-01,June 2024,European Radiology,16687.0,14321084,Journal,6,,3538-3551,"Objective: To establish an automated, multitask, MRI-based deep learning system for the detailed evaluation of supraspinatus tendon (SST) injuries. Methods: According to arthroscopy findings, 3087 patients were divided into normal, degenerative, and tear groups (groups 0–2). Group 2 was further divided into bursal-side, articular-side, intratendinous, and full-thickness tear groups (groups 2.1–2.4), and external validation was performed with 573 patients. Visual geometry group network 16 (VGG16) was used for preliminary image screening. Then, the rotator cuff multitask learning (RC-MTL) model performed multitask classification (classifiers 1–4). A multistage decision model produced the final output. Model performance was evaluated by receiver operating characteristic (ROC) curve analysis and calculation of related parameters. McNemar’s test was used to compare the differences in the diagnostic effects between radiologists and the model. The intraclass correlation coefficient (ICC) was used to assess the radiologists’ reliability. p < 0.05 indicated statistical significance. Results: In the in-group dataset, the area under the ROC curve (AUC) of VGG16 was 0.92, and the average AUCs of RC-MTL classifiers 1–4 were 0.99, 0.98, 0.97, and 0.97, respectively. The average AUC of the automated multitask deep learning system for groups 0–2.4 was 0.98 and 0.97 in the in-group and out-group datasets, respectively. The ICCs of the radiologists were 0.97–0.99. The automated multitask deep learning system outperformed the radiologists in classifying groups 0–2.4 in both the in-group and out-group datasets (p < 0.001). Conclusion: The MRI-based automated multitask deep learning system performed well in diagnosing SST injuries and is comparable to experienced radiologists. Clinical relevance statement: Our study established an automated multitask deep learning system to evaluate supraspinatus tendon (SST) injuries and further determine the location of SST tears. The model can potentially improve radiologists’ diagnostic efficiency, reduce diagnostic variability, and accurately assess SST injuries. Key Points: • A detailed classification of supraspinatus tendon tears can help clinical decision-making. • Deep learning enables the detailed classification of supraspinatus tendon injuries. • The proposed automated multitask deep learning system is comparable to radiologists.",5.0,0.0,,,NSFC,XM2020-02-006,National Natural Science Foundation of China
2,,Deep Learning Approach for MRI in the Classification of Anterior Talofibular Ligament Injuries,10.1002/jmri.28649,Article,,58,,"Ni, Ming;Chen, Wen;Zhao, Qiang;Zhao, Yuqing;Yuan, Huishu",10531807,ankle | computer aided diagnosis | deep learning | sports injury,2-s2.0-85148502498,,36807381.0,ar,Ni M.,60121975,Peking University Third Hospital,Beijing,China,5.0,57210847792;57429829900;55598344500;57200416438;57200248532,60121975;60121975;60121975;60121975;60121975,2023-11-01,November 2023,Journal of Magnetic Resonance Imaging,17225.0,15222586,Journal,5,,1544-1556,"Background: Diagnosing anterior talofibular ligament (ATFL) injuries differs among radiologists. Further assessment of ATFL tears is valuable for clinical decision-making. Purpose: To establish a deep learning method for classifying ATFL injuries based on magnetic resonance imaging (MRI). Study Type: Retrospective. Population: One thousand seventy-three patients from a single center with ankle MRI within 1 month of reference standard arthroscopy (in-group dataset), were divided into training, validation, and test sets in a ratio of 8:1:1. Additionally, 167 patients from another center were used as an independent out-group dataset. Field Strength/Sequence: Fat-saturation proton density-weighted fast spin–echo sequence at 1.5/3.0 T. Assessment: Patients were divided into normal, strain and degeneration, partial tear and complete tear groups (groups 0–3). The complete tear group was divided into five sub-groups by location and the potential avulsion fracture (groups 3.1–3.5). All images were input into AlexNet, VGG11, Small-Sample-Attention Net (SSA-Net), and SSA-Net + Weight Loss for classification. The results were compared with four radiologists with 5–30 years of experience. Statistical Tests: Model performance was evaluated by the receiver operating characteristic (ROC) curve, the area under the ROC curve (AUC), and so on. McNemar's test was used to compare performance among the different models, and between the radiologists and models. The intraclass correlation coefficient (ICC) was used to assess the reliability of the radiologists. P < 0.05 was considered statistically significant. Results: The average AUC of AlexNet, VGG11, SAA-Net, and SSA-Net + Weight Loss was 0.95, 0.99, 0.99, 0.99 in groups 0–3 and 0.96, 0.99, 0.99, 0.99 in groups 3.1–3.5. The effect of SSA-Net + Weight Loss was similar to SSA-Net but better than AlexNet and VGG11. In the out-group test set, the AUC of SSA-Net + Weight Loss ranged from 0.89 to 0.99. The ICC of radiologists was 0.97–1.00. The effect of SSA-Net + Weight Loss was better than each radiologist in the in-group and out-group test sets. Data Conclusion: Deep learning has potential to be used for classifying ATFL injuries. SSA-Net + Weight Loss has a better diagnostic effect than radiologists with different experience levels. Level of Evidence: 4. Technical Efficacy: Stage 2.",10.0,1.0,all publisherfree2read,All Open Access Bronze,NSFC,XM2020‐02‐006,National Natural Science Foundation of China
0,,Using decision curve analysis to benchmark performance of a magnetic resonance imaging–based deep learning model for prostate cancer risk assessment,10.1007/s00330-020-07030-1,Article,,30,,"Deniffel, Dominik;Abraham, Nabila;Namdar, Khashayar;Dong, Xin;Salinas, Emmanuel;Milot, Laurent;Khalvati, Farzad;Haider, Masoom A.",09387994,Artificial intelligence | Decision analysis | Deep Learning | Magnetic resonance imaging | Prostatic neoplasms,2-s2.0-85086931402,,32591889.0,ar,Deniffel D.,60014468;60018139;60027016;60280814,University Health Network;Hopital Edouard Herriot;Lunenfeld-Tanenbaum Research Institute;Sunnybrook Research Institute,Toronto;Lyon;Toronto;Toronto,Canada;France;Canada;Canada,8.0,57202966411;57217253775;57217259913;57217249228;57199849351;23389858600;21742429900;7103399335,60027016-60014468;60027016;60027016;60027016;60027016-60014468;60018139;60027016-60014468;60027016-60014468-60280814,2020-12-01,1 December 2020,European Radiology,16687.0,14321084,Journal,12,,6867-6876,"Objectives: To benchmark the performance of a calibrated 3D convolutional neural network (CNN) applied to multiparametric MRI (mpMRI) for risk assessment of clinically significant prostate cancer (csPCa) using decision curve analysis (DCA). Methods: We retrospectively analyzed 499 patients who had positive mpMRI (PI-RADSv2 ≥ 3) and MRI-targeted biopsy. The training cohort comprised 449 men, including a calibration set of 50 men. Biopsy decision strategies included using risk estimates from the CNN (original and calibrated), to perform biopsy in men with PI-RADSv2 ≥ 4 only, or additionally in men with PI-RADSv2 3 and PSA density (PSAd) ≥ 0.15 ng/ml/ml. Discrimination, calibration and clinical usefulness in the unseen test cohort (n = 50) were assessed using C-statistic, calibration plots and DCA, respectively. Results: The calibrated CNN achieved moderate calibration (Hosmer-Lemeshow calibration test, p = 0.41) and good discrimination (C = 0.85). DCA revealed consistently higher net benefit and net reduction in biopsies for the calibrated CNN compared with the original CNN, PI-RADSv2 ≥ 4 and the combined strategy of PI-RADSv2 and PSAd. Original CNN predictions were severely miscalibrated (p < 0.0001) resulting in net harm compared with a ‘biopsy all’ patients strategy. At-risk thresholds ≥ 10% using the calibrated CNN and the combined strategy reduced the number of biopsies by an estimated 201 and 55 men, respectively, per 1000 men at risk, without missing csPCa, while original CNN and PI-RADSv2 ≥ 4 could not achieve a net reduction in biopsies. Conclusions: DCA revealed that our calibrated 3D-CNN resulted in fewer unnecessary biopsies compared with using PI-RADSv2 alone or in combination with PSAd. CNN calibration is important in achieving clinical utility. Key Points: • A 3D deep learning model applied to multiparametric MRI may help to prevent unnecessary prostate biopsies in patients eligible for MRI-targeted biopsy. • Owing to miscalibration, original risk estimates by the deep learning model require prior calibration to enable clinical utility. • Decision curve analysis confirmed a net benefit of using our calibrated deep learning model for biopsy decisions compared with alternative strategies, including PI-RADSv2 alone and in combination with prostate-specific antigen density.",27.0,0.0,,,OICR,DE 3207/1-1,Ontario Institute for Cancer Research
0,,Stereotactic Radiation Therapy or Protons for Uveal Melanoma Patients? An Artificial Intelligence (AI)-Based Clinical Treatment Decision-Making Tool Predicting Doses To Radiation Therapy Constraints,10.1016/j.ijrobp.2025.06.3867,Article,,123,,"Fleury, Emmanuelle;Pignol, Jean Philippe;Kiliç, Emine;van Rij, Caroline;Naus, Nicole;Yavuzyigitoglu, Serdar;den Toom, Wilhelm;Zolnay, Andras;Spruijt, Kees;van Vulpen, Marco;Trnková, Petra;Hoogeman, Mischa",03603016,,2-s2.0-105012397543,S0360301625045122,40614788.0,ar,Fleury E.,60032114;60011394;60110188;126932528;128182568,Erasmus MC;Medizinische Universität Wien;Erasmus MC Cancer Institute;Sultan Qaboos Comprehensive Cancer Care and Research Center;Holland Proton Therapy Center,Rotterdam;Vienna;Rotterdam;Muscat;Delft,Netherlands;Austria;Netherlands;Oman;Netherlands,12.0,57150491700;35499311100;35722347300;36017791600;6505945172;57188864119;57202188515;55585846600;35321312300;56365863700;35108472800;6602074979,60110188-128182568;126932528;60032114;60110188;60032114;60032114;60110188;60110188;128182568;128182568;60110188-60011394;60110188-128182568,2025-11-15,15 November 2025,International Journal of Radiation Oncology Biology Physics,17191.0,1879355X,Journal,4,,1159-1164,"Purpose: For ocular melanoma, selecting between stereotactic radiation therapy (SRT) and protons requires a lengthy plan comparison process. The purpose of this brief report is to describe an artificial intelligence (AI) decision-making tool to predict dosimetric and clinical outcomes based on easy-to-access tumor characteristics. Methods and Materials: The AI tool was based on a retrospective database of 66 patients with uveal melanoma treated in a single center with robotic SRT. A supervised machine learning model was developed to correlate the risk of toxicity for each radiation modality and clinical features. Clinical toxicity risks were built in various profiles: Profile I for maculopathy, optic-neuropathy, and visual acuity deterioration; Profile II for neovascular glaucoma; Profile III for radiation-induced retinopathy; and Profile IV for dry-eye syndrome. Results: Machine learning-based toxicity prediction accuracy for selecting the correct treatment modality was 81%, 77%, 91%, and 93% for Profiles I, II, III, and IV, respectively. Conclusion: The study shows that a machine learning method based on easy-to-access clinical characteristics can predict which toxicity would be greater with SRT or protons. This AI tool could support patients in making informed treatment decisions in an ophthalmology clinic, without the lengthy wait for computed tomographic simulation results and extensive plan comparisons.",0.0,1.0,all publisherhybridgold,All Open Access Hybrid Gold,NWO,,Nederlandse Organisatie voor Wetenschappelijk Onderzoek
0,,Assessing Algorithmic Fairness With a Multimodal Artificial Intelligence Model in Men of African and Non-African Origin on NRG Oncology Prostate Cancer Phase III Trials,10.1200/CCI-24-00284,Article,,9,,"Roach, Mack;Zhang, Jingbin;Mohamad, Osama;Van Der Wal, Douwe;Simko, Jeffry P.;Devries, Sandy;Huang, Huei Chung;Joun, Songwan;Schaeffer, Edward M.;Morgan, Todd M.;Keim-Malpass, Jessica;Chen, Emmalyn;Yamashita, Rikiya;Monson, Jedidiah M.;Naz, Farah;Wallace, James;Bahary, Jean Paul;Wilke, Derek;Batra, Sonny;Biedermann, Gregory B.;Faria, Sergio;Hwang, Lindsay;Sandler, Howard M.;Spratt, Daniel E.;Pugh, Stephanie L.;Esteva, Andre;Tran, Phuoc T.;Feng, Felix Y.",,,2-s2.0-105005029905,,40344545.0,ar,Roach M.,60023691;60007363;60006173;60015183;60016173;60021578;60009657;60021212;60105918;60111763;60017805;60000540;60013060;60031726;60033427;114693607;60003445;60348637;109617885,"University of California, San Francisco;Northwestern University;University of Missouri;Keck School of Medicine of USC;Cedars-Sinai Medical Center;University Hospitals Case Medical Center;Centre Hospitalier de L'Université de Montréal;The Sidney Kimmel Comprehensive Cancer Center;VA Boston Healthcare System;L'Institut de Recherche du Centre Universitaire de Santé McGill;UCSF Medical Center;QEII Health Sciences Centre;University of Michigan Rogel Cancer Center;American College of Radiology, Reston;Hôpital régional de Saint John;NRG Oncology Statistics and Data Management Center;UChicago Medicine Ingalls Memorial Hospital;Artera;Hematology-Oncology Medical Group of Fresno, Inc.",San Francisco;Evanston;Columbia;Los Angeles;Los Angeles;Cleveland;Montreal;Baltimore;West Roxbury;Montreal;San Francisco;Halifax;Ann Arbor;Reston;St. John's;Philadelphia;Harvey;Santa Barbara;Fresno,United States;United States;United States;United States;United States;United States;Canada;United States;United States;Canada;United States;Canada;United States;United States;Canada;United States;United States;United States;United States,28.0,7103036359;59895852900;36342663600;57232964400;8959650300;7005034010;59895944400;57219761601;7005119511;7202131196;55178452300;57218717588;25937098300;57798096500;59662803600;59870140000;6602646967;12806150200;58221947700;35749546600;57192120381;57226486310;7102868746;36019569900;55751695500;57034062100;57201386582;12041852500,60017805-60031726;60348637-60031726;60023691-60031726;60348637-60031726;60017805-60031726;60017805-60031726;60348637-60031726;60348637-60031726;60007363-60031726;60013060-60031726;60348637-60031726;60348637-60031726;60348637-60031726;109617885-60031726;60033427-60031726;60003445-60031726;60009657-60031726;60000540-60031726;60105918-60031726;60006173-60031726;60111763-60031726;60015183-60031726;60016173-60031726;60021578-60031726;114693607-60031726;60348637-60031726;60031726-60021212;60023691-60031726,2025-05-01,1 May 2025,JCO Clinical Cancer Informatics,21100897027.0,24734276,Journal,,e2400284,,"PURPOSE Artificial intelligence (AI) tools could improve clinical decision making or exacerbate inequities because of bias. African American (AA) men reportedly have a worse prognosis for prostate cancer (PCa) and are underrepresented in the development genomic biomarkers. We assess the generalizability of tools developed using a multimodal AI (MMAI) deep learning system using digital histopathology and clinical data from NRG/Radiation Therapy Oncology Group PCa trials across racial subgroups.METHODS In total, 5,708 patients from five randomized phase III trials were included. Two MMAI algorithms were evaluated: (1) the distant metastasis (DM) MMAI model optimized to predict risk of DM, and (2) the PCa-specific mortality (PCSM) MMAI model optimized to focus on prediction death in the presence of DM (DDM). The prognostic performance of the MMAI algorithms was evaluated in AA and non-AA subgroups using time to DM (primary end point) and time to DDM (secondary end point). Exploratory end points included time to biochemical failure and overall survival with Fine-Gray or Cox proportional hazards models. Cumulative incidence estimates were computed for time-to-event end points and compared using Gray's test.RESULTSThere were 948 (16.6%) AA patients, 4,731 non-AA patients (82.9%), and 29 (0.5%) patients with unknown or missing race status. The DM-MMAI algorithm showed a strong prognostic signal for DM in the AA (subdistribution hazard ratio [sHR], 1.2 [95% CI, 1.0 to 1.3]; P =.007) and non-AA subgroups (sHR, 1.4 [95% CI, 1.3 to 1.5]; P <.001). Similarly, the PCSM-MMAI score showed a strong prognostic signal for DDM in both AA (sHR, 1.3 [95% CI, 1.1 to 1.5]; P =.001) and non-AA subgroups (sHR, 1.5 [95% CI, 1.4 to 1.6]; P <.001), with similar distributions of risk.CONCLUSION Using cooperative group data sets with a racially diverse population, the MMAI algorithm performed well across racial subgroups without evidence of algorithmic bias.",2.0,1.0,all publisherhybridgold,All Open Access Hybrid Gold,NCI,U10CA180868,National Cancer Institute
1,,Improving Adjuvant Liver-Directed Treatment Recommendations for Unresectable Hepatocellular Carcinoma: An Artificial Intelligence-Based Decision-Making Tool,10.1200/CCI.22.00024,Article,,6,,"Mo, Allen;Velten, Christian;Jiang, Julie M.;Tang, Justin;Ohri, Nitin;Kalnicki, Shalom;Mirhaji, Parsa;Nemoto, Kei;Aasman, Boudewijn;Garg, Madhur;Guha, Chandan;Brodin, N. Patrik;Kabarriti, Rafi",,,2-s2.0-85131480316,,35671414.0,ar,Mo A.,60002388,Albert Einstein College of Medicine,New York,United States,13.0,56927968000;57202915599;55944832500;56255460100;6505484311;6701853521;6506394072;57731225300;57731048900;7102435644;7003685546;43461223900;16316051400,60002388;60002388;60002388;60002388;60002388;60002388;60002388;60002388;60002388;60002388;60002388;60002388;60002388,2022-01-01,2022,JCO Clinical Cancer Informatics,21100897027.0,24734276,Journal,,e2200024,,"PURPOSELiver-directed therapy after transarterial chemoembolization (TACE) can lead to improvement in survival for selected patients with unresectable hepatocellular carcinoma (HCC). However, there is uncertainty in the appropriate application and modality of therapy in current clinical practice guidelines. The aim of this study was to develop a proof-of-concept, machine learning (ML) model for treatment recommendation in patients previously treated with TACE and select patients who might benefit from additional treatment with combination stereotactic body radiotherapy (SBRT) or radiofrequency ablation (RFA).METHODSThis retrospective observational study was based on data from an urban, academic hospital system selecting for patients diagnosed with stage I-III HCC from January 1, 2008, to December 31, 2018, treated with TACE, followed by adjuvant RFA, SBRT, or no additional liver-directed modality. A feedforward, ML ensemble model provided a treatment recommendation on the basis of pairwise assessments evaluating each potential treatment option and estimated benefit in survival.RESULTSTwo hundred thirty-seven patients met inclusion criteria, of whom 54 (23%) and 49 (21%) received combination of TACE and SBRT or TACE and RFA, respectively. The ML model suggested a different consolidative modality in 32.7% of cases among patients who had previously received combination treatment. Patients treated in concordance with model recommendations had significant improvement in progression-free survival (hazard ratio 0.5; P =.007). The most important features for model prediction were cause of cirrhosis, stage of disease, and albumin-bilirubin grade (a measure of liver function).CONCLUSIONIn this proof-of-concept study, an ensemble ML model was able to provide treatment recommendations for HCC who had undergone prior TACE. Additional treatment in line with model recommendations was associated with significant improvement in progression-free survival, suggesting a potential benefit for ML-guided medical decision making.",7.0,2.0,all repository repositoryvor,All Open Access Green,,,
1,,"Radiologic Decision-Making for Imaging in Pulmonary Embolism: Accuracy and Reliability of Large Language Models—Bing, Claude, ChatGPT, and Perplexity",10.1055/s-0044-1787974,Article,,34,,"Sarangi, Pradosh Kumar;Datta, Suvrankar;Swarup, M. Sarthak;Panda, Swaha;Kumar Nayak, Debasish Swapnesh;Malik, Archana;Datta, Ananda;Mondal, Himel",09713026,American College of Radiology Appropriateness Criteria | Bing | ChatGPT | Claude | large language model | Perplexity | pulmonary embolism,2-s2.0-85204772294,,,ar,Sarangi P.K.,60009790;60016396;60075923;60282957,"All India Institute of Medical Sciences, New Delhi;VMMC & Safdarjang Hospital;Centurion University of Technology and Management;All India Institute of Medical Sciences Deoghar",New Delhi;New Delhi;Paralakhemundi;Deoghar,India;India;India;India,8.0,57189708527;58243501300;57201314937;58479248700;57223673014;57226573199;57218867253;57193869996,60282957;60009790;60016396;60282957;60075923;60282957;60282957;60282957,2024-01-01,2024,Indian Journal of Radiology and Imaging,71748.0,19983808,Journal,4,,653-660,"Background Artificial intelligence chatbots have demonstrated potential to enhance clinical decision-making and streamline health care workflows, potentially alleviating administrative burdens. However, the contribution of AI chatbots to radiologic decision-making for clinical scenarios remains insufficiently explored. This study evaluates the accuracy and reliability of four prominent Large Language Models (LLMs)—Microsoft Bing, Claude, ChatGPT 3.5, and Perplexity—in offering clinical decision support for initial imaging for suspected pulmonary embolism (PE). Methods Open-ended (OE) and select-all-that-apply (SATA) questions were crafted, covering four variants of case scenarios of PE in-line with the American College of Radiology Appropriateness Criteria. These questions were presented to the LLMs by three radiologists from diverse geographical regions and setups. The responses were evaluated based on established scoring criteria, with a maximum achievable score of 2 points for OE responses and 1 point for each correct answer in SATA questions. To enable comparative analysis, scores were normalized (score divided by the maximum achievable score). Result In OE questions, Perplexity achieved the highest accuracy (0.83), while Claude had the lowest (0.58), with Bing and ChatGPT each scoring 0.75. For SATA questions, Bing led with an accuracy of 0.96, Perplexity was the lowest at 0.56, and both Claude and ChatGPT scored 0.6. Overall, OE questions saw higher scores (0.73) compared to SATA (0.68). There is poor agreement among radiologists’ scores for OE (Intraclass Correlation Coefficient [ICC] = -0.067, p = 0.54), while there is strong agreement for SATA (ICC = 0.875, p < 0.001). Conclusion The study revealed variations in accuracy across LLMs for both OE and SATA questions. Perplexity showed superior performance in OE questions, while Bing excelled in SATA questions. OE queries yielded better overall results. The current inconsistencies in LLM accuracy highlight the importance of further refinement before these tools can be reliably integrated into clinical practice, with a need for additional LLM fine-tuning and judicious selection by radiologists to achieve consistent and reliable support for decision-making.",9.0,1.0,all publisherfullgold repository repositoryam,All Open Access Gold Green,,,
1,,Temperature Rise Identification Method on Fitting Based on Visible Image and Machine Learning,10.13296/j.1001-1609.hva.2022.10.029,Article,,58,,"Du, Wenjiao;Ye, Qizheng;Yuan, Zhe;Li, Chenmeng",10011609,machine learning method | temperature measurement of thermally modulated reflected light | temperature rise and state identification | visible image,2-s2.0-85140758472,,,ar,Du W.,60025761;109610018,Huazhong University of Science and Technology;Jiangmen Power Supply Bureau of Guangdong Power Grid Company,Wuhan;Jiangmen,China;China,4.0,57221948049;7202764695;57215830989;57943837500,109610018;60025761;60025761;109610018,2022-10-16,16 October 2022,Gaoya Dianqi High Voltage Apparatus,13225.0,,Journal,10,,221-229,"The temperature measurement technology based on light radiation generally works in the infrared band with strong thermal radiation. Although the temperature measurement technology based on light reflection can work in the visible band, yet the present application conditions are limited to the normal incident single wavelength visible light source in the dark environment, and it is difficult for power equipment to use this technology when working under the sunshine. In this paper, through digital image processing technology and machine learning method, the thermally modulated light reflection technology is extended to the case without needing normal incidence and fixed light source, and the identification of surface temperature rise of electrical fitting at normal temperature is achieved by using sunlight.In the sunlight, we used three kinds of mobile phones to take photos and established 4 500 image libraries of one kind of fitting for 110 kV transmission line with different sunlight environments (there are three kinds of sunlight illumination at each temperature), and 1 500 image libraries of each of three kinds of fittings (one kind of sunlight illumination at each temperature), extracted the three primary colours gray frequency distribution (RGB-GLH) of each photo as the feature quantity, and established the identification model of surface temperature through such four machine learning methods as support vector machine, decision tree method, gradient lifting method and k-nearest neighbor method. The cross-validation results show that the k-nearest neighbor method is optimal, and the mean absolute error is suitable for identifying the temperature rise of faults of general fitting. Based on the electromagnetic characteristics of materials and in accordance with the reflection law of electromagnetic wave, the principle of thermal modulated light reflection temperature rise identification technology in sunlight and the basis of using machine learning method to process big data matrix are also discussed.",5.0,0.0,,,NSFC,51577081,National Natural Science Foundation of China
0,,Decision tree-based machine learning algorithm for prediction of acute radiation esophagitis,10.1016/j.bbrep.2025.101991,Article,,42,,"Alizade-Harakiyan, Mostafa;Khodaei, Amin;Yousefi, Ali;Zamani, Hamed;Mesbahi, Asghar",,Decision tree classifier | Machine learning | Predictive modeling | Radiation-induced esophagitis | Radiotherapy | Treatment planning,2-s2.0-105001395988,S2405580825000780,,ar,Alizade-Harakiyan M.,60006622;60031210;60028867;60208586,University of Tabriz;Tabriz University of Medical Sciences;Faculty of Medicine;Faculty of Pharmacy,Tabriz;Tabriz;Tabriz;Tabriz,Iran;Iran;Iran;Iran,5.0,57219024194;23008649300;58814040200;57215684479;7801327467,60028867;60006622;60208586;60028867;60028867-60031210,2025-06-01,June 2025,Biochemistry and Biophysics Reports,21100398900.0,24055808,Journal,,101991,,"Background: Radiation-induced esophagitis remains a significant challenge in thoracic and neck cancer treatment, impacting patient quality of life and potentially limiting therapeutic efficacy. This study aimed to develop and validate a decision tree-based model for predicting acute esophagitis grades in patients undergoing chemoradiotherapy. Methods: Data from 100 patients receiving thoracic and neck radiotherapy were analyzed. The dataset comprised 33 features, including demographic, clinical, and dosimetric parameters. A decision tree classifier was implemented for both binary (Grade ≥2 vs. <2) and multi-class (Grades 1, 2, and 3) classification. Model performance was evaluated using standard metrics including accuracy, precision, recall, and F1-score. Results: The binary classification model achieved 97 % accuracy in distinguishing acute esophagitis. The multi-class model demonstrated 98 % accuracy in predicting specific grades. Key predictive features included V40 (volume receiving 40 Gy), V60, and average esophageal dose. The model generated interpretable decision rules, with V60 ≥ 2.3 strongly indicating Grade 3 esophagitis. Conclusions: The decision tree model demonstrates high accuracy in predicting radiation-induced esophagitis grades while maintaining clinical interpretability. This approach offers potential for treatment optimization and personalized risk assessment in radiotherapy planning. The model's transparency and reliability make it a promising tool for clinical decision support in radiation oncology.",4.0,1.0,all publisherfullgold repository repositoryam,All Open Access Gold Green,TUOMS,59507,Tabriz University of Medical Sciences
3,,Dosimetric Planning Tradeoffs to Reduce Heart Dose Using Machine Learning-Guided Decision Support Software in Patients with Lung Cancer,10.1016/j.ijrobp.2021.11.009,Article,,112,,"Bitterman, Danielle S.;Selesnick, Philip;Bredfeldt, Jeremy;Williams, Christopher L.;Guthier, Christian;Huynh, Elizabeth;Kozono, David E.;Lewis, John H.;Cormack, Robert A.;Carpenter, Colin M.;Mak, Raymond H.;Atkins, Katelyn M.",03603016,,2-s2.0-85121679386,S0360301621031175,34774998.0,ar,Bitterman D.S.,60016782;60016173;127397628,Brigham and Women's Hospital;Cedars-Sinai Medical Center;Siris Medical Inc,Boston;Los Angeles;Burlingame,United States;United States;United States,12.0,56307969500;57385690600;57213410666;57212153519;56554261900;59575338600;6603137230;26428199300;7005561098;57197795970;8597064200;57199860883,60016782;60016782;60016782;60016782;60016782;60016782;60016782;60016173;60016782;127397628;60016782;60016782-60016173,2022-03-15,15 March 2022,International Journal of Radiation Oncology Biology Physics,17191.0,1879355X,Journal,4,,996-1003,"Purpose: Cardiac toxicity is a well-recognized risk after radiation therapy (RT) in patients with non-small cell lung cancer (NSCLC). However, the extent to which treatment planning optimization can reduce mean heart dose (MHD) without untoward increases in lung dose is unknown. Methods and Materials: Retrospective analysis of RT plans from 353 consecutive patients with locally advanced NSCLC treated with intensity modulated RT (IMRT) or 3-dimensional conformal RT. Commercially available machine learning-guided clinical decision support software was used to match RT plans. A leave-one-out predictive model was used to examine lung dosimetric tradeoffs necessary to achieve a MHD reduction. Results: Of all 232 patients, 91 patients (39%) had RT plan matches showing potential MHD reductions of >4 to 8 Gy without violating the upper limit of lung dose constraints (lung volume [V] receiving 20 Gy (V20 Gy) <37%, V5 Gy <70%, and mean lung dose [MLD] <20 Gy). When switching to IMRT, 75 of 103 patients (72.8%) had plan matches demonstrating improved MHD (average 2.0 Gy reduction, P < .0001) without violating lung constraints. Examining specific lung dose tradeoffs, a mean ≥3.7 Gy MHD reduction was achieved with corresponding absolute increases in lung V20 Gy, V5 Gy, and MLD of 3.3%, 5.0%, and 1.0 Gy, respectively. Conclusions: Nearly 40% of RT plans overall, and 73% when switched to IMRT, were predicted to have reductions in MHD >4 Gy with potentially clinically acceptable tradeoffs in lung dose. These observations demonstrate that decision support software for optimizing heart-lung dosimetric tradeoffs is feasible and may identify patients who might benefit most from more advanced RT technologies.",11.0,0.0,,,,,AstraZeneca
2,,Patient-based prediction algorithm of relapse after allo-HSCT for acute Leukemia and its usefulness in the decision-making process using a machine learning approach,10.1002/cam4.2401,Article,,8,,"Fuse, Kyoko;Uemura, Shun;Tamura, Suguru;Suwabe, Tatsuya;Katagiri, Takayuki;Tanaka, Tomoyuki;Ushiki, Takashi;Shibasaki, Yasuhiko;Sato, Naoko;Yano, Toshio;Kuroha, Takashi;Hashimoto, Shigeo;Furukawa, Tatsuo;Narita, Miwako;Sone, Hirohito;Masuko, Masayoshi",,acute leukemia | allogeneic hematopoietic stem cell transplantation | machine learning | patient-based prediction | relapse posttransplantation,2-s2.0-85071532065,,31305031.0,ar,Fuse K.,60022313;60176069;60176101;60006355,Niigata University;Niigata University Medical & Dental Hospital;Faculty of Medicine;Japanese Red Cross Nagaoka Hospital,Niigata;Niigata;Niigata;Nagaoka,Japan;Japan;Japan;Japan,16.0,55753743800;57202136684;57207309679;57214296476;57188812452;58933211500;36444511000;23474992700;55538472300;35395762900;6603966390;59062277300;58711547500;56722335500;7102062650;7006800859,60176101;60176101;60176101;60176101;60176101;60176101;60176101;60176069;60006355;60006355;60006355;60006355;60006355;60022313;60176101;60176069,2019-09-01,1 September 2019,Cancer Medicine,21100317990.0,20457634,Journal,11,,5058-5067,"Although allogeneic hematopoietic stem cell transplantation (allo-HSCT) is a curative therapy for high-risk acute leukemia (AL), some patients still relapse. Since patients simultaneously have many prognostic factors, difficulties are associated with the construction of a patient-based prediction algorithm of relapse. The alternating decision tree (ADTree) is a successful classification method that combines decision trees with the predictive accuracy of boosting. It is a component of machine learning (ML) and has the capacity to simultaneously analyze multiple factors. Using ADTree, we attempted to construct a prediction model of leukemia relapse within 1 year of transplantation. With the model of training data (n = 148), prediction accuracy, the AUC of ROC, and the κ-statistic value were 78.4%, 0.746, and 0.508, respectively. The false positive rate (FPR) of the relapse prediction was as low as 0.134. In an evaluation of the model with validation data (n = 69), prediction accuracy, AUC, and FPR of the relapse prediction were similar at 71.0%, 0.667, and 0.216, respectively. These results suggest that the model is generalized and highly accurate. Furthermore, the output of ADTree may visualize the branch point of treatment. For example, the selection of donor types resulted in different relapse predictions. Therefore, clinicians may change treatment options by referring to the model, thereby improving outcomes. The present results indicate that ML, such as ADTree, will contribute to the decision-making process in the diversified allo-HSCT field and be useful for preventing the relapse of leukemia.",31.0,1.0,all publisherfullgold repository repositoryam,All Open Access Gold Green,JSPS,16K09868,Japan Society for the Promotion of Science
0,,Survival in Patients with Spinal Metastatic Disease Treated Nonoperatively with Radiotherapy: Are the SORG-ML Algorithms Relevant?,10.1097/BSD.0000000000001575,Article,,37,,"Fenn, Brian P.;Karhade, Aditya V.;Groot, Olivier Q.;Collins, Austin K.;Balboni, Tracy A.;Oh, Kevin S.;Ferrone, Marco L.;Schwab, Joseph H.",23800186,artificial intelligence | machine learning | metastasis | nonoperative | oncology | radiation | spine | validation,2-s2.0-85199814334,,38321614.0,ar,Fenn B.P.,60002746;60029929;60015849;100390082;126285482,Harvard Medical School;Massachusetts General Hospital;Tufts University School of Medicine;Brigham and Women's Hospital;Harvard Combined Orthopaedic Residency Program,Boston;Boston;Boston;Brigham;Harvard,United States;United States;United States;United Kingdom;United States,8.0,57218994069;57160350100;57205116105;57218558612;6508168002;36741292100;36536768300;58785871200,60002746-60015849;60002746-126285482;60002746;60002746;100390082;60029929;60002746;60002746,2024-08-01,1 August 2024,Clinical Spine Surgery,21100782390.0,23800194,Journal,7,,E290-E296,"Background Data: The SORG-ML algorithms for survival in spinal metastatic disease were developed in patients who underwent surgery and were externally validated for patients managed operatively. Objective: To externally validate the SORG-ML algorithms for survival in spinal metastatic disease in patients managed nonoperatively with radiation. Study Design: Retrospective cohort. Methods: The performance of the SORG-ML algorithms was assessed by discrimination [receiver operating curves and area under the receiver operating curve (AUC)], calibration (calibration plots), decision curve analysis, and overall performance (Brier score). The primary outcomes were 90-day and 1-year mortality. Results: Overall, 2074 adult patients underwent radiation for spinal metastatic disease and 29% (n=521) and 59% (n=917) had 90-day and 1-year mortality, respectively. On complete case analysis (n=415), the AUC was 0.76 (95% CI: 0.71-0.80) and 0.78 (95% CI: 0.73-0.83) for 90-day and 1-year mortality with fair calibration and positive net benefit confirmed by the decision curve analysis. With multiple imputation (n=2074), the AUC was 0.85 (95% CI: 0.83-0.87) and 0.87 (95% CI: 0.85-0.89) for 90-day and 1-year mortality with fair calibration and positive net benefit confirmed by the decision curve analysis. Conclusion: The SORG-ML algorithms for survival in spinal metastatic disease generalize well to patients managed nonoperatively with radiation.",1.0,0.0,,,,,
0,,Machine Learning Model to Predict Iodine Contrast Media-related Acute Adverse Reaction in Patients without a Similar History for Enhanced CT,10.2174/0115734056436322251022040623,Article,,21,,"Jiang, Ke xin;Liu, Wen yan;Xu, Yang;Li, Kun hua;Wen, Fang;Zhou, Rong;Xiang, Shi lan;Guo, Da jing;Chen, Tian wu;Wang, Xiao lin",15734056,Acute adverse reaction | Adverse drug reactions | Computed tomography | Iodine contrast media | Machine learning | Risk prediction,2-s2.0-105023371183,,41163287.0,ar,Jiang K.x.,60023380;60020870;60122065,Chongqing University;Chongqing Medical University;The Second Affiliated Hospital of Chongqing Medical University,Chongqing;Chongqing;Chongqing,China;China;China,10.0,60217789400;60217641000;60217700400;57210842324;60217820300;60078004900;60217820400;36107840400;59131574300;58494573600,60122065;60122065;60122065;60122065;60023380;60020870;60023380;60122065;60122065;60122065,2025-10-27,27 October 2025,Current Medical Imaging,4700152432.0,18756603,Journal,,,,"Introduction: The objective is to develop and compare risk prediction models for Iodine Contrast Media (ICM)-related Acute Adverse Reactions (AAR) in patients without a prior history of such reactions, and to construct a nomogram based on the superior model. Methods: 546 patients without a history of ICM-related AAR who underwent ICM administration during CT contrast-enhanced scan were retrospectively enrolled, and divided into training (n=234), test (n=101), and external validation (n=211) sets. Clinical, medication information, and environmental factors were collected. Features were selected by univariate logistical analysis and least absolute shrinkage and selection operator, and four Machine Learning (ML) models, including Logistic Regression (LR), decision tree, k-nearst neighbors and linear support vector classification were used to construct ICM-related AAR risk prediction models were developed and evaluated using AUC, accuracy and F1 score. A nomogram was constructed based on the superior model. Results: History of ICM exposure and allergy due to other factors, hypertension, type of ICMs, ICM dose, oral metformin, hyperglycaemia, and glomerular filtration rate were selected for modeling (all p < 0.05). The LR model demonstrated superior performance, with AUCs of 0.894 (test set) and 0.814 (external validation), and was used to construct a clinically applicable nomogram. Discussion: The LR-based model effectively predicts ICM-related AAR risk using readily available clinical variables. It offers a practical tool for identifying high-risk patients prior to ICM administration, facilitating preventive measures. Conclusion: LR can predict the risk of ICM-related AAR well in patients without a history of ICM-related AAR, and the corresponding nomogram is provided.",0.0,0.0,,,,2023MSXM014,Science-Health Joint Medical Scientific Research Project of Chongqing
1,,Deep learning for selection between RF and VLC bands in device-to-device communication,10.1109/LWC.2020.3003786,Article,,9,,"Najla, Mehyar;Mach, Pavel;Becvar, Zdenek",21622337,band selection | deep neural networks | Device-to-device | visible light communications,2-s2.0-85092771813,,,ar,Najla M.,60013323,Czech Technical University in Prague,Prague,Czech Republic,3.0,57201550654;57206343563;23011752200,60013323;60013323;60013323,2020-10-01,October 2020,IEEE Wireless Communications Letters,21100203111.0,21622345,Journal,10,9121318,1763-1767,"This letter focuses on the selection between radio frequency (RF) and visible light communications (VLC) bands for users exchanging data directly with each other via device-to-device (D2D) communication. We target to maximize the energy efficiency of D2D communication while the outage is minimized. Since the VLC channel can vary quickly due to the possible changes in irradiance and incidence angles, we aim to reach a quick band selection decision in a multi-user scenario based only on the knowledge of the received power and sum interference from all D2D transmitters at the individual D2D receivers. The proposed solution is based on a deep neural network making an initial band selection decision. Then, based on the DNN's output, a fast heuristic algorithm is proposed to further improve the band selection decision. The results show that the proposal reaches a close-to-optimal performance and outperforms the existing solutions in complexity, outage ratio, and energy efficiency.",25.0,0.0,,,GA ČR,SGS17/184/OHK3/3T/13,Grantová Agentura České Republiky
0,,Neural network dose prediction for rectal spacer stratification in dose-escalated prostate radiotherapy,10.1002/mp.15575,Article,,49,,"Thomas, Christopher;Dregely, Isabel;Oksuz, Ilkay;Guerrero Urbano, Teresa;Greener, Tony;King, Andrew P.;Barrington, Sally F.",00942405,dose prediction | prostate radiotherapy | rectal spacer | rectal toxicity | stratify,2-s2.0-85126048763,,35218024.0,ar,Thomas C.,60011520;60022002;60005518;60011929;60172291,King's College London;İstanbul Teknik Üniversitesi;Guy's and St Thomas' NHS Foundation Trust;Fachhochschule Technikum Wien;King's College London & Guy's and St Thomas' PET Centre,London;Istanbul;London;Vienna;London,United Kingdom;Turkey;United Kingdom;Austria;United Kingdom,7.0,7404412865;36705737800;55793268700;57222997238;57200268838;24344292700;7006674267,60011520-60005518;60011520-60011929;60011520-60022002;60005518-60011520;60005518;60011520;60011520-60172291,2022-04-01,April 2022,Medical Physics,17871.0,24734209,Journal,4,,2172-2182,"Purpose: To develop a knowledge-based decision-support system capable of stratifying patients for rectal spacer (RS) insertion based on neural network predicted rectal dose, reducing the need for time- and resource-intensive radiotherapy (RT) planning. Methods: Forty-four patients treated for prostate cancer were enrolled into a clinical trial (NCT03238170). Dose-escalated prostate RT plans were manually created for 30 patients with simulated boost volumes using a conventional treatment planning system (TPS) and used to train a hierarchically dense 3D convolutional neural network to rapidly predict RT dose distributions. The network was used to predict rectal doses for 14 unseen test patients, with associated toxicity risks calculated according to published data. All metrics obtained using the network were compared to conventionally planned values. Results: The neural network stratified patients with an accuracy of 100% based on optimal rectal dose–volume histogram constraints and 78.6% based on mandatory constraints. The network predicted dose-derived grade 2 rectal bleeding risk within 95% confidence limits of -1.9% to +1.7% of conventional risk estimates (risk range 3.5%–9.9%) and late grade 2 fecal incontinence risk within -0.8% to +1.5% (risk range 2.3%–5.7%). Prediction of high-resolution 3D dose distributions took 0.7 s. Conclusions: The feasibility of using a neural network to provide rapid decision support for RS insertion prior to RT has been demonstrated, and the potential for time and resource savings highlighted. Directly after target and healthy tissue delineation, the network is able to (i) risk stratify most patients with a high degree of accuracy to prioritize which patients would likely derive greatest benefit from RS insertion and (ii) identify patients close to the stratification threshold who would require conventional planning.",1.0,1.0,all publisherhybridgold repository repositoryam,All Open Access Hybrid Gold Green,DH,RP‐2‐16‐07‐001,Department of Health and Social Care
1,,Chemical-biological terrorism and its impact on children,10.1542/peds.2019-3750,Article,,145,,"Chung, Sarita;Baum, Carl R.;Nyquist, Ann Christine;Krug, Steven E.;Fagbuyi, Daniel B.;Fisher, Margaret C.;Needle, Scott;Schonfeld, David J.;Lowry, Jennifer Ann;Ahdoot, Samantha;Bernstein, Aaron S.;Bole, Aparna;Byron, Lori G.;Landrigan, Philip J.;Marcus, Steven M.;Pacheco, Susan E.;Spanier, Adam J.;Woolf, Alan D.;Maldonado, Yvonne A.;Zaoutis, Theoklis E.;Banerjee, Ritu;Barnett, Elizabeth D.;Campbell, James D.;Gerber, Jeffrey S.;Kourtis, Athena P.;Lynfield, Ruth;Munoz, Flor M.;Nolt, Dawn;O'Leary, Sean T.;Sawyer, Mark H.;Steinbach, William J.;Tan, Tina Q.",00314005,,2-s2.0-85079017615,,31988168.0,ar,Chung S.,60002746;60017994;60092830,"Harvard Medical School;Yale School of Medicine;The Children's Hospital, Aurora",Boston;New Haven;Aurora,United States;United States;United States,35.0,9737139300;7201780992;6602383644;7006277374;33867583900;56588320500;17735514800;7005508113;7103012339;56964406600;7202110752;57209849002;57209857398;7102250584;7202768732;35593841600;14050974500;7102882183;36800838300;35375757600;7201905059;7102543324;7404877604;7201557904;58340690800;6603555307;7103206377;6602333401;57201132079;7101736725;7004164877;7402022090,60002746;60017994;60092830;;;;;;;;;;;;;;;;;;;;;;;;;;;;;,2020-02-01,1 February 2020,Pediatrics,15756.0,10984275,Journal,2,,,"Children are potential victims of chemical or biological terrorism. In recent years, children have been victims of terrorist acts such as the chemical attacks (2017-2018) in Syria. Consequently, it is necessary to prepare for and respond to the needs of children after a chemical or biological attack. A broad range of public health initiatives have occurred since the terrorist attacks of September 11, 2001. However, in many cases, these initiatives have not ensured the protection of children. Since 2001, public health preparedness has broadened to an all-hazards approach, in which response plans for terrorism are blended with those for unintentional disasters or outbreaks (eg, natural events such as earthquakes or pandemic influenza or man-made catastrophes such as a hazardous-materials spill). In response to new principles and programs that have evolved over the last decade, this technical report supports the accompanying update of the American Academy of Pediatrics 2006 policy statement “Chemical-Biological Terrorism and its Impact on Children.” The roles of the pediatrician and public health agencies continue to evolve, and only their coordinated readiness and response efforts will ensure that the medical and mental health needs of children will be met successfully. In this document, we will address chemical and biological incidents. Radiation disasters are addressed separately.",8.0,1.0,all publisherfree2read,All Open Access Bronze,,,
0,,"Fast, Automated, Knowledge-Based Treatment Planning for Selecting Patients for Proton Therapy Based on Normal Tissue Complication Probabilities",10.1016/j.adro.2022.100903,Article,,7,,"Hytönen, Roni;Vergeer, Marije R.;Vanderstraeten, Reynald;Koponen, Timo K.;Smith, Christel;Verbakel, Wilko F.A.R.",,,2-s2.0-85125626762,S2452109422000100,,ar,Hytönen R.,60001997;60113746;127799697,Amsterdam UMC - Vrije Universiteit Amsterdam;Varian Medical Systems Finland Oy;Varian Medical Systems Belgium,Amsterdam;Helsinki;Diegem,Netherlands;Finland;Belgium,6.0,57223033093;13105406600;56747758400;57475237700;57475369000;6603488694,60113746;60001997;127799697;60113746;127799697;60001997,2022-07-01,1 July 2022,Advances in Radiation Oncology,21100465104.0,24521094,Journal,4,100903,,"Purpose: Selecting patients who will benefit from proton therapy is laborious and subjective. We demonstrate a novel automated solution for creating high-quality knowledge-based plans (KBPs) using proton and photon beams to identify patients for proton treatment based on their normal tissue complication probabilities (NTCP). Methods and Materials: Two previously validated RapidPlan PT models for locally advanced head and neck cancer were used in combination with scripting to automatically create proton and photon KBPs for 72 patients with recent oropharynx cancer. NTCPs were calculated for each patient based on the KBPs, and patient selection was simulated according to the current Dutch national protocol. Results: The photon/proton KBP exhibited good correlation between predicted and achieved organ-at-risk mean doses, with a ≤5 Gy difference in 208/196 out of 215 structures relevant for the head and neck cancer NTCP model. The proton KBPs yielded on average 7.1/6.1/7.6 Gy lower dose to salivary/swallowing structures/oral cavity than the photon KBPs. This reduced average grade 2/3 dysphagia and xerostomia by 7.1/3.3 and 5.5/2.0 percentage points, resulting in 16 of 72 patients (22%) being indicated for proton treatment. The entire automated process took <30 minutes per patient. Conclusions: Automated support for decision making using KBP is feasible and fast. The planning solution has potential to speed up the planning and patient-selection process significantly without major compromises to the plan quality.",11.0,1.0,all publisherfullgold repository repositoryam,All Open Access Gold Green,,,
0,,Automated clinical decision support system with deep learning dose prediction and NTCP models to evaluate treatment complications in patients with esophageal cancer,10.1016/j.radonc.2022.08.031,Article,,176,,"Draguet, Camille;Barragán-Montero, Ana M.;Vera, Macarena Chocan;Thomas, Melissa;Populaire, Pieter;Defraene, Gilles;Haustermans, Karin;Lee, John A.;Sterpin, Edmond",01678140,Clinical decision tool | Deep learning | Esophageal cancer | NTCP model | Patient referral,2-s2.0-85139273995,S0167814022042633,36167194.0,ar,Draguet C.,60025063;60000874;60031069,KU Leuven;UCLouvain;KU Leuven– University Hospital Leuven,Leuven;Louvain-la-Neuve;Leuven,Belgium;Belgium;Belgium,9.0,57728108300;57208749055;57916228400;57214523188;57916228500;35309788600;7003365652;57195031255;24169759100,60000874-60025063;60000874;60000874;60025063-60031069;60025063-60031069;60025063;60025063-60031069;60000874;60000874-60025063,2022-11-01,November 2022,Radiotherapy and Oncology,17876.0,18790887,Journal,,,101-107,"Background and purpose: This study aims to investigate how accurate our deep learning (DL) dose prediction models for intensity modulated radiotherapy (IMRT) and pencil beam scanning (PBS) treatments, when chained with normal tissue complication probability (NTCP) models, are at identifying esophageal cancer patients who are at high risk of toxicity and should be switched to proton therapy (PT). Materials and methods: Two U-Net were created, for photon (XT) and proton (PT) plans, respectively. To estimate the dose distribution for each patient, they were trained on a database of 40 uniformly planned patients using cross validation and a circulating test set. These models were combined with a NTCP model for postoperative pulmonary complications. The NTCP model used the mean lung dose, age, histology type, and body mass index as predicting variables. The treatment choice is then done by using a ΔNTCP threshold between XT and PT plans. Patients with ΔNTCP ≥ 10% were referred to PT. Results: Our DL models succeed in predicting dose distributions with a mean error on the mean dose to the lungs (MLD) of 1.14 ± 0.93% for XT and 0.66 ± 0.48% for PT. The complete automated workflow (DL chained with NTCP) achieved 100% accuracy in patient referral. The average residual (ΔNTCP ground truth - ΔNTCP predicted) is 1.43 ± 1.49%. Conclusion: This study evaluates our DL dose prediction models in a broader patient referral context and demonstrates their ability to support clinical decisions.",20.0,2.0,all repository repositoryam,All Open Access Green,FNRS,7289,Fonds De La Recherche Scientifique - FNRS
0,,Evaluation of an automated clinical decision system with deep learning dose prediction and NTCP model for prostate cancer proton therapy,10.1088/1361-6560/ad48f6,Article,,69,,"Chen, Mei;Pang, Bo;Zeng, Yiling;Xu, Cheng;Chen, Jiayi;Yang, Kunyu;Chang, Yu;Yang, Zhiyong",00319155,deep learning | dose prediction | normal tissue complication probability | patient selection | proton therapy,2-s2.0-85194898107,,38718814.0,ar,Chen M.,60029306;60001193;60024452,Wuhan University;Tongji Medical College of Huazhong University of Science and Technology;Ruijin Hospital,Wuhan;Wuhan;Shanghai,China;China;China,8.0,57211083310;58541631900;58541799600;58098239000;36981183000;56437062300;57187280400;55605771178,60024452;60029306;60029306;60024452;60024452;60001193;60001193;60001193,2024-06-07,7 June 2024,Physics in Medicine and Biology,29203.0,13616560,Journal,11,115056,,"Objective. To evaluate the feasibility of using a deep learning dose prediction approach to identify patients who could benefit most from proton therapy based on the normal tissue complication probability (NTCP) model. Approach. Two 3D UNets were established to predict photon and proton doses. A dataset of 95 patients with localized prostate cancer was randomly partitioned into 55, 10, and 30 for training, validation, and testing, respectively. We selected NTCP models for late rectum bleeding and acute urinary urgency of grade 2 or higher to quantify the benefit of proton therapy. Propagated uncertainties of predicted ΔNTCPs resulting from the dose prediction errors were calculated. Patient selection accuracies for a single endpoint and a composite evaluation were assessed under different ΔNTCP thresholds. Main results. Our deep learning-based dose prediction technique can reduce the time spent on plan comparison from approximately 2 days to as little as 5 seconds. The expanded uncertainty of predicted ΔNTCPs for rectum and bladder endpoints propagated from the dose prediction error were 0.0042 and 0.0016, respectively, which is less than one-third of the acceptable tolerance. The averaged selection accuracies for rectum bleeding, urinary urgency, and composite evaluation were 90%, 93.5%, and 93.5%, respectively. Significance. Our study demonstrates that deep learning dose prediction and NTCP evaluation scheme could distinguish the NTCP differences between photon and proton treatment modalities. In addition, the dose prediction uncertainty does not significantly influence the decision accuracy of NTCP-based patient selection for proton therapy. Therefore, automated deep learning dose prediction and NTCP evaluation schemes can potentially be used to screen large patient populations and to avoid unnecessary delays in the start of prostate cancer radiotherapy in the future.",4.0,1.0,all publisherhybridgold,All Open Access Hybrid Gold,JHUP,2016YFC0105311,University of Texas MD Anderson Cancer Center
3,,"Improving the Classification of Airplane Accidents Severity using Feature Selection, Extraction and Machine Learning Models",10.14569/IJACSA.2023.0141298,Article,,14,,"KAIDI, Rachid;AL ACHHAB, Mohammed;LAZAAR, Mohamed;OMARA, Hicham",2158107X,Airplane accident | Decision Tree (DT) | flights safety | KNN | machine learning | Random Forest (RF) | severity,2-s2.0-85183187771,,,ar,KAIDI R.,60025506;60106035,Université Abdelmalek Essaadi;Ecole Nationale Supérieure d'Informatique et d'Analyse des Systèmes,Tetouan;Rabat,Morocco;Morocco,4.0,56580181200;13002734100;57200595982;57195491588,60025506;60025506;60106035;60025506,2023-01-01,2023,International Journal of Advanced Computer Science and Applications,21100867241.0,21565570,Journal,12,,975-981,"Airplane mode of transportation is statistically the most secure means of travel. This is due to the fact that flights require several conditions and precautions because aviation accidents are most of the time fatal and have disastrous consequences. For this purpose, in this paper, the mean goal is to study the different levels of fatality of airplane accidents using machine learning models. The study rely on airplane accident severity dataset to implement three machine learning models: KNN, Decision Tree and Random Forest. This study began with implementing two features selection and extraction methods, PCA and RFE in order to reduce dataset dimensionality and complexity of models and reduce training time by implementing machine learning models on dataset and measuring their performance. Results show that KNN and Decision Tree demonstrates high levels of performances by achieving 100% of accuracy and f1-score metrics; while Random Forest achieves its best performances after application of PCA when it reaches an accuracy equal to 97.83% and f1-score equal to 97.82%.",0.0,1.0,all publisherfullgold,All Open Access Gold,,,
2,,COCKPIT CREW SAFETY PERFORMANCE PREDICTION BASED ON THE INTEGRATED MACHINE LEARNING MULTI-CLASS CLASSIFICATION MODELS AND MARKOV CHAIN,10.3846/aviation.2023.19739,Article,,27,,"Borjalilu, Naimeh;Jolai, Fariborz;Tavakoli, Mahdieh",16487788,cockpit crew performance | flight evaluation prediction | Markov chain | multi-class classification | safety management system,2-s2.0-85175578177,,,ar,Borjalilu N.,60022927,University of Tehran,Tehran,Iran,3.0,51061061700;56218703500;57222296761,60022927;60022927;60022927,2023-10-12,12 October 2023,Aviation,145434.0,18224180,Journal,3,,152-161,"The main tool of cockpit crew performance evaluation is the recorded flight data used for flight operations safety improvement since all certified airlines require implementation of a safety and quality management system. The safety performance of a flight has been a challenging issue in the aviation industry and plays an important role to acquire competitive benefits. In this study, an integrated multi-class classification machine learning models and Markov chain were developed for cockpit crew performance evaluation during their flights. At the outset, the main features related to a flight are identified based on the literature review, flight operations expert’s statements, and the case study dataset (as numerical example). Afterwards, the flights’ performance is evaluated as a target column based on four multi-class classification models (Decision Tree, Support Vector Machine, Neural Network, and Random Forest). The results showed that the random forest classifier has the greatest value in all evaluation metrics (i.e., accuracy = 0.90, precision = 0.91, recall = 0.97, and F1-score = 0.93). Therefore, this model can be used by the airline companies to predict flight crew performance before the flight in order to prevent or decrease flight safety risks.",2.0,1.0,all publisherfullgold,All Open Access Gold,,,
0,,The intelligent classification method of aircraft cockpit sound based on deep learning,10.1051/jnwpu/20254340784,Article,,43,,"Zhang, Di;Chai, Yuantong;Zeng, Peipei;Yang, Juan",10002758,characteristic spectrum | cockpit voice recorder | con⁃ text⁃aware masking | sound classification | time delay neural network,2-s2.0-105016086992,,,ar,Zhang D.,60028512,Civil Aviation University of China,Tianjin,China,4.0,60072044600;60072265200;56184871800;57219210897,60028512;60028512;60028512;60028512,2025-08-01,August 2025,Xibei Gongye Daxue Xuebao Journal of Northwestern Polytechnical University,15242.0,,Journal,4,,784-793,"The critical background sounds in the cockpit provide important evidence for flight monitoring evaluations and accident investigations. Regarding the high complexity and large data requirements of cockpit voice recorder(CVR) audio recognition, the issue of identifying low⁃frequency transient background sounds is particularly challenging, along with the interference caused by engine noise, an intelligent classification method of CVR back⁃ ground sounds based on deep learning is paper proposed. A dataset of 10 types of CVR background sounds was es⁃ tablished, with acoustic features extracted by using three spectrogram methods, and a time⁃delay neural network model was built. Context⁃aware masking modules were used to reduce the impact of noise on operational sounds, while the front⁃end convolution module captured low⁃frequency transient signals. This study optimized a hybrid con⁃ volutional and time⁃delay neural network model, TDNN⁃CF. The improved model achieved a classification accuracy of 98.90%, representing increases of 13.04 and 2.99 percentage points comparing with the traditional CNN and TDNN models, respectively. Additionally, comparing with the classic machine learning algorithms like decision trees, random forests, and K⁃nearest neighbors(KNN), accuracy improved by 18.07,15.62, and 14.55 percentage points, respectively. Experimental results show that the present method efficiently classifies CVR audio.",0.0,1.0,all publisherfullgold,All Open Access Gold,,,
4,,Adaptive information visualization for maritime traffic stream sensor data with parallel context acquisition and machine learning,10.3390/s19235273,Article,,19,,"Kim, Kwang Il;Lee, Keon Myung",14248220,Big data | Context-aware service | Distributed and parallel processing | Maritime traffic stream sensor data | Stream data | Vessel traffic service,2-s2.0-85075858409,,31795498.0,ar,Kim K.,60004739;60117634,Chungbuk National University;Jeju National University,Cheongju;Jeju,South Korea;South Korea,2.0,57201110885;56996411200,60117634;60004739,2019-12-01,1 December 2019,Sensors Switzerland,130124.0,,Journal,23,5273,,"Excessive information significantly increases the mental burden on operators of critical monitoring services such as maritime and air traffic control. In these fields, vessels and aircraft have sensors that transmit data to a control center. Because of the large volume of collected data, it is infeasible for monitoring stations to display all of the information on monitoring screens that have limited sizes. This paper proposes a method for automatically selecting maritime traffic stream data for display from a large number of candidates in a context-aware manner. Safety is the most important concern in maritime traffic control, and special care must be taken to avoid collisions between vessels at sea. It presents an architecture for an adaptive information visualization system for a maritime traffic control service. The proposed system adaptively determines the information to be displayed based on the safety evaluation scores and expertise of vessel traffic service operators. It also introduces a method for safety context acquisition to assess the risk of collisions between vessels, using parallel and distributed processing of maritime stream data transmitted by sensors on the vessels at sea. It provides an information-filtering, knowledge extraction method based on the work logs of traffic service operators, using a machine learning technique to generate a decision tree. We applied the proposed system architecture to a large dataset collected at a port. Our results indicate that the proposed system can adaptively select traffic information according to port conditions and to ensure safety and efficiency.",2.0,1.0,all publisherfullgold repository repositoryam,All Open Access Gold Green,NRF,NRF-2017M3C4A7069432,National Research Foundation of Korea
1,,GANs fostering data augmentation for automated surface inspection with adaptive learning bias,10.1007/s00170-024-14842-8,Article,,,,"Zhou, Qianyu;Chen, Xu;Tang, Jiong",02683768,Adaptive semi-supervised learning | DCGAN | Intricate geometries | Robotic automation | Surface inspection,2-s2.0-85210573334,,,ar,Zhou Q.,60028661;60151092,UW College of Engineering;UConn College of Engineering,Seattle;Storrs,United States;United States,3.0,58572617000;36547566400;57203059632,60151092;60028661;60151092,2024-01-01,2024,International Journal of Advanced Manufacturing Technology,20428.0,14333015,Journal,,,,"In manufacturing, visual inspection of parts’ surface is traditionally an important examination before the parts can proceed to the next manufacturing step. For example, the timely detection of minor surface defects, such as dents and scratches, in small-sized airfoils of aircraft engine, is typically the final stage of quality assurance before acceptance for assemblage. While such a process is critically important, current practices rely heavily on human operator’s judgment, which is subjective and labor-intensive. In this study, we establish an automated, image-based inspection system that utilizes robotic automation to acquire high-resolution images of the parts under inspection and employs a specifically tailored machine learning technique to facilitate decision-making of inspection. Leveraging deep learning as the underlying methodology, we address a key challenge in the flexible automation of surface inspection, i.e., the scarcity of labeled data during the initial training process. In other words, we tackle the challenge of limited samples with known defects. Specifically, we synthesize an adaptive semi-supervised learning framework, building upon the residual neural network (ResNet) and the deep convolutional generative adversarial network (DCGAN) to extract features from both ground truth and synthetic data. This approach can overcome the shortcomings of the current approaches, leading to more objective and accurate defect detection right from the beginning of implementation with a small labeled dataset. Our results show that the overall classification accuracy on this challenging dataset reaches 92.30%, a 27.79% improvement over the baseline model achieved through optimal use of synthetic and ground truth data. The system also investigates the impact of synthetic data, providing guidelines for integrating it effectively into iterative training. This approach offers a robust solution for surface inspection and quality assurance in diverse manufacturing applications.",1.0,0.0,,,,,
2,,Decision tree matrix algorithm for detecting contextual faults in unmanned aerial vehicles,10.3233/JIFS-191575,Article,,38,,"Alos, Ahmad;Dahrouj, Z.",10641246,Abnormal | Anomaly detection | Classification | Contextual faults | Decision tree | Sensor faults | Supervised algorithm | System failure | UAV,2-s2.0-85088045973,,,ar,Alos A.,106652037,Higher Institute for Applied Sciences and Technology,Damascus,Syrian Arab Republic,2.0,56980930600;57216728750,106652037;106652037,2020-01-01,2020,Journal of Intelligent and Fuzzy Systems,23917.0,18758967,Journal,4,,4929-4939,"The importance of detecting faults in Unmanned Aerial Vehicles motivated researchers to work in this area over recent years. Complex relationships among UAV attributes (Sensor readings, and Commands) make the task a bit challenging. Many known algorithms consider detecting the faults by spotting data anomalies in the values of each attribute without concern for their context, which leaves an opportunity for potential improvement. The contextual faults occur when a defected sensor shows an invalid value concerning other attributes. Our contribution is a novel matrix platform for detecting the potential contextual faults. This platform consists of multiple small Decision Trees, instead of using one huge single Decision Tree, which could be difficult and time-consuming to produce, particularly in the case of a large dataset with too many attributes. We propose to use the C4.5 decision tree algorithm to build each decision tree. The Decision Tree is a machine learning technique, which is an effective supervised method used for classification. It is computationally inexpensive and capable of dealing with noisy data. Besides, our approach uses a sliding window technique during training and testing phases, which brings into consideration the effect of the previous state of the system on the process of detecting the contextual faults. The algorithm starts by collecting the attributes of the UAV into a table of pairs, where each pair consists of two attributes; then, it defines the Decision Tree matrix by assigning one Decision Tree for each pair of attributes. The Training step includes constructing training sub-datasets using the values of sliding windows. The C4.5 algorithm uses each constructed training sub-dataset to induce one Decision Tree in the matrix. Finally, the testing step is responsible for reading the values of the sliding windows and using the concerned Decision Tree to detect the contextual faults. We evaluated our approach using Detection Rate, False Alarm Rate, Precision, and F1-score indicators. Moreover, we made a comparison with other broadly used algorithms, such as K-Means and One-Class SVM. Our approach showed superior results in detecting different types of faults (sensor-offset, sensor-stuck, sensor-drift, and sensor-cut). The DT-Matrix performance was neither affected by the small values of the outliers, nor by the number of the outliers, and this caused the DT-Matrix to work better in most of the experiments compared to the other algorithms.",5.0,0.0,,,,,
0,,Joint Situational Assessment-Hierarchical Decision-Making Framework for Maneuver Intent Decisions,10.1002/aisy.202300574,Article,,7,,"Chen, Ruihai;Li, Hao;Yan, Guanwei;Peng, Haojie;Zhang, Qian",,decision-making | graph convolutional networks | hierarchical deep reinforcement learning | situation assessment,2-s2.0-105019494971,,,ar,Chen R.,60003977;60084616,Northwestern Polytechnical University;Chengdu Aircraft Design and Research Institute,Xi'an;Chengdu,China;China,5.0,58068910700;59291234100;57193759462;57221753311;58376291400,60003977-60084616;60084616;60084616;60003977;60003977-60084616,2025-10-01,October 2025,Advanced Intelligent Systems,21101167511.0,26404567,Journal,10,2300574,,"Decision-making in unmanned combat aerial vehicles (UCAVs) presents a multifaceted challenge because of the complexity and dynamics of the flight environment, which leads to hurdles in training convergence, low decision validity, and the dimensionality catastrophe for decision-making neural networks. A novel framework is proposed to address breaking down the complicated decision issues, which combines the strengths of graph convolutional networks in relation extraction with the ability of hierarchical reinforcement learning. To solve the problem of decision validity under high-dimensional inputs, the joint framework is applied to the Maneuver Intent's decision, and a maneuver library-based state space design method is suggested. The joint framework executes adaptable strategies and flight maneuvers to address the issue of training non-convergence or task failure due to difficult-to-obtain reward signals across various scenarios. Then, the recurrent curriculum training and cross-entropy rewards are designed to train decisions on different sub-strategies. The experimental evaluation demonstrated more flexibility and adaptability in decision-making problems under complex tasks compared to rule-based and reinforcement learning baseline methods. The method proposed in this article provides a novel approach to resolving intricate decision problems, and which has certain theoretical significance and reference value for engineering applications.",2.0,1.0,all publisherfullgold,All Open Access Gold,,,
2,,Reinforcement Learning-Based Collision Avoidance Guidance Algorithm for Fixed-Wing UAVs,10.1155/2021/8818013,Article,,2021,,"Zhao, Yu;Guo, Jifeng;Bai, Chengchao;Zheng, Hongxing",10762787,,2-s2.0-85100297634,,,ar,Zhao Y.,60019616,Harbin Institute of Technology,Harbin,China,4.0,57215426495;56597149600;56732410000;57204436027,60019616;60019616;60019616;60019616,2021-01-01,2021,Complexity,25823.0,10990526,Journal,,8818013,,"A deep reinforcement learning-based computational guidance method is presented, which is used to identify and resolve the problem of collision avoidance for a variable number of fixed-wing UAVs in limited airspace. The cooperative guidance process is first analyzed for multiple aircraft by formulating flight scenarios using multiagent Markov game theory and solving it by machine learning algorithm. Furthermore, a self-learning framework is established by using the actor-critic model, which is proposed to train collision avoidance decision-making neural networks. To achieve higher scalability, the neural network is customized to incorporate long short-term memory networks, and a coordination strategy is given. Additionally, a simulator suitable for multiagent high-density route scene is designed for validation, in which all UAVs run the proposed algorithm onboard. Simulated experiment results from several case studies show that the real-time guidance algorithm can reduce the collision probability of multiple UAVs in flight effectively even with a large number of aircraft.",23.0,1.0,all publisherfullgold repository repositoryam,All Open Access Gold Green,,,
0,,Cross model fusion-based fault diagnosis for equipment considering multi-source signal fusion with small samples based on deep transfer learning,10.1016/j.measurement.2025.118203,Article,,256,,"Liu, Qinming;Chen, Huan;Chen, Jianing;Wang, Yujie",02632241,Equipment | Health diagnosis | Multi-source signal fusion | Siamese neural network | Transfer learning,2-s2.0-105008643558,S0263224125015623,,ar,Liu Q.,60008691,University of Shanghai for Science and Technology,Shanghai,China,4.0,36703013000;59956448000;57216464253;59858510100,60008691;60008691;60008691;60008691,2025-12-01,1 December 2025,Measurement Journal of the International Measurement Confederation,15424.0,,Journal,,118203,,"Fault diagnosis often suffers from small-sample conditions that make deep models prone to over-fitting. To address this issue, we propose a diagnosis framework that combines sensor-level signal fusion, Gramian Angular Field (GAF) imaging, transfer learning, and Siamese Neural Network(SNN). First, the synchronous vibration signals collected from multiple sensors are arithmetically averaged at each time point to generate a unified one-dimensional sequence. This fused sequence is then transformed into a two-dimensional image by GAF encoding, which preserves temporal correlations while implicitly embedding information from all sensors. Two crucial neural networks are designed: the first is a subnetwork constructed based on EfficientNet with wide convolutional layers, and the second is a decision network based on attention mechanisms and Bidirectional Gated Recurrent Units (Bi-GRUs) to extract key features from complex data. The subnetwork is pre-trained on ImageNet to learn effective initial feature representations, which are then transferred to the bearing fault diagnosis task using transfer learning methods. Finally, the Siamese Neural Network framework fuses the subnetwork and decision network, enhancing the model's generalization performance. To validate the effectiveness of the constructed model and improve its generalization to real-world fault diagnosis scenarios, the latest dataset of aircraft engine inter-shaft bearing faults from 2023 is used for training and diagnosis. The final model achieves a 99.6% accuracy, confirming its outstanding performance in practical fault diagnosis. This study provides new insights into the field of bearing fault diagnosis.",3.0,0.0,,,NKPs,2021YFF0900400,National Key Research and Development Program of China
0,,Scenario-Driven Evaluation of Autonomous Agents: Integrating Large Language Model for UAV Mission Reliability,10.3390/drones9030213,Article,,9,,"Sezgin, Anıl",,autonomous systems | centralized decision-making | Internet of Drones | large language models | retrieval-augmented generation,2-s2.0-105001268063,,,ar,Sezgin A.,100991811,Research and Development,Istanbul,Turkey,1.0,57210108296,100991811,2025-03-01,March 2025,Drones,21101017244.0,2504446X,Journal,3,213,,"The Internet of Drones (IoD) integrates autonomous aerial platforms with security, logistics, agriculture, and disaster relief. Decision-making in IoD suffers in real-time adaptability, platform interoperability, and scalability. Conventional decision frameworks with heuristic algorithms and narrow Artificial Intelligence (AI) falter in complex environments. To mitigate these, in this study, an augmented decision model is proposed, combining large language models (LLMs) and retrieval-augmented generation (RAG) for enhancing IoD intelligence. Centralized intelligence is achieved by processing environment factors, mission logs, and telemetry, with real-time adaptability. Efficient retrieval of contextual information through RAG is merged with LLMs for timely, correct decision-making. Contextualized decision-making vastly improves adaptability in uncertain environments for a drone network. With LLMs and RAG, the model introduces a scalable, adaptable IoD operations solution. It enables the development of autonomous aerial platforms in industries, with future work in computational efficiency, ethics, and extending operational environments. In-depth analysis with the collection of drone telemetry logs and operational factors was conducted. Decision accuracy, response time, and contextual relevance were measured to gauge system effectiveness. The model’s performance increased remarkably, with a BLEU of 0.82 and a cosine similarity of 0.87, proving its effectiveness for operational commands. Decision latency averaged 120 milliseconds, proving its suitability for real-time IoD use cases.",9.0,1.0,all publisherfullgold,All Open Access Gold,,2220423,
0,,Visualization Elements in the Examination of Dangerous Production Facilities using an Unmanned Aircraft,10.26583/sv.15.2.10,Article,,15,,"Kozlova, A. E.;Narkevich, M. Yu;Logunova, O. S.;Shakhmayeva, K. E.",,2D object model | 3D object model | automated system of expert evaluation | flight map structure | model matching | visualization elements,2-s2.0-85165469825,,,ar,Kozlova A.E.,60104545,Nosov Magnitogorsk State Technical University,Magnitogorsk,Russian Federation,4.0,57769389300;57197845922;14629283100;58499962700,60104545;60104545;60104545;60104545,2023-01-01,2023,Scientific Visualization,21100244604.0,20793537,Journal,2,,113-124,"The paper considers the possibility of using visualization when preparing a task for frontal surface examination of hazardous industrial facilities using unmanned aerial vehicles. The research is based on the results of an experimental survey of buildings and structures of a large metallurgical enterprise in Russia. As initial data, photographs of buildings and structures obtained using a camera of an unmanned aerial vehicle and their drawings were used. When building a 3D model, the capabilities of Autodesk AutoCAD and Autodesk Revit were used. When building a 2D information model, a combination of a 3D model and a photograph of the object was used. The resulting 3D and 2D models are included in the structure of the flight chart as part of an applied digital platform in an automated decision-making system for expert assessment of the technical condition compliance of a hazardous production facility with regulatory requirements. Violation of regulatory requirements entails the occurrence of emergencies and incidents at an industrial enterprise. Visualization elements allow increasing the reliability of information entering the database of expert information.",0.0,1.0,all publisherfullgold,All Open Access Gold,,247715,
2,,A Unified Analytical Framework for Aircraft Separation Assurance and UAS Sense-and-Avoid,10.1007/s10846-017-0661-z,Article,,91,,"Ramasamy, Subramanian;Sabatini, Roberto;Gardi, Alessandro",09210296,CNS systems | Collision avoidance | Cooperative systems | Non-cooperative sensors | Sense-and-Avoid | Trusted autonomous operations | Unified approach | Unmanned Aircraft Systems,2-s2.0-85034028591,,,ar,Ramasamy S.,117397803,School of Engineering,Melbourne,Australia,3.0,56962761300;56962744800;57198865986,117397803;117397803;117397803,2018-09-01,1 September 2018,Journal of Intelligent and Robotic Systems Theory and Applications,24360.0,15730409,Journal,3-4,,735-754,"A novel analytical framework is presented addressing the need for a unified approach to aircraft separation assurance and Unmanned Aircraft System (UAS) Sense-and-Avoid (SAA). A brief review of the state-of-research in Separation Assurance and Collision Avoidance (SA&CA) technologies is included to highlight the benefits offered by the unified approach. In this approach, the employment of Adaptive Boolean Decision Logics (ABDL) allows automated selection of sensors/systems including passive and active Forward Looking Sensors (FLS), Traffic Collision Avoidance System (TCAS) and Automatic Dependent Surveillance – Broadcast (ADS-B). This system performance based selection approach supports trusted autonomous operations during all flight phases. After describing a SA&CA reference architecture, the mathematical models employed in the unified approach to compute the overall uncertainty volume in the airspace surrounding an intruder/obstacle are described. The algorithms support the translation of navigation errors affecting the host aircraft platform and tracking errors affecting the intruder sensor measurements to unified range and bearing uncertainty descriptors. Simulation case studies are presented to evaluate the performance of the unified approach on a representative UAS host platform and a number of intruder platforms in both cooperative and non-cooperative scenarios. The results confirm the validity of the proposed unified methodology in providing a pathway for certification of SA&CA systems. The significance of this approach is also discussed in the Communication, Navigation and Surveillance/Air Traffic Management and Avionics (CNS + A) context, with a focus on the evolving UAS Traffic Management (UTM) requirements.",24.0,0.0,,,,,
2,,The automated spectrometric oil analysis decision taking procedure as a tool to prevent aircraft engine failures,10.24874/ti.2019.41.02.15,Article,,41,,"Dellis, P. S.",03548996,Reciprocating piston engines | Spectrometric oil analysis | Turbine engines | Wear metals,2-s2.0-85069447151,,,ar,Dellis P.S.,60084406,School of Pedagogical and Technological Education,Athens,Greece,1.0,6507504390,60084406,2019-01-01,2019,Tribology in Industry,67736.0,,Journal,2,,292-309,"The purpose of spectrometric oil analysis is: – To diagnose imminent wear inside engine assemblies so that possible failures can be avoided, – To forecast and evaluate acquired data statistics regarding the operation of engine assemblies under known climate and operational conditions. Apart from the above mentioned double aim of the lubricant analysis laboratory, its importance is established from the extent of these measurements from the Air Force, where they were initially implemented, to the Navy and the Army and customers with large fleets. The present work presents spectrometric oil analysis as a diagnostic maintenance tool, it refers to the evaluation methodology and criteria of spectrometric oil analysis that come from aeronautical equipment (as it applies to the Hellenic Air Force), it describes the operation of a database used for the derivation of automated decision taking codes according to specific criteria described in US NAVAIR technical manual and highlights the importance of this procedure to preventing failure in reciprocating piston and turbine aircraft engines. Selected data from the spectrometer are also presented to point out the importance of the methodology in failure prevention as it applies in reciprocating internal combustion engines, a helicopter gearbox and a turboprop engine.",4.0,1.0,all publisherfullgold repository repositoryam,All Open Access Gold Green,,,
0,,Development of a machine learning-based real-time location system to streamline acute endovascular intervention in acute stroke: a proof-of-concept study,10.1136/neurintsurg-2021-017858,Article,,14,,"Lim, Dee Zhen;Yeo, Melissa;Dahan, Ariel;Tahayori, Bahman;Kok, Hong Kuan;Abbasi-Rad, Mohammad;Maingard, Julian;Kutaiba, Numan;Russell, Jeremy;Thijs, Vincent;Jhamb, Ashu;Chandra, Ronil V.;Brooks, Mark;Barras, Christen;Asadi, Hamed",17598478,,2-s2.0-85134428477,,34426539.0,ar,Lim D.Z.,60026553;60019578;60018805;60005087;60110201;60015711;60189793;60108899;60024749;60030410;112634748,"University of Melbourne;Monash University;Deakin University;Austin Health;The Florey;Monash Health;Adelaide Medical School;South Australian Health and Medical Research Institute;Faculty of Medicine, Dentistry and Health Sciences;Northern Health;St. Vincent's Health",Melbourne;Melbourne;Geelong;Melbourne;Melbourne;Clayton;Adelaide;Adelaide;Melbourne;Melbourne;Fitzroy,Australia;Australia;Australia;Australia;Australia;Australia;Australia;Australia;Australia;Australia;Australia,15.0,57226105485;57221744651;57195237948;6506459118;35727066100;57809600800;56062595700;57200151991;55458572600;6701393042;21742535000;7401681775;7201998557;26530845600;55246754200,60005087;60024749;60005087;60026553;60030410-60018805;;60015711-60019578;60005087;60005087;60005087-60110201;112634748;60015711-60019578;60005087-60018805;60189793-60108899;60005087-60018805,2022-08-01,August 2022,Journal of Neurointerventional Surgery,19700201513.0,17598486,Journal,8,,799-803,"Background Delivery of acute stroke endovascular intervention can be challenging because it requires complex coordination of patient and staff across many different locations. In this proof-of-concept paper we (a) examine whether WiFi fingerprinting is a feasible machine learning (ML)-based real-time location system (RTLS) technology that can provide accurate real-time location information within a hospital setting, and (b) hypothesize its potential application in streamlining acute stroke endovascular intervention. Methods We conducted our study in a comprehensive stroke care unit in Melbourne, Australia that offers a 24-hour mechanical thrombectomy service. ML algorithms including K-nearest neighbors, decision tree, random forest, support vector machine and ensemble models were trained and tested on a public WiFi dataset and the study hospital WiFi dataset. The hospital dataset was collected using the WiFi explorer software (version 3.0.2) on a MacBook Pro (AirPort Extreme, Broadcom BCM43x×1.0). Data analysis was implemented in the Python programming environment using the scikit-learn package. The primary statistical measure for algorithm performance was the accuracy of location prediction. Results ML-based WiFi fingerprinting can accurately predict the different hospital zones relevant in the acute endovascular intervention workflow such as emergency department, CT room and angiography suite. The most accurate algorithms were random forest and support vector machine, both of which were 98% accurate. The algorithms remain robust when new data points, which were distinct from the training dataset, were tested. Conclusions ML-based RTLS technology using WiFi fingerprinting has the potential to streamline delivery of acute stroke endovascular intervention by efficiently tracking patient and staff movement during stroke calls.",2.0,0.0,,,,,
0,,Evading the algorithm: increased propensity for tax evasion and norm violations in human-computer interactions,10.3389/frbhe.2023.1227166,Article,,2,,"Mutzner, Nico;Oberhauser, Vincent;Winter, Fabian;Rauhut, Heiko",,automated agent | crime | decision-making | human-computer interaction | humans vs. machines | inspection game | social norms | tax evasion,2-s2.0-105012386281,,,ar,Mutzner N.,60070528,"Soziologisches Institut, Universität Zürich",Zurich,Switzerland,4.0,57345185400;57284796500;36599506200;25650523700,60070528;60070528;60070528;60070528,2023-01-01,2023,Frontiers in Behavioral Economics,21101317532.0,28135296,Journal,,1227166,,"Today's modern world is characterized by an increasing shift from human-to-human interaction toward human-computer-interaction (HCI). With the implementation of artificial agents as inspectors, as can be seen in today's airports, supermarkets, or, most recently, within the context of the COVID-19 pandemic, our everyday life is progressively shaped around interacting with automated agents. While our understanding of HCI is evolving, it is still in nascent stages. This is particularly true in the sphere of non-cooperative strategic interactions between humans and automated agents, which remains largely unexplored and calls for further investigation. A deeper understanding of the factors influencing strategic decision-making processes within HCI situations, and how perceptions of automated agents' capabilities might influence these decisions, is required. This gap is addressed by extending a non-cooperative inspection-game experiment with a tax-evasion frame, implementing automated agents as inspectors. Here, a within-subject design is used to investigate (1) how HCI differs from human-to-human interactions in this context and (2) how the complexity and perceived capabilities of automated agents affect human decision-making. The results indicate significant differences in decisions to evade taxes, with participants more likely to evade taxes when they are inspected by automated agents rather than by humans. These results may also be transferred to norm violations more generally, which may become more likely when participants are controlled by computers rather than by humans. Our results further show that participants were less likely to evade taxes when playing against an automated agent described as a complex AI, compared to an automated agent described as a simple algorithm, once they had experienced different agents.",1.0,1.0,all publisherfullgold,All Open Access Gold,SNF,,Schweizerischer Nationalfonds zur Förderung der Wissenschaftlichen Forschung
1,,Designing and implementing a reproducible log system using basic safety message in a V2V environment,10.33168/JSMS.2020.0305,Article,,10,,"Han, Sangkon;Choi, Jung In",18166075,Command and query responsibility segregation pattern | CQRS | Log system | Vehicle-to-vehicle (V2V),2-s2.0-85092499859,,,ar,Han S.,60008783,Pusan National University,Busan,South Korea,2.0,57215872008;57211205738,60008783;60008783,2020-01-01,2020,Journal of System and Management Sciences,21100944442.0,18180523,Journal,3,,58-72,"In autonomous driving, vehicles can share information that cannot otherwise be detected via sensors or is not included in the driver’s perspective. Vehicle-to-everything(V2X) has several advantages in enhancing the stability of autonomous driving; however, it is not known why artificial intelligence makes specific decisions. Therefore, when an accident occurs in an autonomous driving environment, it may be difficult to determine the cause of the accident. This study proposes a method to reproduce a specific state by using a log system optimized for the V2V component of the V2X technology. The proposed method applies a command and query responsibility system pattern to the existing log system to safely store and utilize basic safety messages used in the V2V.",0.0,1.0,all publisherfullgold,All Open Access Gold,MOE,2018R1D1A1B07042967,Ministry of Education
3,,A Study on Safety Driving of Intelligent Vehicles Based on Attention Mechanisms,10.37936/ecti-cit.2022164.248674,Article,,16,,"Ding, Shukai;Qu, Jian",,Attention Mechanisms | CNN | Data Augmentation | Jetson Nano,2-s2.0-85140058056,,,ar,Ding S.,60275434,Panyapiwat Institute of Management,Pakkred,Thailand,2.0,57771854500;57204901147,60275434;60275434,2022-12-01,Dec 2022,Ecti Transactions on Computer and Information Technology,21100899864.0,22869131,Journal,4,,410-421,"Intelligent vehicles attempt to improve the daily transportation of people, but their safety has been questioned after numerous traffic accidents. This paper proposes a Safety Driving Framework (SDF) to improve the ability of intelligent vehicles to avoid risks during emergencies. When performing autonomous driving tasks, the SDF interacts with the environment using a camera, makes decisions using convolutional neural networks, and can perform an emergency stop if it encounters an obstacle. In this paper, we examine the potential of attention mechanisms to enhance the performance of convolutional neural networks and construct four convolutional neural networks with attention mechanisms to use in experiments. Additionally, we extend a dataset and enhance the robustness of the model by implementing data augmentation (DA) techniques. We train the model using 10-fold cross-validation. In this article, we build an intelligent driving platform and a simulation track for simulation testing. The experimental results show that CNNs using data reinforcement and with an attention mechanism perform better than existing models. In particular, ENetb0-SE has an average recognition rate of 95.6% for obstacles and an accident rate of 2%, which is much better than existing models.",3.0,1.0,all publisherfullgold,All Open Access Gold,,,
4,,Detection and Risk Analysis with Lane-Changing Decision Algorithms for Autonomous Vehicles,10.3390/s22218148,Article,,22,,"Mechernene, Amin;Judalet, Vincent;Chaibet, Ahmed;Boukhnifer, Moussa",14248220,artificial neural network | autonomous driving | decision making | decision tree | driving simulator | lane-changing maneuver | random forest | risk assessment,2-s2.0-85141582057,,36365846.0,ar,Mechernene A.,60031810;60138515;60280873,"Université Bourgogne Europe;Laboratoire de Conception, Optimisation et Modélisation des Systèmes (LCOMS);École Supérieure des Techniques Aéronautiques et de Construction Automobile",Dijon;Metz;Talence,France;France;France,4.0,57221200337;56002048200;25926862500;6508242401,60280873;60280873;60031810;60138515,2022-11-01,November 2022,Sensors,130124.0,,Journal,21,8148,,"Despite the great technological advances in ADAS, autonomous driving still faces many challenges. Among them is improving decision-making algorithms so that vehicles can make the right decision inspired by human driving. Not only must these decisions ensure the safety of the car occupants and the other road users, but they have to be understandable by them. This article focuses on decision-making algorithms for autonomous vehicles, specifically for lane changing on highways and sub-urban roads. The challenge to overcome is to develop a decision-making algorithm that combines fidelity to human behavior and that is based on machine learning, with a global structure that allows understanding the behavior of the algorithm and that is not opaque such as black box algorithms. To this end, a three-step decision-making method was developed: trajectory prediction of the surrounding vehicles, risk and gain computation associated with the maneuver and based on the predicted trajectories, and finally decision making. For the decision making, three algorithms: decision tree, random forest, and artificial neural network are proposed and compared based on a naturalistic driving database and a driving simulator.",10.0,1.0,all publisherfullgold repository repositoryam,All Open Access Gold Green,,0033 1 30 97 01 80,
1,,Beyond NaN: Resiliency of Optimization Layers in The Face of Infeasibility,10.1609/aaai.v37i12.26778,Conference Paper,,37,,"Wong, Wai Tuck;Kinsey, Sarah;Karunasena, Ramesha;Nguyen, Thanh H.;Sinha, Arunesh",,,2-s2.0-85168001296,,,cp,Wong W.T.,60012317;60018933;100762431,University of Oregon;Singapore Management University;Rutgers University,Eugene;Singapore City;Tuckerton,United States;Singapore;United States,5.0,57462179600;58146656600;57211270128;56659739300;52063804200,60018933;60012317;60018933;60012317;100762431,2023-06-27,27 June 2023,Proceedings of the 37th Aaai Conference on Artificial Intelligence Aaai 2023,21101170618.0,,Conference Proceeding,,,15242-15250,"Prior work has successfully incorporated optimization layers as the last layer in neural networks for various problems, thereby allowing joint learning and planning in one neural network forward pass. In this work, we identify a weakness in such a set-up where inputs to the optimization layer lead to undefined output of the neural network. Such undefined decision outputs can lead to possible catastrophic outcomes in critical real time applications. We show that an adversary can cause such failures by forcing rank deficiency on the matrix fed to the optimization layer which results in the optimization failing to produce a solution. We provide a defense for the failure cases by controlling the condition number of the input matrix. We study the problem in the settings of synthetic data, Jigsaw Sudoku, and in speed planning for autonomous driving. We show that our proposed defense effectively prevents the framework from failing with undefined output. Finally, we surface a number of edge cases which lead to serious bugs in popular optimization solvers which can be abused as well.",0.0,1.0,all publisherfullgold,All Open Access Gold,,,
1,,Legal Decision-making for Highway Automated Driving,10.1109/TIV.2023.3318214,Article,,,,"Ma, Xiaohan;Yu, Wenhao;Zhao, Chengxiang;Wang, Changjun;Zhou, Wenhui;Zhao, Guangming;Ma, Mingyue;Wang, Weida;Yang, Lin;Mu, Rui;Wang, Hong;Li, Jun",,Autonomous vehicles | Autonomous vehicles | Decision making | Decision-making | Law | Model Predictive Control | Planning | Road traffic law | Road transportation | Safety | Trajectory,2-s2.0-85173030061,,,ar,Ma X.,60025278;60016835;60017482;60108780,Tsinghua University;Beijing Institute of Technology;Jiangsu University;Ministry of Public Security of the People's Republic of China,Beijing;Beijing;Zhenjiang;Beijing,China;China;China;China,12.0,57996324500;57221683257;57670966200;55569415000;57670367700;35760044100;55430733300;8362858200;58372683600;58507854200;55937218300;57217020057,60016835;60025278;60016835;60108780;60108780;60108780;60108780;60016835;60016835;60017482;60025278;60025278,2023-01-01,2023,IEEE Transactions on Intelligent Vehicles,21100976127.0,23798858,Journal,,,1-14,"Compliance with traffic laws is a fundamental requirement for human drivers on the road, and autonomous vehicles must adhere to traffic laws as well. However, current autonomous vehicles prioritize safety and collision avoidance primarily in their decision-making and planning, which will lead to misunderstandings and distrust from human drivers and may even result in accidents in mixed traffic flow. Therefore, ensuring the compliance of the autonomous driving decision-making system is essential for ensuring the safety of autonomous driving and promoting the widespread adoption of autonomous driving technology. To this end, the paper proposes a trigger-based layered compliance decision-making framework. This framework utilizes the decision intent at the highest level as a signal to activate an online violation monitor that identifies the type of violation committed by the vehicle. Then, a four-layer architecture for compliance decision-making is employed to generate compliant trajectories. Using this system, autonomous vehicles can detect and correct potential violations in real-time, thereby enhancing safety and building public confidence in autonomous driving technology. Finally, the proposed method is evaluated on the DJI AD4CHE highway dataset under four typical highway scenarios: speed limit, following distance, overtaking, and lane-changing. The results indicate that the proposed method increases the vehicle's overall compliance rate from 13.85% to 84.46%, reduces the proportion of active violations to 0%, and only slightly decreases the vehicle's traffic efficiency by 2.7%, demonstrating its effectiveness.",8.0,0.0,,,,,
3,,Improved Responsibility-Sensitive Safety Algorithm through a Partially Observable Markov Decision Process Framework for Automated Driving Behavior at Non-Signalized Intersection,10.1007/s12239-021-0029-z,Article,,22,,"Tran, Duy Quang;Bae, Sang Hoon",12299138,Adaptive cruise control | Autonomous decision making | Partially observable Markov decision process | Responsibility-sensitive safety | Self-driving safety,2-s2.0-85103866723,,,ar,Tran D.Q.,60011883,Pukyong National University,Busan,South Korea,2.0,59322413500;15050376000,60011883;60011883,2021-04-01,April 2021,International Journal of Automotive Technology,4700152264.0,19763832,Journal,2,,301-314,"Self-driving safety is one of the major concerns raised with regard to pushing the use of automated vehicles on roads. Fully automated vehicles are forced to make appropriate decisions in an uncertain environment where driverless and human-driven vehicles share the road together. This study proposes a new model that can be used to enhance the autonomous driving behavior at a non-signalized intersection considering the traffic safety guarantee, delay time, and smooth driving. The proposed model is called the responsibility-sensitive safety-based partially observable Markov decision process model for the decision-making mechanism of automated vehicles. The model not only increases traffic safety guarantee and smooth driving, but also reduces the delay time. First, we generate some specific driving scenarios using the automated driving toolbox in MATLAB. Second, the driving strategy of automated vehicles is optimized by the partially observable Markov decision process framework using the adaptive cruise control system. Finally, the responsibility-sensitive safety algorithm is implemented under adaptive model predictive control. The proposed model performs better than the classical adaptive model predictive control. In the best case, the proposed model took a 31.60 % reduction in braking time and a 51.20 % improvement in smoothing speed control.",15.0,0.0,,,PKNU,,Pukyong National University
1,,Application of Scenario Complexity Evaluation in Trajectory Prediction and Automated Driving Decision-Making,10.19562/j.chinasae.qcgc.2024.09.003,Article,,46,,"Li, Daofei;Pan, Hao",1000680X,autonomous driving decision making | graph model | scenario complexity | trajectory prediction | vehicle-in-the-loop experiment,2-s2.0-85204789879,,,ar,Li D.,60342303,Institute of Power Machinery and Vehicular Engineering,Hangzhou,China,2.0,24465336800;57339847400,60342303;60342303,2024-09-25,25 September 2024,Qiche Gongcheng Automotive Engineering,25922.0,,Journal,9,,1556-1563,The evaluation of scenario complexity is crucial for improving adaptability and flexibility of au⁃ tonomous vehicles in coping with complex environments and enhancing the applicability of the algorithms. A graph-based algorithm for evaluating scenario complexity is developed in this paper ，which fully considers interactive to⁃ pology and categorizes traffic scenarios into three complexity levels. The reasonability and effectiveness are validat⁃ ed in ramp merging scenarios. To demonstrate its scalability，the evaluation algorithm is applied in the development of the trajectory prediction and decision-making algorithms of automated driving. The proposed algorithms are then tested using natural driving datasets and vehicle-in-the-loop experiments. The results indicate that scenario complex⁃ ity evaluation enables early estimation of prediction uncertainty，enhances the real-time and optimality of decision-making algorithms. In data replay tests，the complexity assessment module can reduce the failure rate and collision rate during lane merging by approximately 38% and 92%，respectively，indicating promising application prospects.,0.0,0.0,,,,,
0,,A Cyclic Framework for Ethical Implications of Artificial Intelligence in Autonomous Vehicles,10.14569/IJACSA.2024.0150335,Article,,15,,"Shamsan Saleh, Ahmed M.",2158107X,AI decision-making | Artificial intelligence | autonomous vehicles | ethical implications,2-s2.0-85192905661,,,ar,Shamsan Saleh A.M.,60110514,University of Tabuk,Tabuk,Saudi Arabia,1.0,56669937100,60110514,2024-01-01,2024,International Journal of Advanced Computer Science and Applications,21100867241.0,21565570,Journal,3,,340-355,"The emergence of artificial intelligence (AI)powered autonomous vehicles (AVs) represents a significant turning point in field of transportation, offering the potential for improved safety, efficiency, and convenience. However, the use of AI in this particular context exhibits significant ethical implications that require careful examination. This paper presents an extensive analysis of ethical considerations related integration of AI in AVs. It employs a multi-faceted approach to investigate ethical concerns of decision-making powered by AI including well-known trolley problem and moral judgments generated by AI algorithms. Additionally, it explores the complexities within safety and liability issues in the occurrence of incidents involving AVs, addressing the legal and ethical obligations of manufacturers, regulators, and users. The paper addresses the complex interaction between AI-driven transportation and its potential effects on employment and society. It provides an analysis on displacement of jobs and associated disruptions in workforce, as well as consequences for urban planning and public transportation systems. Furthermore, this study investigates the domain of privacy and data security in AVs, delving into issues related to gathering and utilization of data, as well ethical handling of personal information. Finally, this paper proposes a cyclic framework for ethical governance in AVs integrated with AI. It outlines future directions that prioritize transparency, accountability, and adherence to international humanitarian regulations. The study’s findings and recommendations represent significant importance for policymakers, industry participants, and society. These stakeholders play crucial role in guiding the progress of AI in AVs, to create a transportation environment that is both safer and more ethically aligned.",6.0,1.0,all publisherfullgold,All Open Access Gold,,,
0,,Reimagining Criminal Liability in the Age of Artificial Intelligence: Toward a Comparative and Reform-Oriented Legal Framework,10.15294/jllr.v6i4.35540,Article,,6,,"Maskur, Muhammad Azil;Masyhar, Ali;Damayanti, Ratih;Ramada, Diandra Preludio;Sanyal, Subhra",27150941,Algorithmic Accountability | Artificial Intelligence (AI) | Autonomous Systems | Comparative Criminal Law | Criminal Liability,2-s2.0-105021940514,,,ar,Maskur M.A.,60089125;133401356,Universitas Negeri Semarang;National Institute of Criminology and Forensic Science,Semarang;,Indonesia;India,5.0,57215574006;57215582122;60196822900;57215593162;60197066400,60089125;60089125;60089125;60089125;133401356,2025-10-01,October 2025,Journal of Law and Legal Reform,21101209979.0,27150968,Journal,4,,1805-1838,"As artificial intelligence (AI) systems increasingly permeate decision-making processes across sectors—from autonomous vehicles to predictive algorithms in finance and law enforcement—traditional frameworks of criminal liability face unprecedented challenges. This article critically examines the adequacy of existing criminal law doctrines in attributing liability when harm arises from autonomous or semi-autonomous AI actions. It explores the tension between actus reus and mens rea in cases involving algorithmic behavior, and interrogates whether AI entities can or should be treated as legal subjects under penal law. Through a comparative legal analysis of jurisdictions including the United States, the European Union, Japan, and Indonesia, the study identifies divergent approaches to regulating AI-related harm and assigning culpability. The article highlights emerging models such as strict liability, vicarious liability, and hybrid regulatory frameworks, and evaluates their potential for adaptation within Indonesia’s evolving legal system. Special attention is given to the role of developers, corporations, and state actors in shaping accountability mechanisms. The paper concludes by proposing a normative framework for reimagining criminal liability in the age of AI—one that balances innovation with legal certainty, and integrates ethical safeguards, technological transparency, and procedural fairness. This framework aims to inform future legislative reform in Indonesia and contribute to global discourse on AI governance and criminal justice.",0.0,1.0,all publisherfullgold,All Open Access Gold,,,
0,,PRIVACY AND PERSONAL DATA PROTECTION IN SELF-DRIVING CAR: SUGGESTION FOR LEGAL REGULATION IN SERBIA,10.46763/BSSR232222171c,Article,,22,,"Cveticanin, Livija;Luzanin, Ognjan;Ninkov, Ivona",18578799,legally regulation | personal data | privacy protection | questionnaire survey | self-driving car | Serbia,2-s2.0-85181470474,,,ar,Cveticanin L.,60068801;127055790,University of Novi Sad;European Court of Human Rights,Novi Sad;Strasbourg,Serbia;France,3.0,7004474480;31767544100;57219308846,60068801;60068801;127055790,2023-12-25,25 December 2023,Balkan Social Science Review,21100927210.0,18578772,Journal,22,,171-189,"This paper deals with legal regulation in the field of the self-driving car (SDC), an autonomous vehicle without a human driver. A survey carried out in Serbia on the acceptability of this vehicle in everyday life indicated the distrust of the population in driving with SDCs due to concerns of violation the privacy, distrust in the protection of personal data and insufficient security and cyber security. For proper functioning and especially for artificial intelligence (AI) decision-making the SDC needs a large set of data, including personal information. In this paper the legal framework for collecting, storing, processing and erasing of personal data for SDCs is developed. Most of regulation are new, due to the technical novelty of the SDC, which uncouples the driver and the vehicle are in the driving process. In the paper, documents and acts which protect privacy according to the EUs General Data Protection Regulation (GDPR) are suggested. Principles for data security and, especially, for cybersecurity of data are legally regulated and proposed to be incorporated into the future law of transportation. The suggested legal regulation would increase the trust of population in the SDC.",0.0,1.0,all publisherfullgold,All Open Access Gold,,,
4,,REVOLUTIONIZING AUTONOMOUS PARKING: GNN-POWERED SLOT DETECTION FOR ENHANCED EFFICIENCY,10.28945/5334,Article,,19,,"Vignesh, U.;Moolchandani, Tushar",15551229,attention mechanism | autonomous vehicles | bird’s-eye images | deep learning | graph neural networks | parking slot detection | real-time processing,2-s2.0-85201769510,,,ar,Vignesh U.,60106090,"Vellore Institute of Technology, Chennai",Chennai,India,2.0,57216328492;59294422100,60106090;60106090,2024-01-01,2024,Interdisciplinary Journal of Information Knowledge and Management,19700201511.0,15551237,Journal,,19,,"Aim/Purpose Accurate detection of vacant parking spaces is crucial for autonomous parking. Deep learning, particularly Graph Neural Networks (GNNs), holds promise for addressing the challenges of diverse parking lot appearances and complex visual environments. Our GNN-based approach leverages the spatial layout of detected marking points in around-view images to learn robust feature representations that are resilient to occlusions and lighting variations. We demonstrate significant accuracy improvements on benchmark datasets compared to existing methods, showcasing the effectiveness of our GNN-based solution. Further research is needed to explore the scalability and generalizability of this approach in real-world scenarios and to consider the potential ethical implications of autonomous parking technologies. Background GNNs offer a number of advantages over traditional parking spot detection methods. Unlike methods that treat objects as discrete entities, GNNs may leverage the inherent connections among parking markers (lines, dots) inside an image. This ability to exploit spatial connections leads to more accurate parking space detection, even in challenging scenarios with shifting illumination. Real-time applications are another area where GNNs exhibit promise, which is critical for autonomous vehicles. Their ability to intuitively understand linkages across marking sites may further simplify the process compared to traditional deep-learning approaches that need complex feature development. Furthermore, the proposed GNN model streamlines parking space recognition by potentially combining slot inference and marking point recognition in a single step. All things considered, GNNs present a viable method for obtaining stronger and more precise parking slot recognition, opening the door for autonomous car self-parking technology developments. Methodology The proposed research introduces a novel, end-to-end trainable method for parking slot detection using bird’s-eye images and GNNs. The approach involves a two-stage process. First, a marking-point detector network is employed to identify potential parking markers, extracting features such as confidence scores and positions. After refining these detections, a marking-point encoder network extracts and embeds location and appearance information. The enhanced data is then loaded into a fully linked network, with each node representing a marker. An attentional GNN is then utilized to leverage the spatial relationships between neighbors, allowing for selective information aggregation and capturing intricate interactions. Finally, a dedicated entrance line discriminator network, trained on GNN outputs, classifies pairs of markers as potential entry lines based on learned node attributes. This multi-stage approach, evaluated on benchmark datasets, aims to achieve robust and accurate parking slot detection even in diverse and challenging environments. Contribution The present study makes a significant contribution to the parking slot detection domain by introducing an attentional GNN-based approach that capitalizes on the spatial relationships between marking points for enhanced robustness. Additionally, the paper offers a fully trainable end-to-end model that eliminates the need for manual post-processing, thereby streamlining the process. Furthermore, the study reduces training costs by dispensing with the need for detailed annotations of marking point properties, thereby making it more accessible and cost-effective. Findings The goal of this research is to present a unique approach to parking space recognition using GNNs and bird’s-eye photos. The study’s findings demonstrated significant improvements over earlier algorithms, with accuracy on par with the state-of-the-art DMPR-PS method. Moreover, the suggested method provides a fully trainable solution with less reliance on manually specified rules and more economical training needs. One crucial component of this approach is the GNN’s performance. By making use of the spatial correlations between marking locations, the GNN delivers greater accuracy and recall than a completely linked baseline. The GNN successfully learns discriminative features by separating paired marking points (creating parking spots) from unpaired ones, according to further analysis using cosine similarity. There are restrictions, though, especially where there are unclear markings. Successful parking slot identification in various circumstances proves the recommended method’s usefulness, with occasional failures in poor visibility conditions. Future work addresses these limitations and explores adapting the model to different image formats (e.g., side-view) and scenarios without relying on prior entry line information. An ablation study is conducted to investigate the impact of different backbone architectures on image feature extraction. The results reveal that VGG16 is optimal for balancing accuracy and real-time processing requirements. Recommendations Developers of parking systems are encouraged to incorporate GNN-based for Practitioners techniques into their autonomous parking systems, as these methods exhibit enhanced accuracy and robustness when handling a wide range of parking scenarios. Furthermore, attention mechanisms within deep learning models can provide significant advantages for tasks that involve spatial relationships and contextual information in other vision-based applications. Recommendations Further research is necessary to assess the effectiveness of GNN-based meth-for Researchers ods in real-world situations. To obtain accurate results, it is important to employ large-scale datasets that include diverse lighting conditions, parking layouts, and vehicle types. Incorporating semantic information such as parking signs and lane markings into GNN models can enhance their ability to interpret and understand context. Moreover, it is crucial to address ethical concerns, including privacy, potential biases, and responsible deployment, in the development of autonomous parking technologies. Impact on Society Optimized utilization of parking spaces can help cities manage parking resources efficiently, thereby reducing traffic congestion and fuel consumption. Automating parking processes can also enhance accessibility and provide safer and more convenient parking experiences, especially for individuals with disabilities. The development of dependable parking capabilities for autonomous vehicles can also contribute to smoother traffic flow, potentially reducing accidents and positively impacting society. Future Research Developing and optimizing graph neural network-based models for real-time deployment in autonomous vehicles with limited resources is a critical objective. Investigating the integration of GNNs with other deep learning techniques for multi-modal parking slot detection, radar, and other sensors is essential for enhancing the understanding of the environment. Lastly, it is crucial to develop explainable AI methods to elucidate the decision-making processes of GNN models in parking slot detection, ensuring fairness, transparency, and responsible utilization of this technology.",0.0,1.0,all publisherfullgold,All Open Access Gold,,,
6,,"Advancements, Challenges and Safety Implications of AI in Autonomous Vehicles: A Comparative Analysis of Urban vs. Highway Environments",10.18196/jrc.v5i3.21114,Article,,5,,"Abu, N. S.;Bukhari, W. M.;Adli, M. H.;Maghfiroh, Hari;Ma’arif, Alfian",27155056,AI-driven Navigation | AI-enable Sensor Fusion | Autonomous Vehicles (AVs) | Highway Transportations | Machine Learning-Based Perception Systems in AVs | Pedestrian and Cyclist Safety | Urban,2-s2.0-85193785573,,,ar,Abu N.S.,60069439;60078086;60103807;128922026,Universitas Sebelas Maret;Universiti Teknikal Malaysia Melaka;Universitas Ahmad Dahlan;ASE Electronics Sdn. Bhd.,Surakarta;Malacca;Yogyakarta;Pulau Pinang,Indonesia;Malaysia;Indonesia;Malaysia,5.0,57221603410;57218540891;57986680900;56103976500;57195619646,60078086;60078086-128922026;60078086-128922026;60069439;60103807,2024-01-01,2024,Journal of Robotics and Control Jrc,21101058819.0,27155072,Journal,3,,613-635,"This research reviews AI integration in AVs, evaluating its effectiveness in urban and highway settings. Analyzing over 161 studies, it explores advancements like machine learning perception, sensor technology, V2X communication, and adaptive cruise control. It also examines challenges like traffic congestion, pedestrian and cyclist safety, regulations, and technology limitations. Safety considerations include human-AI interaction, cybersecurity, and liability/ethics. The study contributes valuable insights into the latest developments and challenges of AI in AVs, specifically in urban and highway contexts, which will guide future transportation research and decision-making. In urban settings, AI-powered sensor fusion technology helps AVs navigate dynamic traffic safely. On highways, adaptive cruise control systems maintain safe distances, reducing accidents. These findings suggest AI facilitates safer navigation in urban areas and enhances safety and efficiency on highways. While AI integration in AVs holds immense potential, innovative solutions like advanced perception systems and optimized long-range communication are needed to create safer and more sustainable transportation systems.",1.0,1.0,all publisherfullgold,All Open Access Gold,UTeM,UTeM 29.02/600- 1/9/5,Universiti Teknikal Malaysia Melaka
0,,Predictive analytics in autonomous vehicles safety: crash outcome modeling,10.1080/21650020.2024.2409676,Article,,12,,"Channamallu, Sai Sneha;Almaskati, Deema;Kermanshachi, Sharareh;Pamidimukkala, Apurva",,Autonomous vehicles | crash injury | crash patterns | machine learning | predictive modeling | road accidents,2-s2.0-85209570471,,,ar,Channamallu S.S.,60137461,College of Engineering,Arlington,United States,4.0,58506416300;58885844600;57190815467;57224814204,60137461;60137461;60137461;60137461,2024-01-01,2024,Urban Planning and Transport Research,21101162822.0,21650020,Journal,1,2409676,,"Traffic-related fatalities, often caused by human error, present a global challenge. Autonomous vehicles (AVs), designed to reduce these fatalities by eliminating human error, still experience crashes. Prior research, limited by the scope of the data set and analytical depth, has not fully explored these factors, resulting in a lingering lack of clarity about the cause of the crashes. The study utilized a comprehensive dataset spanning from 2014 to May 2024 and implemented a stratified sampling alongside class weighting techniques to rectify imbalances within the crash data. A variety of machine learning algorithms such as logistic regression, decision trees, random forests, gradient boosting, bagging classifiers, and easy ensemble methods were utilized to perform the data analysis. The random forest model stood out for its balance in sensitivity and specificity, reducing false negatives. The study revealed that factors such as the extent of vehicle damage, the AV manufacturer, and type of collision were critical predictors of crash injuries. The research provides valuable insights for various stakeholders, including transportation professionals, AV manufacturers, and policymakers. The findings can guide the development of enhanced safety protocols, improved vehicle designs, and more informed policy frameworks aimed at reducing AV-related injuries.",10.0,1.0,all publisherfullgold,All Open Access Gold,,,
2,,Advancements in Machine Learning and Data Mining Techniques for Collision Prediction and Hazard Detection in Internet of Vehicles,10.24271/PSR.2023.403821.1342,Article,,6,,"Manchala, Ajay Kumar;Vijaya Kishore, V.",27065944,Collision Prediction | Datamining | DL | Internet of Vehicles (IoV) | ML,2-s2.0-85185601313,,,ar,Manchala A.K.,60281346,Mohan Babu University,Tirupati,India,2.0,58897632300;59778171200,60281346;60281346,2024-01-01,2024,Passer Journal of Basic and Applied Sciences,21101151576.0,27065952,Journal,1,,80-91,"The Internet of Vehicles (IoV) has transfigured transportation with connected vehicles, smart infrastructure, and self-driving cars. Road collisions and accidents are still a problem for road safety. This review of the literature discusses the prediction of IoV accidents and collisions as well as the detection of hazards using data mining, deep learning, and machine learning techniques. It describes the most recent developments to these methods and how they enhanced IoV safety. The article starts off by going over data collection, data quality, and the ever-changing nature of IoV traffic scenarios. What follows is a detailed breakdown of the ML, DL, and DM methods used in IoV safety applications. Convolutional neural networks, artificial neural networks, recurrent neural networks, support vector machines, and decision trees. As examples of real-world applications and case studies, intelligent accident prediction models, driver attention forecasting, traffic congestion forecasting, spatiotemporal analysis in autonomous vehicles, scene-graph embedding, and V2P collision risk alerts are discussed. The goal of this review is to give readers a comprehensive overview of the cutting-edge methods enhancing IoV accident prediction, collision avoidance, and hazard detection.",4.0,1.0,all publisherfullgold,All Open Access Gold,,,
0,,Wait or Pass? Promoting intersection's cooperation via identifying vehicle's social behavior,10.1016/j.aap.2024.107724,Article,,206,,"Xie, Yubin;Liu, Yue;Zhou, Ronggang;Zhi, Xuezun;H.S. Chan, Alan",00014575,Automated Vehicles | Human–Machine Interaction | Social Value Orientation | Traffic Safety | Vehicle to Vehicle Communication,2-s2.0-85199921613,S0001457524002690,39079441.0,ar,Xie Y.,60013789;60013983,Beihang University;City University of Hong Kong,Beijing;Hong Kong,China;Hong Kong,5.0,57217077950;57201013153;36838595200;57615478200;59238776500,60013789-60013983;60013789;60013789;60013789;60013983,2024-10-01,October 2024,Accident Analysis and Prevention,19532.0,,Journal,,107724,,"Lack of communication between road users can reduce traffic efficiency and cause safety issues like traffic accidents. Researchers are exploring how intelligent vehicles should communicate with the environment, other vehicles, and road users. This study explores the impact of social information communication on traffic safety and efficiency at intersections through vehicle-to-vehicle (V2V) communication. The research examines how these factors influence drivers’ decision-making and cooperative behavior by incorporating social value orientation (SVO) and driving agent identity into V2V systems and automated vehicle (AV) decision-support systems. An experimental platform simulating intersection conflict scenarios was developed, and three studies involving 334 participants were conducted. The findings reveal that providing drivers with social information about opposing vehicles significantly promotes cooperative behavior and safer driving strategies. Specifically, the waiting rate for people facing proself vehicles (Mean = 0.22) is significantly higher than when facing prosocial vehicles (Mean = 0.79). When SVO is unknown, the waiting rate is around 0.5. Participants behaved more waiting when confronted with an AV than human-driven vehicles. With AV recommendations based on SVO, participants’ final waiting rate increases as the recommended waiting rate increases. The optimal recommended waiting rate for AV is most acceptable when it matches the average waiting rate of the other vehicle. This research underscores the importance of integrating social information into V2V communication to improve road safety, aiding in designing automated decision-making strategies for AV and enhancing user satisfaction.",3.0,0.0,,,NSFC,72171015,National Natural Science Foundation of China
2,,Pre-crash Scenario Generation and Causation Analysis for Autonomous Vehicle Crashes at Intersections,10.19721/j.cnki.1001-7372.2024.04.024,Article,,37,,"Liu, Qian;Wang, Xue Song",10017372,autonomous vehicle crash | crash causation | intersection | pre-crash scenario | traffic engineering,2-s2.0-85191583628,,,ar,Liu Q.,60073652;60129238,Tongji University;Key Laboratory of Road and Traffic Engineering of the State Ministry of Education,Shanghai;Shanghai,China;China,2.0,57225932036;58405966300,60073652-60129238;60073652-60129238,2024-04-30,30 April 2024,Zhongguo Gonglu Xuebao China Journal of Highway and Transport,27496.0,,Journal,4,,297-309,"The automated driving technology still faces many safety challenges in mixed traffic environments. Intersections are high-risk locations for autonomous vehicles (AVs). The aims of this study are pre-crash scenario generation and crash causation analysis of AVs. A pre-crash scenario method of roadway-traffic participant-critical event-precrash movement was developed. Thirty one pre-crash scenarios at intersections for AVs were generated using 470 crash reports involving AVs in California. Significant differences between the AV and conventional vehicle (CV) pre-crash scenarios were verified by a statistical analysis. A crash causation method is proposed based on the system control structure, which reveals the interaction relationship between AV crashes and roadway, traffic situation, environment, automated driving system,driver (tester) , and vehicle. Nine crash causation patterns and causation chains of AV crashes in the rear-end and lane change scenarios were determined. The results indicate the following: AVs being rear-ended by CVs occurred with a frequency 4. 03 times that of rear-ended CVs. The main reasons for rear-end scenarios were that the driver of a CV follows the lead vehicle too closely and insufficient decision-making of the automated driving system to decelerate first, and then stop or start. The main reasons for lane change scenarios were dangerous lane changes or overtaking of CVs, insufficient recognition of other vehicles' lane change intentions by the automated driving system, and unreasonable decision-making of deceleration and collision avoidance. This study promotes the application of scenario-based crash causation analysis methods. It can guide the construction of automated driving test scenarios, and provide a reference for the development and optimization of automated driving systems and improvement in intersection safety.",6.0,0.0,,,NSFC,52372335,National Natural Science Foundation of China
3,,Analysis of pre-crash scenarios and contributing factors for autonomous vehicle crashes at intersections,10.1016/j.aap.2023.107383,Article,,195,,"Liu, Qian;Wang, Xuesong;Liu, Shikun;Yu, Chunjun;Glaser, Yi",00014575,Association rules | Autonomous vehicle | Contributing factor | Crash causation | Intersection | Pre-crash scenario,2-s2.0-85177582487,S000145752300430X,37984113.0,ar,Liu Q.,60001604;60073652;60000501;119847267,Ministry of Education of the People's Republic of China;Tongji University;General Motors;National Engineering Laboratory for Integrated Optimization of Road Traffic and Safety Analysis Technologies,Beijing;Shanghai;Detroit;Wuxi,China;China;United States;China,5.0,57225932036;55736845400;58705887400;58705596500;57190307411,60073652-60001604;60073652-60001604-119847267;60073652-60001604;119847267;60000501,2024-02-01,February 2024,Accident Analysis and Prevention,19532.0,,Journal,,107383,,"Intersections are high-risk locations for autonomous vehicles (AVs). Crash causation analysis based on pre-crash scenarios can provide new insight into these crashes that can lead to effective countermeasures, but there are significant differences in pre-crash scenarios between autonomous and conventional vehicles, and inadequate AV data has put limits on research. The association rule method, however, can yield useful results despite these limits. This study therefore aims to use the method with pre-crash scenarios to understand the characteristics and contributing factors of AV crashes at intersections from the latest 5-year AV crash data. Analysis of 197 AV crashes at intersections revealed 30 types of pre-crash scenarios. The rear-end crash (58.88%) and lane change crash (16.24%) were the most frequently occurring scenarios for AVs. The proportion of AVs being rear-ended by conventional vehicles was 58.38%. The main contributing factors of these two most common AV scenarios were identified by association rules and crash causes were analyzed from the perspective of AV decision-making. The main factors contributing to the AV rear-end scenario were location outside the intersection in the intersection-related area, traffic signal control, autonomous engaged mode, mixed-use or public land, and weekdays, while those for lane change scenarios were on-street parking and the time of 8:00 a.m. Important causes of rear-end crashes attributable to the AV were inadequate stop and deceleration decisions by the AV's automated driving system (ADS) and insufficient collision avoidance decisions in lane change crashes. Identification of the pre-crash characteristics and contributing factors provide new insight into AV crash causation and can be used in the determination of the AV's operational design domain and the development and optimization of the AV's ADS at intersections. These findings can also play a role in guiding traffic safety agencies to discover AV hotspots and propose AV management regulations.",33.0,0.0,,,NKRDPC,23210750500,National Key Research and Development Program of China
4,,Rate GQN: A Deviations-Reduced Decision-Making Strategy for Connected and Automated Vehicles in Mixed Autonomy,10.1109/TITS.2023.3312951,Article,,25,,"Gao, Xin;Li, Xueyuan;Liu, Qi;Ma, Zhaoyang;Luan, Tian;Yang, Fan;Li, Zirui",15249050,connected autonomous vehicles | internal dynamic multi-objective reward function | Rate graph convolution Q-learning network | spatial-temporal interaction,2-s2.0-85173064758,,,ar,Gao X.,60016835;60018353;60022381,Beijing Institute of Technology;Technische Universität Dresden;Beijing Jiaotong University,Beijing;Dresden;Beijing,China;Germany;China,7.0,55712117500;55278378600;57215697175;58522758700;57744032400;57716777200;57204705157,60016835;60016835;60016835;60022381;60016835;60016835;60016835-60018353,2024-01-01,1 January 2024,IEEE Transactions on Intelligent Transportation Systems,18378.0,15580016,Journal,1,,613-625,"Connected and automated vehicles (CAVs) have become one of the essential approaches to effectively resolve problems such as traffic safety, road congestion, and energy consumption. However, due to the spatial-temporal interaction of the mixed traffic environment, the driving behaviors of traffic participants are continuously transmitted in time and space. This makes it difficult for the existing decision-making system of CAVs to make accurate judgments and effective strategies. In this study, a rate graph convolution Q-learning network (Rate GQN) is proposed to train a discrete strategy that can improve the comprehensive performance of CAVs in scenarios with spatial-temporal interaction. Firstly, the Rate algorithm is proposed to impose a ratio on the estimates of Q-values from the previous learning process, which improves the stability and performance of the algorithm by reducing the approximate error variance of the target value. Secondly, the traffic Scenario is modeled as a graph structure. And graph convolutional networks are adopted to extract the features information of graph structure to help the CAVs grasp the dynamic traffic interaction information quickly and accurately. Additionally, an internal dynamic multi-objective reward function is presented to improve the comprehensive performance of CAVs, including safety, efficiency, energy saving, and comfort. Finally, comparison and ablation experiments are constructed in a task-based traffic scenario (station stop and traffic light passing). The simulation results show that our Rate GQN method has faster training speed, a more stable training process, and better overall performance than the deep Q-learning network (DQN) and algorithms of the comparison group.",15.0,0.0,,,,,
5,,Deceleration parameters as implicit communication signals for pedestrians’ crossing decisions and estimations of automated vehicle behaviour,10.1016/j.aap.2023.107173,Article,,190,,"Tian, Kai;Tzigieras, Athanasios;Wei, Chongfeng;Lee, Yee Mun;Holmes, Christopher;Leonetti, Matteo;Merat, Natasha;Romano, Richard;Markkula, Gustav",00014575,Implicit communication | Pedestrian-automated vehicle interaction | Road crossing | Vehicle behaviour estimation | Visual cues,2-s2.0-85162101620,S0001457523002208,37336051.0,ar,Tian K.,60011520;60012070;60029738;60008997,"King's College London;University of Leeds;Queen's University Belfast;Nissan Motor Co., Ltd.",London;Leeds;Belfast;Yokohama,United Kingdom;United Kingdom;United Kingdom;Japan,9.0,57203210205;58316355900;55339618800;56599272100;58172356000;36802120200;6602537890;57210721977;23100304500,60012070;60012070;60029738;60012070;60008997;60011520;60012070;60012070;60012070,2023-09-01,September 2023,Accident Analysis and Prevention,19532.0,,Journal,,107173,,"Society greatly expects the widespread deployment of automated vehicles (AVs). However, the absence of a driver role results in unresolved communication issues between pedestrians and AVs. Research has shown the crucial role of implicit communication signals in this context. Nonetheless, it remains unclear how pedestrians subjectively estimate vehicle behaviour and whether they incorporate these estimations as part of their crossing decisions. For the first time, this study explores the impact of implicit communication signals on pedestrians’ subjective estimations of approaching vehicle behaviour across a wide range of experimental traffic scenarios and on their crossing decisions in the same scenarios through a comprehensive analysis. Two simulator tasks, namely a natural road crossing task and a vehicle behaviour estimation task, were designed with controlled time to collision, vehicle speed, and deceleration behaviour. A novel finding is that the correlation between crossing decisions and vehicle behaviour estimations depends on the traffic scenario. Pedestrians’ recognition of different deceleration behaviour aligned with their crossing decisions, supporting the notion that they actively estimate vehicle behaviour as part of their decision-making process. However, if the traffic gap was long enough, the effects of vehicle speed were the opposite between crossing decisions and estimations, suggesting that vehicle behaviour estimation may not directly impact crossing decisions when the time gap to the vehicle is large. We also found that pedestrians crossed the street earlier and estimated yielding behaviour more accurately in early-onset braking scenarios than in late-onset braking scenarios. Interestingly, vehicle speed significantly affected pedestrians’ estimations, with pedestrians tending to perceive low vehicle speed as yielding behaviour regardless of whether the vehicle yielded. Finally, we demonstrated that visual cue τ̇ is a practical indicator for controlling the vehicle deceleration evidence in the experiment. In conclusion, these findings reveal in detail the role of deceleration parameters as implicit communication signals between pedestrians and AVs, with implications for road crossing safety and the development of AVs.",43.0,1.0,all publisherhybridgold repository repositoryam,All Open Access Hybrid Gold Green,CSC,,China Scholarship Council
8,,Sampling-based collision and grounding avoidance for marine crafts,10.1016/j.oceaneng.2022.112078,Article,,261,,"Enevoldsen, Thomas T.;Blanke, Mogens;Galeazzi, Roberto",00298018,Autonomous marine vehicles | Collision avoidance | COLREGs | Grounding avoidance | Marine navigation | Path planning,2-s2.0-85136211640,S0029801822014056,,ar,Enevoldsen T.T.,60011373,Technical University of Denmark,Lyngby,Denmark,3.0,57223151774;57221820763;34879594900,60011373;60011373;60011373,2022-10-01,1 October 2022,Ocean Engineering,28339.0,,Journal,,112078,,"Collisions and groundings account for a great deal of fiscal losses and human risks in the statistics of marine accidents related to ocean going vessels. With highly automated vessels offering a high degree of situational awareness, algorithms can anticipate developments and suggest timely actions to avoid or deconflict critical events, in accordance to safe navigational practices and in compliance with the Convention on the International Regulations for Preventing Collisions at Sea (COLREGs). To avoid such accidents related to navigation, this article proposes a Short Horizon Planner (SHP) for decision support or automated route deviations, as a means to mitigate prevailing risks. The planner adopts a sampling-based planning framework that uses the concepts of cross-track error and speed loss during a steady turn, together with sampling spaces directly extracted from the electronic navigational chart to compute optimal and COLREGs compliant paths with the least deviation from the ship's nominal route. COLREGs compliance (rules 8, 13–17) is achieved through an elliptical-like representations of the given COLREGs, which rejects samples based on modified ship domains. High fidelity simulations show properties of the method and the information made available to human- or automated execution of route alterations.",13.0,1.0,all publisherhybridgold,All Open Access Hybrid Gold,IFD,8090-00063B,Innovationsfonden
12,,Fast region convolutional neural network lane and road defect detection for autonomous vehicle application,10.30534/ijatcse/2019/6681.32019,Article,,8,,"Zulkifli, Nazirah;Laili, Muhammad Amirul Idham;Saadon, Siti Nurshaline Mohd;Ahmad, Adizul;Zabidi, Azlee;Yassin, Ihsan Mohd;Zaman, Fadhlan Hafizhelmi Kamaru;Ali, Megat Syahirul Amin Megat;Taib, Mohd Nasir",,Artificial Intelligence | Autonomous Vehicle | Deep Learning Faster Region Convolutional Neural Network | Object Detection,2-s2.0-85074165704,,,ar,Zulkifli N.,60004351,Universiti Teknologi MARA,Shah Alam,Malaysia,9.0,57225834524;57211494674;57211484768;55420262300;35093630300;57435179500;57211748029;55387509700;56216710600,60004351;60004351;60004351;60004351;60004351;60004351;60004351;60004351;60004351,2019-01-01,2019,International Journal of Advanced Trends in Computer Science and Engineering,21100896268.0,22783091,Journal,1.3 S1,66,371-380,"Road markers are the main landmarks and provide critical information for traffic guidance and safety for drivers. These markers are especially crucial for an autonomous vehicle as this type of vehicle needs to make automated decisions to ensure the safety of other road users. Therefore, for an autonomous vehicle to avoid traffic accidents, these markers should be detected and localized accurately. Additionally, road defects may also present a hazard to autonomous vehicles. This paper proposes a Faster Region Convolutional Neural Network (FRCNN) to detect and localize road markers and potholes on the bird's eye view images of roads. Data were collected using the Point Grey Blackfly camera mounted on the roof of a car. The Inverse Perspective Mapping (IPM) algorithm was used to transform the images into a bird's eye view perspective. The bird's eye view perspective is particularly important as it is easier to detect objects of interest from the top view. The data was then used to train an FRCNN on MATLAB R2018a. The results indicate that the FRCNN was successful in the detection of the objects of interest with some overlapping issues, which will be addressed in future works.",4.0,1.0,all publisherfree2read,All Open Access Bronze,UiTM,600-IRMI/FRGS 5/3/ (081/2019),Universiti Teknologi MARA
0,,Driving Risk Quantification for Behavioral Decision Making in Autonomous Vehicles,10.19721/j.cnki.1001-7372.2025.04.016,Article,,38,,"Ren, Yuan Yuan;Zhao, Lan;Zhegn, Xue Lian;Li, Xian Sheng;Shi, Lei;Xi, Jian Feng",10017372,autonomous vehicle | behavioral decision-making Received 17 Mar. 2024 | mapping relationship modeling | quantification of driving risk | traffic engineering,2-s2.0-105005513625,,,ar,Ren Y.Y.,60007711;60001895;60008562,Jilin University;Ningbo University of Technology;Shandong Jiaotong University,Changchun;Ningbo;Jinan,China;China;China,6.0,35220576200;57215964687;59904311300;16744214900;57786273300;59904583500,60007711;60001895;60007711;60007711;60008562;60007711,2025-04-30,30 April 2025,Zhongguo Gonglu Xuebao China Journal of Highway and Transport,27496.0,,Journal,4,,201-217,"In hierarchical automated driving Systems, perception, Cognition, decision planning, and control execution modules operate interdependently within a closed-loop framework, with the Cognition module serving as a critical interface between perception and decision-making. To ensure safe and efficient navigation in highly dynamic and complex environments, autonomous vehicles must accurately interpret and predict the behaviors of dynamic and static objects in their surroundings while also quantifying and assessing potential risk scenarios. Although risk quantification and assessment are not independent modules within the automated driving System, these processes provide indispensable data for safe and seamless behavior decision-making and path planning. This paper presents a novel method for quantifying driving risks to inform the behavior decision-making process of autonomous vehicles. The proposed method evaluates diverse environmental risk factors from a vehicular driving perspective and examines driving risks through dimensions such as vehicle stability, vehicle-to-vehicle interactions, and traffic violations. Additionally, it establishes a mapping framework between vehicle motion states and driving risks, employing the entropy weight method to develop a weight-variable comprehensive driving risk quantification model. To validate and demonstrate the application of this model, a multi-vehicle Joint Simulation platform was constructed using SCANeR and driving Simulators. Validation results show that the model's risk quantification aligns closely with the observed motion states of vehicles. When integrated into the vehicle's behavior decision-making process, the model successfully quantified the risks of alternative maneuvers and selected behavior options based on a risk minimization principle. In 89% of 100 vehicle cut-in scenarios, the model's decisions were consistent with human driving habits. Thus, the proposed risk quantification method proves to be both robust and practical. By comprehensively addressing the influence of diverse risk factors on driving safety, it enhances the cognitive capabilities of autonomous vehicles in dynamic and high-speed environments, thereby providing a solid foundation for safe decision-making.",0.0,0.0,,,NKPs,2023YFC3009600,National Key Research and Development Program of China
0,,Self-Driving Vehicles and Their Impact on the European Convention on Human Rights,10.53955/jhcls.v4i3.376,Article,,4,,"Herke, Habil Csongor;Szabó, Barbara",28072979,Artificial Intelligence | Drive | European | Human Rights | Vehicles,2-s2.0-85214376485,,,ar,Herke H.C.,60004737,Pécsi Tudományegyetem,Pecs,Hungary,2.0,59504663300;59504663400,60004737;60004737,2024-11-25,25 November 2024,Journal of Human Rights Culture and Legal System,21101146405.0,28072812,Journal,3,,872-900,"The integration of artificial intelligence (AI) into criminal justice systems has grown rapidly, offering significant potential to enhance efficiency and decision-making. However, this advancement also raises ethical and legal concerns, such as data privacy violations, algorithmic bias, and transparency in AI-driven processes. This research examines the legal and ethical implications of AI in criminal justice, focusing on its applications in law enforcement and judiciary systems. Through a normative legal analysis, employing statutory, conceptual, and comparative legal approaches, the study draws insights from the European Convention on Human Rights (ECHR) and international literature. The findings highlight societal apprehensions regarding autonomous systems, inadequacies in current legal frameworks, and ethical challenges in programming AI for decision-making. These challenges include ensuring privacy, data protection, and adherence to fair trial principles. The study concludes that prudent legal regulations are crucial for ensuring responsible and ethical deployment of AI in criminal justice systems. Ultimately, the research emphasizes the importance of balancing technological innovation with the protection of fundamental human rights, contributing to a framework for the ethical and sustainable integration of AI into legal systems globally.",2.0,1.0,all publisherfullgold,All Open Access Gold,,,
2,,Fast anomalous traffic detection system for secure vehicular communications,10.23919/ICN.2024.0021,Article,,Part P,,"Abu Al-Haija, Qasem;Alsulami, Abdulaziz A.",,cyberattacks | cybersecurity | in-vehicle network | Internet of Vehicles (IoV) | intrusion detection | machine learning,2-s2.0-85209257640,,,ar,Abu Al-Haija Q.,60004582;60051534,King Abdulaziz University;Jordan University of Science and Technology,Jeddah;Irbid,Saudi Arabia;Jordan,2.0,57939384700;57215927234,60051534;60004582,2024-01-01,2024,Intelligent and Converged Networks,21101132928.0,27086240,Journal,99,,,"In modern automotive systems, introducing multiple connectivity protocols has transformed in-vehicle network communication, resulting in the widely recognized Controller Area Network (CAN) standard. Despite its ubiquitous use, the CAN protocol lacks critical security features, making vehicle communications vulnerable to message injection attacks. These assaults might confuse original electronic control units (ECUs) or cause system failures, emphasizing the need for strong cybersecurity solutions in automobile networks. This study addresses this need by developing a quick and efficient abnormal traffic detection system to protect vehicular communications from cyber attacks. The proposed system utilizes four machine learning techniques: Adaboost Trees (ABT), Coarse Decision Trees (CDT), Naive Bayes Classifier (NBC), and Support Vector Machine (SVM). These models were carefully assessed on the Car-Hacking-2018 dataset, which simulates real-time vehicular communication scenarios. Specifically, the system considers five balanced classes, including one normal traffic class and four classes for message injection attacks over the in-vehicle controller area network: fuzzy attack, DoS attack, RPM attack (spoofing), and gear attack (spoofing). Our best performance outcomes belong to the ABT model, which notched 99.8% classification accuracy and 6.67 µs of classification overhead. Such results have outweighed existing in-vehicle intrusion detection systems employing the same/similar dataset.",1.0,1.0,all publisherfullgold,All Open Access Gold,,,
0,,Deep learning-based vehicular engine health monitoring system utilising a hybrid convolutional neural network/bidirectional gated recurrent unit,10.1016/j.eswa.2024.125080,Article,,257,,"Rahim, Md Abdur;Rahman, Md Mustafizur;Islam, Md Shofiqul;Muzahid, Abu Jafar Md;Rahman, Md Arafatur;Ramasamy, Devarajan",09574174,Engine fault diagnosis | Hybrid deep learning | Vehicle health monitoring systems | VEHMS | Vulnerability assessment,2-s2.0-85201162601,S095741742401947X,,ar,Rahim M.A.,60018805;60150705;60090654;60007173,Deakin University;Tickle College of Engineering;Universiti Malaysia Pahang Al-Sultan Abdullah;University of Wolverhampton,Geelong;Knoxville;Pekan;Wolverhampton,Australia;United States;Malaysia;United Kingdom,6.0,57387571700;59438298300;57219091887;57221741096;55457938100;26325891500,60018805;60090654;60018805;60150705;60007173;60090654,2024-12-10,10 December 2024,Expert Systems with Applications,24201.0,,Journal,,125080,,"Vehicles play a pivotal role in the current era of Industry 4.0 by providing passengers with excellent mobility, comfort, and safety while strengthening national and international economies. Unanticipated vehicular engine issues can hinder performance and lead to costly maintenance. As analytics processes become faster, more accurate, and more reliable, intelligent fault prediction and diagnosis for vehicles, particularly engines, is becoming increasingly popular. To date, hybrid deep learning approaches to vehicle engine diagnostics have been limited, and none have used engine health monitoring and categorisation based on vulnerability assessment and vehicle structural information. This paper introduces a hybrid deep learning-based vehicular engine health monitoring system (VEHMS) decision model using Deep CNN (convolutional neural network)-BiGRU (bi-directional gated recurrent unit). This model monitors a vehicle's engine health in real-time and classifies its status as good, critical, moderate, or minor condition. Several advanced and hybrid deep learning algorithms were applied to monitor engine health and categorise its status by integrating sensor data with evaluated vulnerability information from an infrastructure vulnerability assessment model. The Deep CNN-BiGRU-based VEHMS decision model outperformed other techniques with an accuracy of 0.8897, ensuring minimal decision losses while classifying engine conditions. This study aims to contribute to developing comprehensive vehicle health monitoring systems and advance the automotive industry by incorporating more intelligent features. The proposed approach can enhance vehicle performance, reliability, and efficiency in the transportation sector by improving engine health monitoring.",19.0,0.0,,,,RDU223016,
0,,The Use of Adaptive Artificial Intelligence (AI) Learning Models in Decision Support Systems for Smart Regions,10.57017/jorit.v4.1(7).07,Article,,4,,"Fedorka, Pavlo;Buchuk, Roman;Klymenko, Mykhailo;Saibert, Fedir;Petrushyn, Andrii",,automation of management | digital technologies | efficiency enhancement | recommendation system | resource optimisation | TypeScript,2-s2.0-105007350728,,,ar,Fedorka P.,60068539,Uzhhorod National University,Uzhorod,Ukraine,5.0,57215862457;59733901200;59929255300;59929255400;59930292700,60068539;60068539;60068539;60068539;60068539,2025-01-01,2025,Journal of Research Innovation and Technologies,21101286842.0,29718317,Journal,1,,99-115,"The purpose of this study is to analyse the effectiveness of implementing adaptive AI learning models in decision support systems to optimise the functioning of smart regions. The study provides a detailed examination of the application of machine learning algorithms, deep learning, and reinforcement learning across various sectors, such as urban management, energy resources, and security. The results revealed that the implementation of these models enhances the efficiency of urban system management, reduces costs, and increases the flexibility of decision-making processes. In particular, adaptive models in energy resource management optimise decision-making processes, leading to more rational resource use and substantial cost reductions. In the security field, adaptive AI models show improvements in predicting and preventing incidents, ensuring more reliable and stable system performance. Moreover, the results include the implementation of adaptive models based on programming languages such as TypeScript and JavaScript. The study demonstrated that the use of TypeScript reduces errors and improves system scalability due to strict typing, as shown in the implementation of a reinforcement learning model. Meanwhile, the use of JavaScript enabled the effective adaptation of models to new data through dynamic updates of regression coefficients, leading to improved prediction accuracy.",0.0,1.0,all publisherhybridgold,All Open Access Hybrid Gold,,,
1,,Graphical neural network-based MCDM for evaluating sustainable city logistics measures,10.1504/IJMOR.2025.148876,Article,,32,,"Lakshmi, K. Vasantha;Kumara, K. N.Udaya",17575850,fuzzy logic methodology | GNN | graphical neural network | MCDM | multi-criteria decision-making | multiple stakeholders | normalised matrix | Pairwise similarity matrix | social factors | sustainable city logistics,2-s2.0-105018014905,,,ar,Lakshmi K.V.,60114052,REVA University,Bengaluru,India,2.0,60129570200;60129916200,60114052;60114052,2025-01-01,2025,International Journal of Mathematics in Operational Research,21100202502.0,17575869,Journal,2,,214-238,"This paper presents a novel approach to evaluate sustainable city logistics measures using a multi-criteria decision-making (MCDM) framework based on qualitative data. The proposed approach combines different weighing methods such as fuzzy DEMATEL, fuzzy AHP, to determine the weights of the criteria. The criteria are based on economic, environmental, social, and technical aspects, such as operational costs, energy consumption, revenues, air pollution, noise, land use, congestion, accidents, mobility, accessibility, freeing of public space, logistical efficiency, trip effectiveness, loading factor of vehicles, service quality, and customer coverage’. The study also proposes a graphical neural network (GNN) with weighted MCDM for artificial intelligence-based decision-making, which helps in achieving a better selection of city logistics measures for urban freight logistics. The approach is implemented in MATLAB and compared with other deep learning models such as CNN, ANN, and DNN, showing higher performance. Furthermore, the paper presents an extrapolation-enhanced approach for modelling travel decision-making based on MCDM with GNN and error calculation, which provides higher performance. The results demonstrate the effectiveness of the proposed approach in selecting sustainable city logistics measures, which can contribute to improving urban freight logistics.",0.0,0.0,,,,,
1,,Design and Implementation IoT-Driven Distribution Transformer Health Monitoring System for the Smart Power Grid †,10.3390/engproc2025087027,Article,,87,,"Noman, Abdullah Al;Baidya, Partha;Hossain, Md Aslam;Dev, Pranta;Saha, Kaushik;Hossain, Md Lokman",,arduino processor | Blynk app | distribution transformer health monitoring | IoT-driven transformer monitoring | predictive maintenance | remote monitoring | sensor-based detection | smart power grid | transformer health index | transformer maintenance,2-s2.0-105023668195,,,ar,Noman A.A.,60077041,International Islamic University Chittagong,Dhaka,Bangladesh,6.0,59983275000;60222310400;59038952200;60222728600;60222728700;57219383451,60077041;60077041;60077041;60077041;60077041;60077041,2025-01-01,2025,Engineering Proceedings,21101128137.0,26734591,Journal,1,27,,"The increasing demand for reliable power distribution necessitates advanced monitoring solutions for distribution transformers. This paper presents an IoT-driven health monitoring system designed to enhance the reliability and efficiency of smart power grids. The system integrates sensors to measure voltage, current, oil temperature, and body temperature, ensuring real-time data acquisition and fault detection. An ESP32 microcontroller processes sensor data and transmits it to the Blynk IoT platform for remote monitoring and predictive maintenance. The system effectively identifies phase failures, earth faults, overheating, and other anomalies, allowing for timely intervention and reduced downtime. Unlike conventional manual inspection methods, this low-cost solution provides continuous monitoring, improving transformer lifespan and operational efficiency. The proposed approach offers a scalable and cost-effective strategy for smart power grid applications, promoting sustainable energy management through data-driven decision-making. Future enhancements may include AI-based fault prediction and expanded integration with smart grid infrastructures.",0.0,1.0,all publisherfullgold,All Open Access Gold,,,
4,,Exploring new generation of characterization approaches for energy electrochemistry—from operando to artificial intelligence,10.1360/SSC-2023-0222,Article,,54,,"Yu, Qiao;Ren, Hu;Yu, Gu;Fu-Jie, Tang;Si-Heng, Luo;Hai-Tang, Zhang;Jing-Hua, Tian;Jun, Cheng;Zhong-Qun, Tian",16747224,artificial intelligence | energy electrochemistry | operando measurement | spectro-electrochemistry | systems electrochemistry,2-s2.0-85188185961,,,ar,Yu Q.,60018205;127603889,Xiamen University;Fujian Science & Technology Innovation Laboratory for Energy Materials of China (Tan Kah Kee Innovation Laboratory),Xiamen;Xiamen,China;China,9.0,58946483300;58946228500;58946352700;58946730900;58946105600;58946352800;58946352900;55480614900;58209219400,60018205-127603889;;60018205-127603889;127603889;60018205;60018205;127603889;60018205-127603889;60018205-127603889,2024-01-01,2024,Scientia Sinica Chimica,21100972133.0,20959435,Journal,3,,338-352,"Electrochemical (EC) technology plays an increasingly important role in energy and related fields, which presents significant challenges as well as opportunities for the fundamental research of electrochemistry. Electrochemical devices such as those for electrolysis (e.g., hydrogen production, chlor-alkali, aluminum), fuel cells, power batteries, energy storage batteries, often require a high working current density (such as larger than 1 A cm<sup>−2</sup>) and a high level of overpotential far from the electrochemical equilibrium (e.g., ±0.7 V). The operation conditions of such energy-conversion devices are complex and rapidly changing (e.g., the fluctuation of solar energy and wind energy at the supply end and the start and brake of electric vehicles at the consumption end of energy), and thus put extremely high requirements for the conversion efficiency, safety, and lifespan properties of devices. It is unprecedently challenging to identify efficiency, failure and safety mechanism for EC energy devices, of which one key issue is to characterize various interface structures and processes of EC devices with large-flow, high-density, and dynamically-changing charge, energy, and mass transfers. The commonly used in-situ and ex-situ characterization techniques cannot fully obtain energy, time, and space information, and it is difficult for them to characterize the key interfacial processes under real working conditions for elucidating their complicate mechanism. It is therefore imperative to develop a new generation of characterization methods and theories for energy electrochemistry. The main direction is to establish operando characterization techniques for real devices, and form a complete set of measurement system integrating the three types of ex-situ, in-situ and operando techniques for systematically detecting key intermediates, products, all components and interfaces as well as their crosstalk and coupling in real EC energy devices, thus to facilitate a comprehensive understanding of the interconnected complicate mechanism to further guide optimization and even innovation of related techniques and devices. Based on a close combination with artificial intelligence (AI), operando measurement with various spectroscopies and sensors is expected to reach each interfaces and bulks and their dynamic changes in energy devices. More importantly, it is proposed to further integrate various kinds of operando measurement modules with real-time regulation of energy devices, by which the operando data can be immediately analyzed via AI, and control decisions are made accordingly and rapidly feed back to the regulation center, so as to realize an AI-driven loop of Operando–Measurement–Analysis–Control (AI-LOMAC) of the whole real device. Integrating the three key discrete, time-consuming, and inefficient operating modules into one module is highly challenging but promising to develop into a new research paradigm, and provide an innovative pathway for the development of energy electrochemistry, interface science, and related fields, and even igniting new directions such as systems electrochemistry.",12.0,0.0,,,,,
3,,Application of Decision Tree and Machine Learning in New Energy Vehicle Maintenance Decision Making,10.2478/amns-2024-1463,Article,,9,,"Jiang, Xuefeng;Li, Min;Cheng, Lin",,Data preprocessing | Decision tree model | Machine learning | Maintenance decision | New energy vehicle,2-s2.0-85194246477,,,ar,Jiang X.,100415053,Chuzhou Polytechnic,Chuzhou,China,3.0,57847013300;59145269200;59145720200,100415053;100415053;100415053,2024-01-01,1 January 2024,Applied Mathematics and Nonlinear Sciences,21101021773.0,24448656,Journal,1,,,"Several incidents of electric vehicle combustion across various regions in China have brought the safety concerns associated with new energy vehicles into sharp focus within public discourse. Addressing these concerns, this paper explores maintenance decision-making for new energy vehicles through the application of decision trees and machine learning techniques. Initially, the study analyzes how decision trees and machine learning are employed in crafting maintenance decisions for these vehicles. It involves collecting data through internet searches, followed by statistical analyses and preprocessing to set the groundwork for further inquiry. Furthermore, the research advances by developing and refining decision tree models, which facilitate the integration of fault diagnosis and maintenance decision-making processes for new energy vehicles. This effort culminates in the establishment of a robust decision tree model specifically designed for the maintenance of new energy vehicles, which is subsequently evaluated through a detailed case study. The results are presented: The approximation degree of new energy vehicle fault diagnosis based on the decision tree model is 90.58%, 90.67%, 88.09%, 91.28%, and 90.19% at the significant level of α taking the value of 0.01, 0.05, 0.100, respectively. This study provides theoretical guidance on the application of decision trees for the diagnosis and repair of faults in new energy vehicles so that the development of new energy vehicles in China can be ensured.",4.0,1.0,all publisherfullgold,All Open Access Gold,,,
2,,Accurate multi-phase unsupervised and supervised approach to fault detection in power transmission networks,10.1007/s00521-025-11422-z,Article,,37,,"Rezk, Nermeen G.;El-Sehiemy, Ragab A.;Attia, Abdel Fatah;El-Behery, Heba",09410643,Ensemble learning | Fault classification | K-mean clustering | Machine learning techniques | Unsupervised learning,2-s2.0-105009553181,,,ar,Rezk N.G.,60025733;60016160;60227313,Kafrelsheikh University;Széchenyi István University;Faculty of Engineering,Kafr el-Sheikh;Gyor;Kafr el-sheikh,Egypt;Hungary;Egypt,4.0,57193405978;6504618921;59971386300;57225961422,60227313;60227313-60025733-60016160;60227313-60025733;60227313,2025-08-01,August 2025,Neural Computing and Applications,24800.0,14333058,Journal,24,,19751-19772,"Transmission line faults can cause both power loss and failure. To mitigate the effects of such faults, the energy supply must quickly identify and remove faults, as well as ensure grid restoration after a failure occurs. As a result, it is critical to design a system capable of quickly and reliably identifying and eliminating errors. The level of fault identification accuracy is an important indicator for ensuring the reliability of main equipment in power systems, such as generators and transformers. This paper proposes a two-phase approach for identifying faults in transmission systems. In the first phase, unsupervised learning techniques like K-Mean clustering are used to assign labels to datasets for transmission line fault classification. During the second phase, four machine learning techniques called logistic regression (LR), decision tree classifier (DTC), random forest classifier (RFC), and XGBoost Classifier (XGB) are employed to identify faults. Applications are validated on fault detection datasets. The tested approach provides an efficient model for fault detection and classification in transmission lines, as well as a productive framework for fault detection prediction based on machine learning and ensemble learning methods. The experimental simulation results from this study show an accuracy of 83.6% for LR, 99% for DTC, 99% for RFC, and 99.9% for XGB, LightGBM, and CatBoost at 0.99995%. The paper's findings demonstrate the effectiveness of machine learning and ensemble learning techniques in accurately identifying and classifying transmission line faults at competitive performance indices.",1.0,0.0,,,,,
3,,Robust Machine Learning Framework for Predictive Maintenance in Gas Treatment Plants under Outlier-Influenced Operational Conditions,10.7492/14920b64,Article,,35,,"Alabi, Femi Adeoye;Omoyajowo, Bamidele Stephen;Amole, Abraham Olatide",10537899,Gas Treatment Plants | Machine Learning | Outliers | Predictive Maintenance | Robust Scaling,2-s2.0-105017997811,,,ar,Alabi F.A.,60089366;60078171,Bells University of Technology;Lead City University,Ota;Ibadan,Nigeria;Nigeria,3.0,57209136843;60129886800;57206659739,60089366;60078171;60089366,2025-01-01,2025,Msw Management,5300152536.0,,Journal,2,,1-14,"The increasing complexity of gas treatment plants (GTPs) and the rising global demand for natural gas underscore the need for efficient and reliable maintenance strategies. Traditional maintenance approaches—reactive and preventive—have shown limitations in predicting failures accurately, often resulting in costly downtime and inefficient resource utilization. This study aims to evaluate the performance of selected machine learning (ML) models—Random Forest (RF), Decision Tree (DT), Support Vector Machine (SVM), and K-Nearest Neighbors (KNN)—in predicting maintenance requirements in GTPs under data conditions involving outliers and the application of robust scaling techniques. Operational metering data from January 2019 to June 2024 were obtained from Total Energies EP Nigeria Limited. After preprocessing, feature engineering and selection were performed to prepare the dataset for training the models in Python’s Jupyter Notebook environment. The models were assessed based on accuracy, precision, recall, and F1-score. Results revealed that RF and DT models achieved an ideal 100% accuracy even in the presence of outliers and after applying robust feature scaling, although this level of perfection is unlikely in real-world conditions. KNN showed moderate performance with an accuracy of 89%, while SVM performed poorly with an accuracy of 47%, indicating its high sensitivity to outliers despite scaling. The findings confirm that tree-based algorithms such as RF and DT are more resilient and suitable for predictive maintenance tasks in noisy industrial datasets. Therefore, the study concludes that integrating robust scaling with tree-based ML models provides a more dependable solution for predictive maintenance in GTPs. It is recommended that GTPs adopt RF or DT models alongside robust data preprocessing techniques to improve fault prediction, reduce unplanned downtimes, and enhance operational reliability.",0.0,0.0,,,,,
4,,Intelligent Intrusion Detection in Clustered Wireless Sensor Networks: A Dynamic Clustering and Machine Learning-Based Approach,10.52866/2788-7421.1272,Article,,6,,"Abdulwahhab, Abdullah R.;Salleh, Mohd Fadzli Mohd;Akb, Muhammad Firdaus;Abdullah, Mohammed Najm",,Dynamic clustering | Energy efficiency | Machine learning | Network security | Real-time threat detection,2-s2.0-105008218969,,,ar,Abdulwahhab A.R.,60000906;60071176,Universiti Sains Malaysia;University of Technology- Iraq,Gelugor;Baghdad,Malaysia;Iraq,4.0,59947304600;16069693500;59946387300;57206254411,60000906;60000906;60000906;60071176,2025-01-01,2025,Iraqi Journal for Computer Science and Mathematics,21101124068.0,27887421,Journal,2,,389-401,"Traditional Intrusion Detection Systems (IDS) designed for more conventional network infrastructures are often ill-equipped to handle the unique challenges WSNs pose, leading to significant gaps in security and resilience. This paper introduces an Intelligent Intrusion Detection System (IIDS) explicitly tailored for clustered WSNs to address these critical challenges. The proposed IIDS integrates dynamic clustering with advanced machine learning algorithms to create a robust and adaptive security solution capable of real-time threat detection and mitigation. The dynamic clustering mechanism is designed to continuously monitor and respond to changes in sensor node network topology and energy levels, ensuring that energy consumption is evenly distributed across the network. This approach prolongs the network’s operational lifespan and enhances its resilience against attacks by minimising single points of failure. The IDS employs a set of machine learning algorithms, including decision trees, support vector machines, and deep learning models, to accurately identify and classify potential intrusions. The system is engineered to detect a broad spectrum of attacks, ranging from common threats such as DoS and Sybil attacks to more sophisticated and emerging threats, including advanced persistent threats (APTs) and zero-day exploits. By leveraging machine learning, the IIDS can continuously learn from new data, improve its detection capabilities over time, and adapt to the evolving threat landscape. Extensive simulations were conducted to evaluate the proposed IIDS’s performance under various network conditions and attack scenarios. The results demonstrate that the IIDS consistently outperforms traditional IDS approaches in several key metrics, including detection accuracy, false positive rate, and energy efficiency.",1.0,1.0,all publisherfullgold,All Open Access Gold,USM,,Universiti Sains Malaysia
7,,DETERMINATION OF NETWORK TRAFFIC ANOMALIES IN A DISTRIBUTED COMPUTER SYSTEM WITH ENERGY FACILITIES,10.36296/1819-8058.2024.2(77).52-57,Article,,77,,"Shapovalova, S.;Matіakh, Serhii;Titov, V.",18198058,Decision Tree | energy decentralization | GBM | KNN | Logistic Regression | LSTM | MLP | renewable energy | RNN,2-s2.0-85201614505,,,ar,Shapovalova S.,60003172;60280396,National Technical University of Ukraine “Igor Sikorsky Kyiv Polytechnic Institute”;Institute of Renewable Energy of the National Academy of Sciences of Ukraine,Kyiv;Kyiv,Ukraine;Ukraine,3.0,35367847700;59278291600;59729089700,60003172;60003172-60280396;60003172,2024-07-01,1 July 2024,Vidnovluvana Energetika,21101199355.0,26648172,Journal,2,,52-57,"The paper presents research, the purpose of which is to define a machine learning model for express analysis of network traffic in a distributed computer system for managing decentralized generation facilities based on renewable energy. The available tools for monitoring processes in the computer network are considered. The problem of network traffic anomaly detection is presented as a binary classification problem. The input data of the model is represented by 10 features, which are determined on the basis of the RFE method based on the results of computational experiments on classification based on the examples of the Network Intrusion Detection dataset. To determine the optimal model, both neural network models: MLP, RNN, LSTM, and traditional machine learning models: KNN, Logistic Regression, Decision Tree, GBM were investigated. Implementations of these models from Scikit-learn and TensorFlow resources were configured and trained. According to the results of computational experiments, the most accurate models for detecting network traffic anomalies in a distributed computer system were determined: LSTM (F1 score: 0.97 on the test sample, 0.95-in working mode) and RNN (F1 score: 0.97 on the test sample, 0.94-in working mode). Tests have shown that RNN or LSTM anomaly prediction when transmitting a packet does not change the time order relative to transmission without prediction. The use of defined machine learning models to build subsystems for detecting network traffic anomalies in systems of distributed generation of electric energy based on renewable sources will allow to increase resistance to failures and force majeure situations, the efficiency of their work, especially taking into account the challenges to the operation of the energy system of Ukraine during the war.",1.0,1.0,all publisherfullgold,All Open Access Gold,,,
8,,A surrogate model for the rapid prediction of rockburst risk based on numerical samples and random forest classifier,10.16511/j.cnki.qhdxxb.2024.26.027,Article,,64,,"Wang, Kezhong;Xie, Tian;Li, Mei;Zhang, Rujiu;Hou, Shaokang;Wang, Zhenzhou;Liu, Yaoru",10000054,deep tunnel | elastic strain energy | numerical samples | random forest | rockburst risk | tunnel boring machine,2-s2.0-85198023073,,,ar,Wang K.,60026282;60004246;60123042;126142516;113192735,Zhejiang University of Technology;State Grid Corporation of China;State Key Laboratory of Hydro Science and Engineering;Ltd.;Power Construction Corporation of China,Hangzhou;Beijing;Beijing;Kunming;Beijing,China;China;China;China;China,7.0,55501485300;57980446400;58775913700;57328935500;57211980803;59211639300;8714353600,60026282;60026282;126142516;60123042;113192735;60004246;60123042,2024-01-01,2024,Qinghua Daxue Xuebao Journal of Tsinghua University,22798.0,,Journal,7,,1203-1214,"[Objective] This study aims to address the significant challenge of predicting roekburst risks during the excavation of deep tunnels using tunnel boring machine (TBM) tunnel boring machine and develop a rapid prediction model to provide the basis for roekburst prevention and control, enhancing the safety and efficiency of deep tunnel construction. The proposed model leverages numerical samples and random forest (RF) algorithms to overcome the limitations of existing methods, which often do not achieve real-time and rapid prediction or consider the underlying mechanisms and factors influencing rock bursts. [Methods] Considering the Xianglushan Tunnel within the Dianzhong Water Diversion Project, we introduced a model that utilizes geostress and rock constitutive parameters as inputs and the elastic strain energy density of the surrounding rock as output. Numerical simulations of tunneling using the TBM under various working conditions arewere conducted, and 611 numerical samples were crafted through an orthogonal experimental design. We employed RF as the underlying classifier! with hyperparameters optimized through 10-fold cross-validation to create an efficient prediction model. The accuracy and applicability of the model were confirmed by comparing several machine learning algorithms. [Results ] We conducted a series of numerical simulations of excavation using the TBM, employing an elastoviscoplastic constitutive model with internal variables. These simulations disclosed the energy evolution within the rock mass throughout the excavation process. Energy concentration occurred during transient unloading and the time-dependent deformation of the surrounding rock, leading to two distinct peaks in strain energy density. The second peak indicative the final energy storage during the creep phase of the surrounding rock postexcavation and unloading. Notably, a higher value at the tunnel wall—under identical conditions—correlated with an elevated risk of strainburst. We verified the rationality of the input and output parameters by analyzing energy evolution and correlation. The predictive accuracy and computational efficiency of the model were enhanced following the optimization of the hyperparameters using a 10-fold cross-validation. The input parameters partially mirrored the factors influencing rock burst, while the output parameters measured the energy storage status of the surrounding rock before potential rockburst failure. The RF-based rockburst risk prediction proxy model exhibited commendable performance on the training and testing sets, achieving accuracies of 99.75% and 82.02%, respectively. The performance of the RF-based rockburst risk prediction proxy model was superior to that of four other machine learning models—decision tree, K-nearest neighbors, support vector machine, and logistic regression—achieving prediction accuracies of 82.02%, 76.40%, 79.77%, 75. 28%, and 76. 40% for all samples, respectively. This result indicateds the robust predictive capability and generalization performance of the RF-based rockburst risk prediction proxy model in assessing rockburst risk levels. [Conclusions] We offer a novel approach and framework for the rapid prediction of rockburst risks during the excavation phase of deep tunnels. The RF-based rockburst risk prediction proxy model is reportedly an effective tool for rockburst risk prediction, marking a significant advancement in rockburst risk management. We provide a research path and framework for the rapid prediction of rockburst risk during the excavation period of deep tunnels.",2.0,0.0,,,,,
0,,The A3C-CCTSO-R2N2 algorithmic framework for precise edge-cloud parameter estimation,10.11591/eei.v14i5.8982,Article,,14,,"Manonmani, Gangadharan;Ponmozhi, Krishnasamy;Balasubramanian, Krishnasamy",20893191,Acoustic echo cancellation | Adaptive resonance theory | Cloud computing task scheduling optimization | Edge computing | Internet of things | Recurrent residual network,2-s2.0-105018111334,,,ar,Manonmani G.,60081868;60110553,"Kalasalingam Academy of Research and Education;SRM University Delhi-NCR, Sonepat",Krishnankoil;Sonipat,India;India,3.0,58549325700;57211374429;55336768500,60081868;60110553;60081868,2025-10-01,October 2025,Bulletin of Electrical Engineering and Informatics,21100826382.0,23029285,Journal,5,,3852-3862,"Efficient resource allocation is crucial in fog computing environments due to dynamic conditions and different user requirements; this work addresses the scheduling issues of internet of things (IoT) applications in such situations. Our proposed method, chaotic crossover tuna swarm optimizer (CCTSO), is based on metaheuristics and aims to reduce energy usage, reaction time, and SLA breaches; it should help with these problems. Improved system responsiveness and dependability are outcomes of the suggested approach's use of machine learning models for scheduling decision prediction and dynamic workload adaptation. The framework achieves a good balance between performance and energy efficiency by adjusting critical parameters and application settings. By reducing energy usage, reaction time, and operational cost while retaining reduced service level agreement (SLA) violation rates, our solution greatly outperforms previous techniques, according to experimental assessments. In real-world implementations, our results demonstrate that CCTSO is a strong solution for fog-based IoT scheduling, providing greater scalability and adaptability. Taken together, the results of this study provide a strong algorithmic foundation for better resource management in cloud, fog, and edge computing environments.",0.0,1.0,all publisherfullgold,All Open Access Gold,,,
0,,Development and evaluation of a machine learning model for osteoporosis risk prediction in Korean women,10.1186/s12905-025-03669-4,Article,,25,,"Je, Minkyung;Hwang, Seunghyeon;Lee, Suwon;Kim, Yoona",,Classification | Korean genome and epidemiology study (KoGES) | Machine learning | Osteoporosis | Women,2-s2.0-105002021881,,40155887.0,ar,Je M.,60023075,Gyeongsang National University,Jinju,South Korea,4.0,57320895800;57980350400;55548367000;56573042000,60023075;60023075;60023075;60023075,2025-12-01,December 2025,BMC Women S Health,19499.0,14726874,Journal,1,146,,"Background: The aim of this study was to develop a machine learning (ML) model for classifying osteoporosis in Korean women based on a large-scale population cohort study. This study also aimed to assess ML model performance compared with traditional osteoporosis screening tools. Furthermore, this study aimed to examine the factors influencing the risk of osteoporosis through variable importance. Methods: Data was collected from 4199 women aged 40–69 years in the baseline survey of the Ansan and Ansung cohort of the Korean Genome and Epidemiology Study. Osteoporosis was set as the dependent variable to develop ML classification models. Independent variables included 122 factors related to osteoporosis risk, such as socio-demographic characteristics, anthropometric parameters, lifestyle factors, reproductive factors, nutrient intakes, diet quality indices, medical history, medication history, family history, biochemical parameters, and genetic factors. The six classification models were developed using ML techniques, including decision tree, random forest, multilayer perceptron, support vector machine, light gradient boosting machine, and extreme gradient boosting (XGBoost). The six ML classification models were compared with two traditional osteoporosis screening tools, including the osteoporosis risk assessment instrument (ORAI) and the osteoporosis self-assessment tool (OST). The ML model performances were evaluated and compared using the confusion matrix and area under the curve (AUC) metrics. Variable importance was assessed using the XGBoost technique to investigate osteoporosis risk factors. Results: The XGBoost model showed the highest performance out of the six ML classification models, with an accuracy of 0.705, precision of 0.664, recall of 0.830, and F1 score of 0.738. Moreover, the XGBoost model showed a higher performance on AUC than ORAI and OST. Variable importance scores were identified for 69 out of the 122 variables associated with osteoporosis risk factors. Age at menopause ranked first in variable importance. Variables of arthritis, physical activities, hypertension, education level, income level; alcohol intake, potassium intake, homeostatic model assessment for insulin resistance; energy intake, vitamin C intake, gout; and dietary inflammatory index ranked in the top 20 out of the 69 variables, using the XGBoost technique. Conclusions: This study found that an XGBoost model can be utilized to classify osteoporosis in Korean women. Age at menopause is a significant factor in osteoporosis risk, followed by arthritis, physical activities, hypertension, and education level.",4.0,1.0,all publisherfullgold repository repositoryam,All Open Access Gold Green,NRF,NRF-2022R1F1A1063108,National Research Foundation of Korea
2,,Using Machine Learning Algorithms to Predict Postoperative Anterior Bone Loss Following Anterior Cervical Disc Replacement,10.1177/21925682241293712,Article,,15,,"Zong, Rui;Guo, Can;He, Jun Bo;Wu, Ting Kui;Liu, Hao",21925682,ACDR | anterior bone loss | anterior cervical disc replacement | artificial intelligence | machine learning,2-s2.0-105003573259,,,ar,Zong R.,60073509,West China School of Medicine/West China Hospital of Sichuan University,Chengdu,China,5.0,59239904800;59239726000;57217146105;57192554179;57830339600,60073509;60073509;60073509;60073509;60073509,2025-05-01,May 2025,Global Spine Journal,21100345623.0,21925690,Journal,4,,2236-2245,"Study Design: Machine learning model. Objectives: This study aimed to develop and validate a machine learning (ML) model to predict moderate-severe anterior bone loss (ABL) following anterior cervical disc replacement (ACDR). Methods: A retrospective review of patients undergoing ACDR or Hybrid surgery (HS) at a single center was performed. Patients diagnosed as C3-7 single- or multi-level cervical disc degenerative diseases (CDDD) with more than 2 years of follow-up and complete pre- and postoperative radiological imaging were included. An ML-based algorithm was developed to predict moderate-severe ABL based on perioperative demographic, clinical, and radiographic parameters. Model performance was evaluated in terms of discrimination and overall performance. Results: A total of 339 ACDR segments were included (61.65% female, mean age 45.65 ± 8.03 years). During a follow-up period of 45.65 ± 8.03 months, 103 (30.38%) segments developed moderate-severe ABL. The model demonstrated good discrimination and overall performance according to precision (moderate-severe ABL: 0.71 ± 0.07, none-mild ABL: 0.73 ± 0.08), recall (moderate-severe ABL: 0.69 ± 0.08, none-mild ABL: 0.75 ± 0.07), F1-score (moderate-severe ABL: 0.70 ± 0.08, none-mild ABL: 0.74 ± 0.07), and area under the curve (AUC) (0.74 ± 0.10). The most important predictive features were higher height change, higher post-segmental angle, and longer operation time. Conclusions: Utilizing a ML approach, this study successfully identified risk factors and accurately predicted the development of moderate-severe ABL following ACDR, demonstrating robust discrimination and overall performance. By overcoming the limitations of traditional statistical methods, ML can enhance discovery, clinical decision-making, and intraoperative techniques.",1.0,1.0,all publisherfullgold repository repositoryam,All Open Access Gold Green,NSFC,2021-YF08-00113-GX,National Natural Science Foundation of China
3,,Classification recognition model of electric shock fault based on wavelet packet transformation and quantum neural network,10.11975/j.issn.1002-6819.2018.05.024,Article,,34,,"Guan, Haiou;Liu, Meng;Li, Chunlan;Du, Songhuai;Li, Weikai",10026819,Algorithm | Diagnosis | Electric current detection | Electric shock fault detection | Low-voltage power grids | Quantum neural network | Residual current | Wavelet packet transform,2-s2.0-85048269592,,,ar,Guan H.,60013551;60019518;60104280,China Agricultural University;Xinjiang Agricultural University;Heilongjiang Bayi Agricultural University,Beijing;Urumqi;Mishan,China;China;China,5.0,35789903100;57202420006;24576796200;12789699300;26664169100,60104280;60104280;60019518;60013551;60104280,2018-03-01,1 March 2018,Nongye Gongcheng Xuebao Transactions of the Chinese Society of Agricultural Engineering,62499.0,,Journal,5,,183-190,"Residual current operated protective devices (RCDs) have a wide range of application in low-voltage power grids. RCDs play an important role in preventing electric shock hazard and avoiding fire disaster caused by ground fault. In general, the root mean square (RMS) value of residual current detected is considered as the unique criterion to determine whether the protector acts or not. Theoretical analysis and operation experiences indicate that such a criterion is unavailable in identifying the shocking current signals from animals and human beings. Consequently, it makes human beings unsafe due to the electric shocking, and the disadvantages of the operation principle inherently exist. It results in the malfunction and tripping phenomenon, and greatly decreases the reliability and the rate of proper commissioning for RCDs. Many scholars at home and abroad have made a great deal of breakthrough research on the hardware structure and leakage current detection of residual current protection devices, which improved technical performance of residual current protection device. At present, related research about residual current protection technology focused on the application of a variety of signal processing methods and current amplitude calculation method of biological electrocution branch, which were not related to identification method of electric shock fault of neutral grounded power network. Thus, mathematical expression mechanism between the type of electric shock fault of organism and residual current needs to be studied to identify the type of electric shock fault in time and accurately in the technology of residual current protection. Therefore, time frequency digital feature of residual current signal, and correct identification of the type of electric shock fault are the important preconditions to discover and govern the problems of residual current protection device. In this paper, identification model of electric shock fault based on wavelet packet transform and quantum neural network was proposed to identify the law of nonlinear mapping between residual current and electric shock fault. First, wavelet packet transform was used to analyze energy spectrum fluctuation, and the fluctuation of energy spectrum below 312.475 Hz in residual current was obvious, and reached 9.05 and 9.00 respectively in 119.2-156.25 and 39.062 5-78.125 Hz. Moreover, 8-dimensional eigenvector of wavelet packet energy spectrum of residual current was extracted, and effective threshold for mutation amount of wavelet packet energy was set using average change rate for the difference of characteristic band energy possession ratio, which achieved accurate detection of electric shock fault for organisms. Finally, based on the combination of superposition state of quantum computing and adaptability of neural network computing, a quantum neural network was established as a decision-making system for the type of electric shock failure using energy eigenvectors of wavelet packet as valid sources of information. This network that adopted quantum neurons with multiple quantum levels overcame the problem of local minimum existing in traditional BP (back propagation) algorithm and speeded up the neural network training. The experimental results indicated that the accuracy of the network reached 0.000 998 92 when the number of iterations achieved 1 437, simulation time was 0.146 ms and the accuracy was 100% with the root mean square error (RSME) of 0.108 3, which was superior to EMD-FNN(empirical mode decomposition-fuzzy neural network) algorithm with training times of 125 8, simulation time of 0.398 ms and RSME of 0.193 8. Comparing to EMD-FNN, the time of decomposition of WPT-QNN (wavelet packet transformation-quantum neural network) saved 0.920 s, which could meet the need of actual requirement for quick and accurate action in residual current protection. The method proposed in the paper achieved the recognition of the type of electric shock quickly and efficiently, helpful to develop a new generation of adaptive residual current protection device based on current component action of electric shock for organisms.",17.0,0.0,,,,,
1,,ANN vs. traditional machine learning models: A comparative study on open switch fault diagnosis in VSIs for solar pumping systems,10.1016/j.egyr.2025.09.031,Article,,14,,"Chibani, Houaria;Laribi, Souad;Benasla, Mokhtar;Allaoui, Tayeb;Korba, Petr;Sevilla, Felix Rafael Segundo;Ramirez-Gonzalez, Miguel",,Artificial Neural Network | Fault diagnosis | IGBT fault detection | Machine learning | Open-circuit fault | Solar water pumping system | Voltage source inverter,2-s2.0-105016788559,S2352484725005451,,ar,Chibani H.,60015769;60087342,ZHAW Zurich University of Applied Sciences;Université Ibn-Khaldoun Tiaret,Winterthur;Tiaret,Switzerland;Algeria,7.0,60110466400;57521693900;55876550100;6505735243;6506066030;55512130000;60110277600,60087342;60087342;60087342;60087342;60015769;60015769;60015769,2025-12-01,December 2025,Energy Reports,21100389511.0,23524847,Journal,,,2464-2478,"This study presents a comparative analysis of fault detection and classification techniques for identifying single and multiple open-switch faults in insulated-gate bipolar transistors (IGBTs) within a two-level, three-phase voltage source inverter (VSI) used in solar water pumping systems. Five machine learning algorithms are evaluated: Artificial Neural Network (ANN), Decision Tree (DT), K-Nearest Neighbors (KNN), Naive Bayes (NB), and Support Vector Machine (SVM). The evaluation employs current-based features (module, surface, and angle) extracted via the Clarke transformation. Standard performance metrics, including accuracy, sensitivity, specificity, precision, and F1 score, are employed for benchmarking. The ANN achieved perfect classification with 100 % accuracy, while the DT provided a competitive result of 95.56 %. In comparison, SVM and NB demonstrated lower performance under the same conditions. These results highlight the effectiveness of ANN for robust and reliable inverter fault diagnosis, while also showing DT as a strong, lightweight alternative. The contributions of this work include establishing a unified framework for comparing machine learning classifiers under identical operating conditions, validating Clarke transformation features for fault diagnosis in noisy signals, and providing quantified benchmarks to support engineers in selecting suitable diagnostic models. By linking algorithmic performance to practical benefits such as improved reliability and efficiency of inverter-based renewable energy systems, this study offers actionable insights for both researchers and practitioners.",0.0,1.0,all publisherfullgold,All Open Access Gold,,,
2,,Design and prediction of soft-to-hard transitions using bioinspired hierarchical-gradient designs and hybrid stacking machine learning,10.1016/j.compbiomed.2025.111143,Article,,198,,"Shirzad, Masoud;Kang, Juhyun;Bodaghi, Mahdi;Nam, Seung Yun",00104825,Bioinspiration | Hierarchical-gradient structures | Machine learning | Soft-to-hard metamaterials,2-s2.0-105016795213,S0010482525014969,41014674.0,ar,Shirzad M.,60011883;60006029,Pukyong National University;Nottingham Trent University,Busan;Nottingham,South Korea;United Kingdom,4.0,57212722555;58978623300;55867556400;60010604500,60011883;60011883;60006029;60011883,2025-11-01,November 2025,Computers in Biology and Medicine,17957.0,18790534,Journal,,111143,,"The fabrication of soft-to-hard transition phases poses significant challenges due to the disparity in mechanical properties across the interface. Among all soft-to-hard natural tissues, the tendon-to-bone interface is particularly complex, exhibiting both hierarchical and gradient structural characteristics. This study aims to design, fabricate, and optimize bioinspired structures that replicate tendon-to-bone interfaces by investigating their fundamental relationships with their natural counterparts. To achieve this, various designs featuring simple and hierarchical architectures with negative Poisson's ratio (NPR) were integrated with simple and gradient positive Poisson's ratio (PPR) structures to mimic the physical properties of enthesis. The results demonstrated that the novel hierarchical-gradient designs enhanced Young's modulus and failure force by up to 58.1 %. The finite element method (FEM) was employed to accelerate the prediction of mechanical properties, and a hybrid stacking machine learning (HSML) model trained on FEM results further improved the prediction accuracy, achieving an error of 2 %. The HSML method outperformed traditional approaches like decision trees and convolutional neural networks (CNNs) on small datasets, highlighting its suitability for such applications. Additionally, this study demonstrates that mimicking the energy-absorbing interface between natural soft and hard tissues significantly improves both Young's modulus and failure force in these complex structures.",0.0,0.0,,,KHIDI,NRF-2021R1I1A3040459,Korea Health Industry Development Institute
3,,Bald Eagle Search Optimized Deep CNN-Based Routing Scheme for WSN Using IoT-Based Blockchain Technology,10.14445/23488549/IJECE-V12I2P108,Article,,12,,"Sugitha, G.;Maheswari, S.;Karthikeyan, D.;Asha, V.",,BES algorithm | Blockchain | DCNN | IoT | WSN,2-s2.0-86000086065,,,ar,Sugitha G.,60014340;60114378;60104051;60104042,SRM Institute of Science and Technology;New Horizon College of Engineering;Muthayammal Engineering College;Nandha Engineering College,Kattankulathur;Bengaluru;Rasipuram;Erode,India;India;India;India,4.0,56461308100;59396288500;56905411500;35519321500,60104051;60104042;60014340;60114378,2025-02-01,February 2025,Ssrg International Journal of Electronics and Communication Engineering,21101150690.0,23488549,Journal,2,,86-94,"Wireless Sensor Networks (WSN) with changing environments are potentially vulnerable to various forms of threatening cyber-attacks, and they rely heavily on encryption and authentication techniques to tackle this problem. Because of the present changes in routing data, most prevalent routing algorithms face failure in characterizing harmful network nodes. Regarding the cybersecurity challenges of Internet of Things (IoT) devices, it’s a critical desire to identify novel approaches that improve the overall safety of WSNs. A problem that requires consideration is IoT device data storage and secure management. More existing determinations rely on a centralized framework, ecosystems are easy to interfere with, and data obtained from sensors are not authentic. Thus, this work presents a trustworthy and secure inter-correlated routing strategy that depends on the IoT-based blockchain, optimization algorithm, and deep learning techniques. The distributed routing data in the WSN is managed by the blockchain method, which achieves the best possible routing with the assistance of the Bald Eagle Search Optimization (BES) algorithm. The Deep Convolutional Neural Network (DCNN) algorithm makes effective routing decisions based on routing information variations among the nodes. The suggested routing strategy is carried out, and its efficacy is measured using latency, energy usage and throughput parameters. The suggested approach’s performance is enhanced to high efficiency, and it is evaluated for malicious attacks and delays.",0.0,1.0,all publisherfullgold,All Open Access Gold,,,
7,,"Sedimentary environments, mechanical properties, and rock burst risk identification of overburden in deep mines",10.12363/issn.1001-1986.24.04.0279,Article,,52,,"Qiao, Wei;Cheng, Xianggang;Dou, Linming;He, Hu;Meng, Xiangsheng;Ren, Yangyang;Xiao, Chong;Cai, Jin",10011986,energy evolution | machine learning | risk identification | rock burst | sedimentary environment,2-s2.0-85209081099,,,ar,Qiao W.,60073460,China University of Mining and Technology,Xuzhou,China,8.0,57203073743;57219023163;7006661811;55211430000;57951260000;59410893600;59411457200;59410513700,60073460;60073460;60073460;60073460;60073460;60073460;60073460;60073460,2024-10-01,October 2024,Meitiandizhi Yu Kantan Coal Geology and Exploration,25014.0,,Journal,10,,60-71,"[Objective] Disaster risk identification and prediction serve as a prerequisite for disaster control. An engineering geological environment is identified as the fundamental condition inducing dynamic disasters like rock bursts in mines. Exploring the sedimentary genetic mechanisms of engineering geological environments holds great significance for predicting rock burst risks. [Methods] With the Gaojiapu Coal Mine in the Binchang mining area, Shaanxi Province, as a case study, this study analyzed the engineering geological characteristics of rock masses under different sedimentary microfacies. Furthermore, it explored the deformation and failure characteristics of rocks in different sedimentary environments, along with the energy release patterns of rock masses. [Results and Conclusions] The results indicate that the differences in sedimentary environments lead to different rock lithologies and microstructures. The energy evolutionary process during rock loading and failure can be roughly divided into three stages: energy dissipation fluctuation, energy dissipation stabilization, and energy dissipation. The differences in sedimentary microfacies result in significantly varying energy proportions of rocks in the energy dissipation stage. Specifically, fine- and medium-grained sandstones deposited in river channels, along with coarse-grained sandstones in mid-channel bars, contribute relatively more energy at rock failure, accounting for more than 24% of the total strain energy. In contrast, mudstones deposited in the flood plains contribute less energy, representing 14%. Accordingly, nonlinear identification models for rock burst risks were constructed using machine learning algorithms, as well as engineering geological environmental factors such as sedimentary facies, the thickness and burial depth of coal seams, the characteristic parameters of rock layer thickness of the roof, the thickness of hard rock layers in the roof and their distance from coal seams, parameters for quality assessment of rock masses, the capacity dimension of geological structures, the coefficient of lateral pressure, and elastic energy. The models built using four machine learning algorithms, namely backpropagation neural network (BPNN), support vector machine (SVM), decision tree (DT), and Bagging, were comparatively analyzed. They yielded accuracy, macro-F1 scores, and area UNDER the receiver operating characteristic (ROC) curve all exceeding 0.7, suggesting their high accuracy and stability. Moreover, the Bagging-based model outperformed the remaining models. The results demonstrate that rock burst risks can be accurately and effectively identified and predicted using engineering geological environmental factors. This study can provide a reference for the risk assessment of rock bursts in coal mines with similar geologic and mining conditions and offer guidance and a basis for the anti-rock burst pressure relief design for coal mines.",3.0,0.0,,,,,
13,,Optimised machine learning classification model to detect void formations in friction stir welding,10.1016/j.matpr.2023.03.386,Article,,,,"Baruah, Arindam;Borkar, Hemant",,"Classification | Confusion matrix, Cross validation | Friction stir welding | Machine learning | XGBoost classifier",2-s2.0-85151369562,S2214785323014323,,ar,Baruah A.,60104350,Indian Institute of Technology Indore,Indore,India,2.0,57366365300;54913598000,60104350;60104350,2023-01-01,2023,Materials Today Proceedings,21100370037.0,22147853,Journal,,,,"Friction stir welding is a novel solid-state joining process which has been a major area of research due to its applications in joining lightweight alloys. Although this welding process has the inherent advantage of joining alloys at significantly lower temperatures when compared to conventional fusion welding processes, thereby reducing energy consumption and thermal residual stresses, the overall final strength and feasibility of the joint has been found to be highly sensitive to the choice of welding process parameters. Defects such as void formations in friction stir welds are extremely detrimental to the strength of the weld joint as it could lead to catastrophic failures, expensive breakdowns in components, rejection of parts and even loss of lives (Yusof and Jamaluddin, 2014) [1]. These voids in the weld act as discontinuities for the joint as a result of which, the joint strength is severely weakened. Hence, it is of utmost importance to avoid the welding conditions that contribute to the formations of the void defects in structurally critical metallic joints. This study proposes an improved classification model based on a hyperparameter tuned XGBoost classifier algorithm to predict the probability of void formations with raw welding process parameters as inputs. The data set consisted of 108 entries of experimental data collected from past literatures on void formation for the friction stir welding of three aluminium alloys, AA2024, AA2219, and AA6061. While each alloy has unique chemical composition and mechanical properties, the study later identifies that the choice of alloy is amongst the weaker contributors to the presence of void defects. The proposed tuned model could successfully classify the joints containing voids with an accuracy of 90% while both the decision-tree based model and the neural-network based model could classify with an accuracy of 83.3%.",11.0,0.0,,,,,
19,,Fault Diagnosis of Data-Driven Photovoltaic Power Generation System Based on Deep Reinforcement Learning,10.1155/2021/2506286,Article,,2021,,"Dai, Shuang;Wang, Dingmei;Li, Weijun;Zhou, Qiang;Tian, Guangke;Dong, Haiying",1024123X,,2-s2.0-85122079668,,,ar,Dai S.,60009806;60303938,Lanzhou Jiaotong University;State Grid Gansu Electric Power Company Material Company,Lanzhou;Lanzhou,China;China,6.0,57393018800;57209258389;57393168600;55722141100;35220792700;36985431700,60009806;60303938;60009806;60303938;60009806;60009806,2021-01-01,2021,Mathematical Problems in Engineering,13082.0,15635147,Journal,,2506286,,"Aiming at the problem of fault diagnosis of the photovoltaic power generation system, this paper proposes a photovoltaic power generation system fault diagnosis method based on deep reinforcement learning. This method takes data-driven as the starting point. Firstly, the compressed sensing algorithm is used to fill the missing photovoltaic data and then state, action, strategy, and return functions from the environment. Based on the interaction rules and other factors, the fault diagnosis model of the photovoltaic power generation system is established, and the deep neural network is used to approximate the decision network to find the optimal strategy, so as to realize the fault diagnosis of the photovoltaic power generation system. Finally, the effectiveness and accuracy of the method are verified by simulation. The simulation results show that this method can accurately diagnose the fault types of the photovoltaic power generation system, which is of great significance to enhance the security of the photovoltaic power generation system and improve the intelligent operation and maintenance level of the photovoltaic power generation system.",13.0,1.0,all publisherhybridgold repository repositoryam,All Open Access Hybrid Gold Green,,,
24,,Fault Type and Position Diagnosis Method of High-voltage Disconnectors Based on ReliefF Characteristic Quantity Optimization and BP Neural Network Recognition,10.13296/j.1001-1609.hva.2018.02.003,Article,,54,,"Zhang, Yiming;Li, Shaohua;Chen, Shigang;Gao, Qunwei;Song, Yakai;Zhang, Wentao;Li, Hongtao;Guan, Yonggang",10011609,BP neural network | Energy moment | Feature fusion | High voltage disconnectors | ReliefF optimization,2-s2.0-85057388290,,,ar,Zhang Y.,60025278;60022381;60004246;60113356,"Tsinghua University;Beijing Jiaotong University;State Grid Corporation of China;Pinggao Group Co., Ltd.",Beijing;Beijing;Beijing;Pingdingshan,China;China;China;China,8.0,59648374400;56344904900;57203536909;57189333361;57199941805;56953681700;59662814200;8691052200,60113356;60113356;60022381;60113356;60113356;60113356;60004246;60025278,2018-02-16,16 February 2018,Gaoya Dianqi High Voltage Apparatus,13225.0,,Journal,2,,12-19,"Aiming at the problem of the type and the location of mechanical failure of high-voltage disconnectors are difficult to be effectively identified,a fault diagnosis method based on ReliefF algorithm is proposed to optimize the multi-channel vibration characteristics and utilize BP neural network fusion decision. First,simulating the failure through the tests and the install multi-point vibration sensors in the disconnectors body and the operating mechanism to collect the vibration signals of different locations. Then the vibration signals collected by a plurality of sensors are conducted with EMD to obtain the intrinsic modal function. And calculating the energy moment and integrating the energy-moment of the multi-channel signals. Finally,the ReliefF algorithm is used for extracting the principal com- ponents to construct the input feature vector of the BP neural network,so as to realize the fault type and the position diagnosis. The experimental results show that the multi-channel sensor feature fusion has a better adaptability and classification ability for the different faults of disconnectors than the single-channel signal feature extraction has, which can diagnose the type and the location of the fault and improve the diagnostic accuracy.",21.0,0.0,,,,,
25,,Fault diagnosis model for biological electric shock based on residual current intrinsic mode function energy features,10.11975/j.issn.1002-6819.2016.21.027,Article,,32,,"Wang, Jinli;Liu, Yongmei;Du, Songhuai;Guan, Haiou;Liu, Guangeng;Su, Juan;Han, Xiaohui;Wang, Li",10026819,Biological shock failure | Electric current control | Electric power systems | Energy features | Fuzzy neural networks | Intrinsic mode function components | Mode diagnosis model | Models | Residual current,2-s2.0-84994527595,,,ar,Wang J.,60013551;60016518;60104280,China Agricultural University;China Electric Power Research Institute;Heilongjiang Bayi Agricultural University,Beijing;Beijing;Mishan,China;China;China,8.0,36807192700;55014068000;12789699300;35789903100;56909078600;37051254400;55450959200;57191494287,60016518;60016518;60013551;60104280;60013551;60013551;60013551;60016518,2016-11-01,1 November 2016,Nongye Gongcheng Xuebao Transactions of the Chinese Society of Agricultural Engineering,62499.0,,Journal,21,,202-208,"Residual current operated protective devices (RCDs) have a wide range of application in low-voltage power grids. RCDs play an important role in preventing electric shock hazard and avoiding fire disaster caused by ground fault. In general, the root mean square (RMS) value of whole leakage current signal detected is considered as the unique criterion to determine whether the protector acts or not. The traditional RCDs cannot classify and identify electric shock fault type automatically based on whole leakage current signal. Theoretical analysis and operation experience indicate that such a criterion is unavailable in identification if an organism electric shock fault has occurred. The uncertain potential regularity and mapping relations exist between the biological shock fault diagnosis and residual current. To decrease the malfunction and tripping phenomenon and increase the reliability and the rate of proper commissioning for RCDs, a fault diagnosis model for biological electric shock based on residual current intrinsic mode function (IMF) multidimensional energy features is proposed innovatively for residual current protection technologies in the future low-voltage power grid. First, the electric shock current of organism (animal) is decomposed into five IMF components and one residual component by Hilbert-Huang transform method. The energy share of low frequency component IMF4 and IMF5 is as high as 86.35%, which can meet the needs of more than 86% for the measured signal, and the correlation coefficient of the amplitude of the low frequency IMF components is up to 0.99 or more. And the distribution of IMF energy on time and various frequency scales is made clear when the biological electric shock fault occurs. Residual current signal performance information is converted into energy feature vectors. The extraction method of IMF energy features in residual current is established. Then, the five-dimensional energy eigenvector in each residual current IMF component is selected to provide effective characteristics information source for biological shock fault diagnosis model. By combining the rapid optimization of quantum genetic computation and the self-adaptability of neural computation, the quantum genetic fuzzy neural network is established as the decision system of electric shock failure mode classification. The method has the advantages of self-adaptive resolution, good fault tolerance, high robustness and high accuracy. And the accuracy of simulation experiment reaches 100%, and the method avoids the local minimum of traditional gradient descent learning algorithm and improves the learning efficiency. The network error is 0.00099758 when the optimal learning algorithm is iterated to 1 156 times, which meets the error accuracy requirement. The problem that the electric shock fault type is not identified effectively in the engineering is resolved using this method. The reliable theoretical basis and supporting method for developing new generation residual current protection device are provided to ensure the personal safety and the safe operation of the low-voltage power grid, which is based on the action being caused by electric current component of the human body electric shock.",21.0,0.0,,,,,
1,,Safety-Aware Semi-End-to-End Coordinated Decision Model for Voltage Regulation in Active Distribution Network,10.1109/TSG.2022.3207561,Article,,14,,"Sang, Linwei;Xu, Yinliang;Long, Huan;Wu, Wenchuan",19493053,active distribution network | neural network | prediction model | safety awareness | Semi-end-to-end learning | voltage regulation,2-s2.0-85139428219,,,ar,Sang L.,60025278;60005244,Tsinghua University;Southeast University,Beijing;Nanjing,China;China,4.0,57216133703;36992824000;55121913500;56195909500,60025278;60025278;60005244;60025278,2023-05-01,1 May 2023,IEEE Transactions on Smart Grid,19700170610.0,19493061,Journal,3,,1814-1826,"Prediction plays a vital role in the active distribution network voltage regulation under the high penetration of photovoltaics. Current prediction models aim at minimizing individual prediction errors but overlook their collective impacts on downstream decision-making. Hence, this paper proposes a safety-aware semi-end-to-end coordinated decision model to bridge the gap from the downstream voltage regulation to the upstream multiple prediction models in a coordinated differential way. The semi-end-to-end model maps the input features to the optimal var decisions via prediction, decision-making, and decision-evaluating layers. It leverages the neural network and the second-order cone program (SOCP) to formulate the stochastic PV/load predictions and the var decision-making/evaluating separately. Then the var decision quality is evaluated via the weighted sum of the power loss for economy and the voltage violation penalty for safety, denoted by regulation loss. Based on the regulation loss and prediction errors, this paper proposes the hybrid loss and hybrid stochastic gradient descent algorithm to back-propagate the gradients of the hybrid loss with respect to multiple predictions for enhancing decision quality. Case studies verify the effectiveness of the proposed model with lower power loss for economy and lower voltage violation rate for safety awareness.",14.0,0.0,,,NSFC,52277107,National Natural Science Foundation of China
0,,Modeling the activities of the operating personnel in the process of managing production facilities of the fuel and energy complex,10.24000/0409-2961-2021-4-87-92,Article,,2021,,"Alekin, D. Yu;Krivova, M. A.",04092961,Algorithm | Identification | Incident | Information | Management | Model | Operator | Parameter,2-s2.0-85108006422,,,ar,Alekin D.Y.,60021885,Samara State Technical University,Samara,Russian Federation,2.0,57216565651;57224560909,60021885;60021885,2021-01-01,2021,Bezopasnost Truda V Promyshlennosti,28662.0,26585537,Journal,4,,87-92,"Most of the enterprises of the fuel and energy complex are cont-rolled using the automated system that identifies information about the state of the control object, transforms it, makes a control decision and transfers it to the control object. The model of such a system was developed — it consists of 13 blocks. Systematic approach to its building based on the use of linear and nonlinear programming methods is proposed. In some cases, in the event of emergency situations, it becomes difficult for the automated system to make management decisions, and it grants this right to the human operator. The algorithm for solving the problem by the operator was created. For the convenience of its formalization, it was simplified to four basic operations. In the first operation, the information is identified and presented in the formalized form. At the second stage, the information is decoded. Further, the information is analyzed. At the fourth stage, automatic systems turn off and switch to a backup (manual) information control algorithm. The control model is formed based on the mismatch of the current and set values of the object parameters. This is followed by the processing of information, after which the output signal is generated. There are two possible control options — discrete and continuous parameters. The output signal is generated based on the input signal. The analysis of the process of information perception includes two aspects: determining the time of arrival of information and ob-taining the necessary data for establishing the algorithm for working actions. The staff forms the required base and conditions for the implementation of these aspects. The output signal control function is built. The expression is obtained for determining the condition, after which the person starts to control. With the developed form of control, the mismatch of the parameters at some point in time tends to zero. Thus, the mechanism for the implementation of human actions in an automated control system was investigated from the moment the «alarm» signal arrives to the formation of tasks by the manager.",0.0,0.0,,,,,
1,,Designing Effective and Accessible Consumer Protections against Unfair Treatment in Markets where Automated Decision Making is used to Determine Access to Essential Services: A Case Study in Australia's Housing Market,10.1145/3461702.3462468,Conference Paper,,,,"Przhedetsky, Linda",,algorithms | automated decision making | automation | essential services | regulation,2-s2.0-85112403116,,,cp,Przhedetsky L.,60023932,University of Technology Sydney,Sydney,Australia,1.0,57226717125,60023932,2021-07-21,21 July 2021,Aies 2021 Proceedings of the 2021 Aaai ACM Conference on AI Ethics and Society,21101055752.0,,Conference Proceeding,,,279-280,"The use of data-driven Automated Decision Making (ADM) to determine access to products or services in competitive markets can enhance or limit access to equality and fair treatment. In cases where essential services such housing, energy and telecommunications, are accessed through a competitive market, consumers who are denied access to one or more of these services may not be able to access a suitable alternative if there are none available to match their needs, budget, and unique circumstances. Being denied access to an essential service such as electricity or housing can be an issue of life or death. Competitive essential services markets therefore illuminate the ways that using ADM to determine access to products or services, if not balanced by appropriate consumer protections, can cause significant harm. My research explores existing and emerging consumer protections that are effective in preventing consumers being harmed by ADM-facilitated decisions in essential services markets.",3.0,0.0,,,,,
0,,Towards artificial intelligence at scale in the chemical industry,10.1002/aic.17644,Article,,68,,"Chiang, Leo H.;Braun, Birgit;Wang, Zhenyu;Castillo, Ivan",00011541,artificial intelligence | fault diagnosis | industrial applications | machine learning | optimization,2-s2.0-85125192017,,,ar,Chiang L.H.,60009165,The Dow Chemical Company,Midland,United States,4.0,7101715303;36456841900;55976335400;35174380700,60009165;60009165;60009165;60009165,2022-06-01,June 2022,Aiche Journal,16275.0,15475905,Journal,6,e17644,,"In the Industry 4.0 era, the chemical industry is embracing broad adoption of artificial intelligence (AI) and machine learning (ML) methods. This article provides a holistic view of how the industry is transforming digitally towards AI at scale. First, a historical perspective on how the industry used AI to aid humans in better decision-making is shown. Then state-of-the-art AI research addressing industrial needs on reliability and safety, process optimization, supply chain, material discovery, and reaction engineering is highlighted. Finally, a vision of the plant of the future is illustrated with critical components of AI-ready culture, model life cycle management, and renewed role of humans in chemical manufacturing.",43.0,0.0,,,,,
0,,"Practice With Less AI Makes Perfect: Partially Automated AI During Training Leads to Better Worker Motivation, Engagement, and Skill Acquisition",10.1080/10447318.2024.2319914,Article,,41,,"Passalacqua, Mario;Pellerin, Robert;Yahia, Esma;Magnani, Florian;Rosin, Frédéric;Joblot, Laurent;Léger, Pierre Majorique",10447318,Human-centered AI | industry 5.0 | motivation | self-determination theory | training curriculum,2-s2.0-86000389395,,,ar,Passalacqua M.,60019141;60103671;60002970;60107071;60116450,Polytechnique Montréal;Arts et Metiers Institute of Technology;HEC Montréal;Centre d'Etudes et de Recherche en Gestion d'Aix-Marseille;LISPEN Laboratoire d'Ingénierie des Systèmes Physiques et Numériques,Montreal;Paris;Montreal;Aix-en-Provence;Aix-en-Provence,Canada;France;Canada;France;France,7.0,57204581475;23486421800;36706890000;57205598299;57211458768;57196085271;57202616738,60019141;60019141;60116450;60107071;60116450;60103671;60002970,2025-01-01,2025,International Journal of Human Computer Interaction,19420.0,15327590,Journal,4,,2268-2288,"The increased prevalence of human-AI collaboration is reshaping the manufacturing sector, fundamentally changing the nature of human work and training needs. While high automation improves performance when functioning correctly, it can lead to problematic human performance (e.g., defect detection accuracy, response time) when operators are required to intervene and assume manual control of decision-making responsibilities. As AI capability reaches higher levels of automation and human–AI collaboration becomes ubiquitous, addressing these performance issues is crucial. Proper worker training, focusing on skill-based, cognitive, and affective outcomes, and nurturing motivation and engagement, can be a mitigation strategy. However, most training research in manufacturing has prioritized the effectiveness of a technology for training, rather than how training design influences motivation and engagement, key to training success and longevity. The current study explored how training workers using an AI system affected their motivation, engagement, and skill acquisition. Specifically, we manipulated the level of automation of decision selection of an AI used for the training of 102 participants for a quality control task. Findings indicated that fully automated decision selection negatively impacted perceived autonomy, self-determined motivation, behavioral task engagement, and skill acquisition during training. Conversely, partially automated AI-enhanced motivation and engagement, enabling participants to better adapt to AI failure by developing necessary skills. The results suggest that involving workers in decision-making during training, using AI as a decision aid rather than a decision selector, yields more positive outcomes. This approach ensures that the human aspect of manufacturing work is not overlooked, maintaining a balance between technological advancement and human skill development, motivation, and engagement. These findings can be applied to enhance real-world manufacturing practices by designing training programs that better develop operators’ technical, methodological, and personal skills, though companies may face challenges in allocating substantial resources for training redevelopment and continuously adapting these programs to keep pace with evolving technology.",17.0,1.0,all publisherhybridgold repository repositoryam,All Open Access Hybrid Gold Green,IVADO,PRF-2021-05,Institut de Valorisation des Données
1,,Machine learning-enhanced multi-gas discrimination with a miniaturized MOS sensor array,10.1007/s10825-025-02354-x,Article,,24,,"Nguyen, Ngoc Viet;Nguyen, Viet Chien;Le, Huy Minh;Nguyen, Van Hieu",15698025,Air quality monitoring | Data augmentation | Gas discrimination | Machine learning | MOS sensors,2-s2.0-105007978560,,,ar,Nguyen N.V.,60112782;122427243,Phenikaa University;Phenikaa Research and Technology Institute (PRATI),Hanoi;Hanoi,Viet Nam;Viet Nam,4.0,57194186619;59943540200;55246073400;59676869400,60112782-122427243;60112782;60112782;60112782-122427243,2025-08-01,August 2025,Journal of Computational Electronics,144926.0,15728137,Journal,4,117,,"Accurate and miniaturized gas sensing has become increasingly essential for real-time environmental monitoring and industrial safety. This study proposes a computationally enhanced microelectronic gas sensing platform that combines a compact metal oxide semiconductor (MOS) sensor array with machine learning algorithms for selective multi-gas detection. The core of the system is the MICS4514 sensor, which integrates two miniaturized MOS sensing elements into a single package, enabling detection of carbon monoxide, nitrogen dioxide (NO₂), ammonia (NH₃), and hydrogen (H₂) across various concentration levels. Sensor output data were processed using several supervised machine learning models, including Decision Tree, Random Forest, Quadratic Discriminant Analysis (QDA), and Gradient Boosting. While QDA yielded the highest accuracy in initial classifications, data augmentation strategies significantly improved GB's performance, achieving 100% accuracy in gas discrimination. In addition, linear regression analysis was employed to estimate gas concentrations, demonstrating its feasibility for quantitative sensing. This integration of microscale sensor technology and data-driven computational modeling underscores the potential of embedded intelligence in low-power, cost-effective gas sensors. The approach presented here supports the development of scalable on-chip sensing solutions for smart electronics and Internet-of-Things (IoT)-enabled environmental surveillance systems.",0.0,0.0,,,NAFOSTED,103.05-2021.103,National Foundation for Science and Technology Development
4,,An artificial intelligence-based approach for an urgent detection of the pesticide responsible of intoxication,10.56294/dm2023114,Article,,2,,"Ghanimi, Rajae;Ghanimi, Fadoua;Ghanimi, Ilyas;Soulaymani, Abdelmajid",,Artificial Intelligence | Diagnostics | Emergencies | Machine Learning | Pesticide | Triage Room,2-s2.0-85183196614,,,ar,Ghanimi R.,60011066,Université Ibn Tofail,Kenitra,Morocco,4.0,58838396100;55200346800;57202353111;57220343601,60011066;60011066;60011066;60011066,2023-01-20,20 January 2023,Data and Metadata,21101176015.0,29534917,Journal,,114,,"Acute poisoning by pesticides in Morocco is an important public health issue, because the use of pesticides has become both massive and anarchic. This is the cause of deaths whose incidence is unfortunately increasing. Unfortunately, these deaths are not always accidental. Pesticides are also used as a means of suicide; according to the WHO, these are means suicide chemicals most used in the world, since, out of the 800 000 suicides recorded per year, more than a third are caused by this type of product. Even more serious, these suicides are currently being observed among children and teenagers. Faced with this alarming figure, and in order to prevent deaths and improve emergency treatment of cases of pesticide poisoning, it becomes important to use the potential of artificial intelligence in the treatment of these admissions. Our approach is essentially based on machine learning algorithms, including decision support software capable of predicting, based on major clinical signs, the most likely pesticide responsible of the intoxication in the triage room. This, before moving on to the confirmation stage based on biological and toxicological investigations, which are often costly and time-consuming.",3.0,1.0,all publisherfullgold,All Open Access Gold,,,
6,,Clot Analog Attenuation in Non-contrast CT Predicts Histology: an Experimental Study Using Machine Learning,10.1007/s12975-019-00766-z,Article,,11,,"Velasco Gonzalez, Aglae;Buerke, Boris;Görlich, Dennis;Fobker, Manfred;Rusche, Thilo;Sauerland, Cristina;Meier, Norbert;Jeibmann, Astrid;McCarthy, Ray;Kugel, Harald;Sporns, Peter;Faldum, Andreas;Paulus, Werner;Heindel, Walter",18684483,Blood clot | Decision trees | Helical CT | Iron | Red blood cells,2-s2.0-85077857805,,31933117.0,ar,Velasco Gonzalez A.,60000401;60006490;121696237,University of Münster;Universitätsklinikum Münster;Galway Neuro Technology Centre,Munster;Munster;Galway,Germany;Germany;Ireland,14.0,55655574000;16686342100;39261410500;6603698865;57213602404;6603581405;7003818317;12787077600;57208556288;26643516600;56543192000;55918406600;55235611500;7103087624,60006490;60006490;60000401;60006490;60006490;60000401;60006490;60006490;121696237;60006490;60006490;60000401;60006490;60006490,2020-10-01,1 October 2020,Translational Stroke Research,19400158804.0,1868601X,Journal,5,,940-949,"Exact histological clot composition remains unknown. The purpose of this study was to identify the best imaging variables to be extrapolated on clot composition and clarify variability in the imaging of thrombi by non-contrast CT. Using a CT-phantom and covering a wide range of histologies, we analyzed 80 clot analogs with respect to X-ray attenuation at 24 and 48 h after production. The mean, maximum, and minimum HU values for the axial and coronal reconstructions were recorded. Each thrombus underwent a corresponding histological analysis, together with a laboratory analysis of water and iron contents. Decision trees, a type of supervised machine learning, were used to select the primary variable altering attenuation and the best parameter for predicting histology. The decision trees selected red blood cells (RBCs) for correlation with all attenuation parameters (p < 0.001). Conversely, maximum attenuation on axial CT offered the greatest accuracy for discriminating up to four groups of clot histology (p < 0.001). Similar RBC-rich thrombi displayed variable imaging associated with different iron (p = 0.023) and white blood cell contents (p = 0.019). Water content varied among the different histologies but did not in itself account for the differences in attenuation. Independent factors determining clot attenuation were the RBCs (β = 0.33, CI = 0.219–0.441, p < 0.001) followed by the iron content (β = 0.005, CI = 0.0002–0.009, p = 0.042). Our findings suggest that it is possible to extract more and valuable information from NCCT that can be extrapolated to provide insights into clot histological and chemical composition.",20.0,0.0,,,WWU,,Western Washington University
1,,Deployable machine learning-based decision support system for tracheostomy in acute burn patients,10.1093/burnst/tkaf010,Article,,13,,"Li, Haisheng;Zhen, Ni;Lin, Shixu;Li, Ning;Zhang, Yumei;Luo, Wei;Zhang, Zhenzhen;Wang, Xingang;Han, Chunmao;Yuan, Zhiqiang;Luo, Gaoxing",,Artificial intelligence | Burns | Decision support system | Machine learning | Tracheostomy,2-s2.0-105005362064,,,ar,Li H.,60118432;60073512;60342338,The Second Affiliated Hospital Zhejiang University School of Medicine;Southwestern Hospital Chongqing;Zhejiang University School of Public Health,Hangzhou;Chongqing;Hangzhou,China;China;China,11.0,56801312700;59900319000;57787354700;57205514999;59773513400;59533059900;59900044100;46261687700;55887839300;7401477155;11139448100,60073512;60073512;60342338;60073512;60073512;60073512;60118432;60118432;60118432;60073512;60073512,2025-01-01,2025,Burns and Trauma,21101039773.0,23213876,Journal,,tkaf010,,"Background. Airway obstruction is a common emergency in acute burns with high mortality. Tracheostomy is the most effective method to keep patency of airway and start mechanical ventilation. However, the indication of tracheostomy is challenging and controversial. We aimed to develop and validate a deployable machine learning (ML)-based decision support system to predict the necessity of tracheostomy for acute burn patients. Methods. We enrolled 1011 burn patients from Southwest Hospital (2018–20) for model development and feature selection. The final model was validated on an independent internal cross-temporal cohort (2021, n = 274) and an external cross-institutional cohort (Second Affiliated Hospital of Zhejiang University School of Medicine 2020–21, n = 376). To improve the model’s deployment and interpretability, an ML-based nomogram, an online calculator, and an abbreviated scale were constructed and validated. Results. The optimal model was the eXtreme Gradient Boosting classifier (XGB), which achieved an AUROC of 0.973 and AUPRC of 0.879 in training dataset, and AUROCs of greater than 0.95 in both cross-temporal and cross-institutional validation. Moreover, it kept stable discriminatory ability in validation subgroups stratified by sex, age, burn area, and inhalation injury (AUROC ranging 0.903–0.990). The analysis of calibration curve, decision curve, and score distribution proved the feasibility and reliability of the ML-based nomogram, abbreviated scale (BETS), and online calculator. Conclusions. The developed system has strong predictive ability and generalizability in cross-temporal and cross-institutional evaluations. The nomogram, online calculator, and abbreviated scale based on ML show comparable prediction performance and can be deployed in broader application scenarios, especially in resource-limited clinical environments.",3.0,1.0,all publisherfullgold repository repositoryam,All Open Access Gold Green,,cstc2019jcyjcxttX0001,Natural Science Foundation of Chongqing Municipality
2,,Identification and validation of cuproptosis-related genes in acetaminophen-induced liver injury using bioinformatics analysis and machine learning,10.3389/fimmu.2024.1371446,Article,,15,,"Guo, Zhenya;Liu, Jiaping;Liang, Guozhi;Liang, Haifeng;Zhong, Mingbei;Tomlinson, Stephen;He, Songqing;Ouyang, Guoqing;Yuan, Guandou",,acetaminophen-induced liver injury | cuproptosis | immune infiltration | machine learning | mitochondria,2-s2.0-85198074863,,38994365.0,ar,Guo Z.,60005447;60002821;60121618,College of Medicine;Guangxi Medical University;The First Affiliated Hospital of Guangxi Medical University,Charleston;Nanning;Nanning,United States;China;China,9.0,57202510615;58697455800;59212102600;59213518900;59212308300;7101668464;13613500300;57188654592;57202512960,60121618-60002821;60121618-60002821;60121618-60002821;60121618-60002821;60121618-60002821;60005447;60121618-60002821;60121618-60002821;60121618-60002821,2024-01-01,2024,Frontiers in Immunology,21100229161.0,16643224,Journal,,1371446,,"Background: Acetaminophen (APAP) is commonly used as an antipyretic analgesic. However, acetaminophen overdose may contribute to liver injury and even liver failure. Acetaminophen-induced liver injury (AILI) is closely related to mitochondrial oxidative stress and dysfunction, which play critical roles in cuproptosis. Here, we explored the potential role of cuproptosis-related genes (CRGs) in AILI. Methods: The gene expression profiles were obtained from the Gene Expression Omnibus database. The differential expression of CRGs was determined between the AILI and control samples. Protein protein interaction, correlation, and functional enrichment analyses were performed. Machine learning was used to identify hub genes. Immune infiltration was evaluated. The AILI mouse model was established by intraperitoneal injection of APAP solution. Quantitative real-time PCR and western blotting were used to validate hub gene expression in the AILI mouse model. The copper content in the mouse liver samples and AML12 cells were quantified using a colorimetric assay kit. Ammonium tetrathiomolybdate (ATTM), was administered to mouse models and AML12 cells in order to investigate the effects of copper chelator on AILI. Results: The analysis identified 7,809 differentially expressed genes, 4,245 of which were downregulated and 3,564 of which were upregulated. Four optimal feature genes (OFGs; SDHB, PDHA1, NDUFB2, and NDUFB6) were identified through the intersection of two machine learning algorithms. Further nomogram, decision curve, and calibration curve analyses confirmed the diagnostic predictive efficacy of the four OFGs. Enrichment analysis indicated that the OFGs were involved in multiple pathways, such as IL-17 pathway and chemokine signaling pathway, that are related to AILI progression. Immune infiltration analysis revealed that macrophages were more abundant in AILI than in control samples, whereas eosinophils and endothelial cells were less abundant. Subsequently, the AILI mouse model was successfully established, and histopathological analysis using hematoxylin-eosin staining along with liver function tests revealed a significant induction of liver injury in the APAP group. Consistent with expectations, both mRNA and protein levels of the four OFGs exhibited a substantial decrease. The administration of ATTAM effectively mitigates copper elevation induced by APAP in both mouse model and AML12 cells. However, systemic administration of ATTM did not significantly alleviate AILI in the mouse model. Conclusion: This study first revealed the potential role of CRGs in the pathological process of AILI and offered novel insights into its underlying pathogenesis.",6.0,1.0,all publisherfullgold repository repositoryvor,All Open Access Gold Green,GXMU,82360320,Guangxi Medical University
0,,Performance evaluation of machine learning algorithms and impact of activation functions in artificial neural network classifier for bearing fault diagnosis,10.1177/10775463241235778,Article,,31,,"Rayjade, Ganesh;Bhagure, Amit;Kushare, Prashant B.;Bhandare, Ramesh;Matsagar, Vilas;Chaudhari, Ashutosh",10775463,artificial neural network | bearing | Fault diagnosis | machine learning | vibration,2-s2.0-85186603736,,,ar,Rayjade G.,60097116,K. K. Wagh Institute of Engineering Education & Research,Nashik,India,6.0,58917401300;58917619200;24175764000;57238222100;58809297900;59866505700,60097116;60097116;60097116;60097116;60097116;60097116,2025-05-01,May 2025,JVC Journal of Vibration and Control,13034.0,17412986,Journal,9-10,,1859-1873,"Machine learning algorithms are used to identify the bearing condition. In this work, different machine learning techniques such as decision tree, logistic regression, support vector machine (SVM), and artificial neural network (ANN) are used and compared to find healthy and faulty conditions of the bearing. The identification of the condition of the bearing is based on vibrations recorded using Fast Fourier Transform Analyzer. The vibration data recorded for the bearings have been used to categorize the condition of the bearing as healthy or faulty by applying machine learning techniques. The dataset of healthy and faulty bearings is collected using a four-channel Fast Fourier Transform Analyzer (FFT) analyzer. However, the statistical feature extraction technique has been used to evaluate the accuracy and performance of artificial neural network, support vector machine, logistic regression, and decision tree algorithms based on their classification accuracy and total costs. The result of the work reveals that the performance of the activation function based artificial neural network (ANN-AF) and SVM algorithm is better than logistic regression and decision tree models. However, it is observed that the use of appropriate activation functions within the ANN-AF technique improves the accuracy of the machine learning model.",8.0,0.0,,,,,
3,,XGBoost algorithm based estimation of near surface mounted FRP rod-to-concrete bond strength and failure mode,10.1016/j.jobe.2024.109418,Article,,90,,"Kumar, Aman;Arora, Harish Chandra;Nehdi, Moncef L.",,Bond strength | Data-driven model | Epoxy bonded | Failure type | FRP rod | Machine learning | NSM | Strengthening | XGBoost,2-s2.0-85191312599,S2352710224009860,,ar,Kumar A.,60121522;60106385;60017560,"Academy of Scientific and Innovative Research (AcSIR);McMaster University, Faculty of Engineering;Central Building Research Institute India",Ghaziabad;Hamilton;Roorkee,India;Canada;India,3.0,57189224222;57541182300;7004176002,60121522-60017560;60121522-60017560;60106385,2024-08-01,1 August 2024,Journal of Building Engineering,21100389518.0,23527102,Journal,,109418,,"Using fiber-reinforced polymer (FRP) in reinforced concrete (RC) structures can mitigate the colossal repair costs due to reinforcing steel corrosion. Hence, FRP rod/bar is gaining wider applications in diverse RC structures as a partial or full replacement for steel rebar. The FRP rod-to-concrete interfacial bond is pivotal in transferring stresses from concrete to FRP rods. This study develops a novel prediction model to estimate the near surface mounted FRP rod-to-concrete bond strength as well as the failure type using five machine learning (ML) algorithms, namely, linear regression, decision tree, gradient boosting tree, random forest, and extreme gradient boosting (XGB). The performance of the developed models was compared with that of four bond strength design guidelines and one analytical model. A database comprising 416 experimental datasets was constructed and used for model training and validation. Based on statistical performance metrics, the precision of the XGB algorithm was superior to that of the other ML models, design guidelines, and analytical model. Feature importance analysis based on the SHapley Additive exPlanations theory and partial dependence plot was performed. The results show that the bond length had the most significant influence on the bond strength, followed by the tensile strength of the FRP composite, diameter of the FRP rod, compressive strength of concrete, and elastic modulus of the FRP composite. A graphical user interface was developed and offers a user friendly, free access, and simple tool for estimating the bond strength and failure type of FRP rods in concrete.",13.0,1.0,all publisherhybridgold,All Open Access Hybrid Gold,,,
6,,Miniature Gas-Sensing Array Employed for the Discharge Fault Diagnosis of Air-Insulated Equipment,10.19595/j.cnki.1000-6753.tces.L10079,Article,,38,,"Wang, Qiongyuan;Chu, Jifeng;Li, Qiulin;Yang, Aijun;Yuan, Huan;Rong, Mingzhe;Wang, Xiaohua",10006753,Air insulation | discharge fault simulation | fault diagnosis | micro sensor array | NO2 detection,2-s2.0-85183207322,,,ar,Wang Q.,60018308,Xi'an Jiaotong University,Xi'an,China,7.0,57222229467;57195488537;58845679900;54783818700;57188669087;55670729700;57204689485,60018308;60018308;60018308;60018308;60018308;60018308;60018308,2023-12-01,December 2023,Diangong Jishu Xuebao Transactions of China Electrotechnical Society,15504.0,,Journal,23,,6494-6502,"As a natural insulating gas, air is widely used in power equipment (switchgear, ring cabinets, etc.). It will produce characteristic decomposition products represented by NO<inf>2</inf> when the power equipment occurs internal faults. The content of composition reflects the severity of the discharge fault. Therefore, the detection of gas decomposition products is helpful to the stable operation of power equipment. The cross-sensitivity of the sensor materials towards NO<inf>2</inf> and CO have seriously restricted the accuracy of fault diagnosis. To address these issues, this paper develops a miniature gas-sensing array with high sensitivity and great reliability, which aimed for the discharge fault diagnosis of air-insulated equipment. This paper has simulated 15 air discharge faults including corona discharge, spark discharge, and arc discharge at different voltage levels and durations. After that, Fourier infrared tests were performed on the 15 gas samples. However, there has no apparent absorption peak of CO and O<inf>3</inf> in the infrared absorption spectrum. The absorption peak in 1 650～1 550 cm<sup>-1</sup> band corresponds to the antisymmetric stretching vibration of O＝N＝O chemical bond. This indicates the presence of NO<inf>2</inf> in the decomposition products of air. Besides, discharge with different voltages and times shows significant differences in the content of NO<inf>2</inf>. To discriminate fault characteristic gases, this paper has integrated a micro sensor array loaded with four gas-sensitive nanomaterials (10%WO<inf>3</inf>-10%SnCl<inf>2</inf>-In<inf>2</inf>O<inf>3</inf>, 5%NiO-10%SnCl<inf>2</inf>-In<inf>2</inf>O<inf>3</inf>, 10%TiO<inf>2</inf>-10%SnCl<inf>2</inf>-In<inf>2</inf>O<inf>3</inf> and 5%SnO<inf>2</inf>-10%SnCl<inf>2</inf>-In<inf>2</inf>O<inf>3</inf>). Then the paper obtains the repeatable gas response recovery curves under different discharge faults, which lays the foundation for the construction of gas identification model. The results demonstrate that the higher voltage and the longer discharge time means the larger response value of sensor array. Accordingly, it is further proved that the higher air-discharge voltages and times generates more characteristic decomposition gas. In addition, t-SNE dimensionality reduction has been employed to explore the identification ability of miniature gas-sensing array. The identification results of different air discharge faults are 84.88%, 81.82%, 76.86%, and 81.32% by four machine learning algorithms (Extra Tree, Decision Tree, KNN, and RF) respectively. And the recognition ability of the micro gas sensing array for partial discharge and arc discharge is slightly higher than that of spark discharge. The essential reason can be ascribed to the saturation of NO<inf>2</inf> in the process of multiple spark discharges. The following conclusions can be drawn from the simulation analysis: (1) The FTIR of air discharge products shows that the arc discharge (200～400 μL/L) produces more NO<inf>2</inf> than corona and spark discharge (10～50 μL/L). Besides, the NO<inf>2</inf> concentration increases with the increase of discharge voltage and discharge time (times). (2) Compared with corona and spark discharge, the response value of the micro sensor array towards arc discharge products (6 kV, 4 033%) is nearly 3 times higher than that of spark discharge (15 kV, 5 times, 1 142.8%). (3) After the feature reduction of 10-dimensional PCA, we compared four machine learning algorithms, and found that the Extra Tree algorithm obtained the best identification accuracy of air discharge fault (84.88%).",7.0,0.0,,,,,
7,,Missing IoT Data Prediction with Machine Learning Techniques,10.31202/ecjse.1135485,Article,,9,,"Azizoğlu, Fatma;Ünsal, Emre",,Internet of Things (IoT) | machine learning | medical waste | missing data imputation | Missing data prediction,2-s2.0-85146882675,,,ar,Azizoğlu F.,60014110,Cumhuriyet Üniversitesi,Sivas,Turkey,2.0,57207256997;57188860087,60014110;60014110,2022-12-31,31 December 2022,El Cezeri Journal of Science and Engineering,21101027394.0,21483736,Journal,4,,1388-1397,"Every day, the amount of data generated by industrial applications based on the Internet of Things (IoT) grows. However, data acquired because of failures and communication disconnections in IoT devices might be noisy, inaccurate, and incomplete. These issues have become crucial for data production, quality, processing, and analysis. The datasets used in the scope of this study were collected in real-time from the water neutralizer system of Sivas Numune Hospital, which converts medical waste into household waste. Medical liquid wastes in hospitals are exposed to chemical neutralization process by means of pH change with neutralization devices before being transferred to the sewer. In this regard, the monitoring of pH levels in the medical waste neutralization system is crucial for environmental protection. In this aspect, two datasets with varying quantities of missing data were evaluated for the prediction of the PH using the linear regression (LR), support vector machines (SVM), k-nearest neighbor (KNN), random forest (RF), and decision tree (DT) machine learning algorithms. Mean absolute error (MAE), mean squared error (MSE), and root mean square error (RMSE) performance metrics were used to evaluate machine learning algorithms. Because of the analysis, it was determined that the SVM algorithm performed better performance on the two distinct datasets. The result of the evaluation indicates that machine learning algorithms are remarkably efficient at predicting missing pH data.",2.0,1.0,all publisherfullgold,All Open Access Gold,,,
9,,Machine-learning algorithm as a prognostic tool in non-obstructive acute-on-chronic kidney disease in the cat,10.1177/1098612X211001273,Article,,23,,"Renard, Jade;Faucher, Mathieu R.;Combes, Anaïs;Concordet, Didier;Reynolds, Brice S.",1098612X,creatinine | machine learning | Survival | uremic crisis,2-s2.0-85102935409,,33749374.0,ar,Renard J.,60102124;124561736,Communauté d'universités et établissements de Toulouse;Alliance Small Animal Clinic,Toulouse;Bordeaux,France;France,5.0,57222505028;21740453000;37040298700;6701517575;21741007500,124561736;124561736;124561736;60102124;60102124,2021-12-01,December 2021,Journal of Feline Medicine and Surgery,18297.0,15322750,Journal,12,,1140-1148,"Objectives: The aim of this study was to develop an algorithm capable of predicting short- and medium-term survival in cases of intrinsic acute-on-chronic kidney disease (ACKD) in cats. Methods: The medical record database was searched to identify cats hospitalised for acute clinical signs and azotaemia of at least 48 h duration and diagnosed to have underlying chronic kidney disease based on ultrasonographic renal abnormalities or previously documented azotaemia. Cases with postrenal azotaemia, exposure to nephrotoxicants, feline infectious peritonitis or neoplasia were excluded. Clinical variables were combined in a clinical severity score (CSS). Clinicopathological and ultrasonographic variables were also collected. The following variables were tested as inputs in a machine learning system: age, body weight (BW), CSS, identification of small kidneys or nephroliths by ultrasonography, serum creatinine at 48 h (Crea<inf>48</inf>), spontaneous feeding at 48 h (SpF<inf>48</inf>) and aetiology. Outputs were outcomes at 7, 30, 90 and 180 days. The machine-learning system was trained to develop decision tree algorithms capable of predicting outputs from inputs. Finally, the diagnostic performance of the algorithms was calculated. Results: Crea<inf>48</inf> was the best predictor of survival at 7 days (threshold 1043 µmol/l, sensitivity 0.96, specificity 0.53), 30 days (threshold 566 µmol/l, sensitivity 0.70, specificity 0.89) and 90 days (threshold 566 µmol/l, sensitivity 0.76, specificity 0.80), with fewer cats still alive when their Crea<inf>48</inf> was above these thresholds. A short decision tree, including age and Crea<inf>48</inf>, predicted the 180-day outcome best. When Crea<inf>48</inf> was excluded from the analysis, the generated decision trees included CSS, age, BW, SpF<inf>48</inf> and identification of small kidneys with an overall diagnostic performance similar to that using Crea<inf>48</inf>. Conclusions and relevance: Crea<inf>48</inf> helps predict short- and medium-term survival in cats with ACKD. Secondary variables that helped predict outcomes were age, CSS, BW, SpF<inf>48</inf> and identification of small kidneys.",10.0,2.0,all repository repositoryam,All Open Access Green,,,
1,,Novel Radiomics Features for Automated Detection of Cardiac Abnormality in Patients with Pacemaker,10.1155/2022/1279749,Article,,2022,,"Umesh Pai, M.;Ardakani, Ali Abbasian;Kamath, Aditya;Raghavendra, U.;Gudigar, Anjan;Venkatesh, Naveen;Samanth, Jyothi;Devasia, Tom;Prabhu, Mukund A.;Sampathila, Niranjana;Bairy, G. Muralidhar",1748670X,,2-s2.0-85130024731,,35572822.0,ar,Umesh Pai M.,60011460;60018934;60028079;60015855;60121990,"Brown University;Shahid Beheshti University of Medical Sciences;Manipal Institute of Technology;Kasturba Medical College, Manipal;Manipal College of Health professions",Providence;Tehran;Manipal;Manipal;Manipal,United States;Iran;India;India;India,11.0,55349622200;57195345417;57271228000;37079412500;53866252600;57686357500;56453269400;37114297900;56973743500;56584740000;57942168900,60121990;60018934;60028079-60011460;60028079;60028079;60028079;60121990;60015855;60015855;60028079;60028079,2022-01-01,2022,Computational and Mathematical Methods in Medicine,11000153760.0,17486718,Journal,,1279749,,"Cardiac pacemakers are used in the treatment of patients with symptomatic bradycardia. The pacemaker paces the heart at the predetermined rate to maintain uninterrupted cardiac activity. Usually, pacemaker lead will be connected to the right atrium (RA) and right ventricle (RV) in dual-chamber pacemaker implantation and RV alone in single-chamber pacemaker implantation. This alters the route of proper conduction across the myocardial cells. The cell-to-cell conduction transmission in pacing delays the activation of selected intraventricular myocardial activation. Pacing-induced cardiomyopathy (PICM) is most commonly defined as a drop in left ventricle ejection fraction (LVEF) in the setting of chronic, high-burden right ventricle (RV) pacing. Currently, very few effective treatments are standard for PICM which rely on the detection of the RV pacing. Such treatments have primarily focused on upgrading to cardiac resynchronization therapy (CRT) when LVEF has dropped. However, the early and accurate detection of these stress factors is challenging. Cardiac desynchrony and interventricular desynchrony can be determined by various echocardiographic techniques, including M-mode, Doppler method, tissue Doppler method, and speckle tracking echocardiography which is subjective measures and shows a significant difference between RV and LV preejection period where the activation of LV is delayed considerably. Computer-aided diagnosis (CAD) is a noninvasive technique that can classify the ultrasound images of the heart in pacemaker-implanted patients and healthy patients with normal left ventricular systolic function and further detect the variations in pacemaker functions in its early stage using heart ultrasound images. Developing such a system requires a vast and diverse database to reach optimum performance. This paper proposes a novel CAD tool for the accurate detection of pacemaker variations using machine learning models of decision tree, SVM, random forest, and AdaBoost. The models have been used to extract radiomics features in terms of textures and then screened by their Relief-F scores for selection and ranking to be classified into nine groups consisting of up to 250 radiomics features. Ten best features were fed to the machine learning models. The R-wave dataset achieved a maximum test performance accuracy of 97.73% with four features in the random forest model. The T-wave dataset achieved a maximum test performance accuracy of 96.59% with three features in the SVM model. Our experimental results demonstrate the system's robustness, which can be developed as an early and accurate detection system for pacing-induced cardiomyopathy.",3.0,1.0,all publisherhybridgold repository repositoryam,All Open Access Hybrid Gold Green,,,
0,,Artificial neural networks based techniques for anomaly detection in Apache Spark,10.1007/s10586-019-02998-y,Article,,23,,"Alnafessah, Ahmad;Casale, Giuliano",13867857,Apache Spark | Artificial intelligence | Big data | Machine learning | Neural network | Performance anomalies | Resilient distributed dataset (RDD),2-s2.0-85074563557,,,ar,Alnafessah A.,60015150,Imperial College London,London,United Kingdom,2.0,56480804000;21742204200,60015150;60015150,2020-06-01,1 June 2020,Cluster Computing,24596.0,15737543,Journal,2,,1345-1360,"Late detection and manual resolutions of performance anomalies in Cloud Computing and Big Data systems may lead to performance violations and financial penalties. Motivated by this issue, we propose an artificial neural network based methodology for anomaly detection tailored to the Apache Spark in-memory processing platform. Apache Spark is widely adopted by industry because of its speed and generality, however there is still a shortage of comprehensive performance anomaly detection methods applicable to this platform. We propose an artificial neural networks driven methodology to quickly sift through Spark logs data and operating system monitoring metrics to accurately detect and classify anomalous behaviors based on the Spark resilient distributed dataset characteristics. The proposed method is evaluated against three popular machine learning algorithms, decision trees, nearest neighbor, and support vector machine, as well as against four variants that consider different monitoring datasets. The results prove that our proposed method outperforms other methods, typically achieving 98–99% F-scores, and offering much greater accuracy than alternative techniques to detect both the period in which anomalies occurred and their type.",27.0,1.0,all publisherhybridgold repository repositoryam,All Open Access Hybrid Gold Green,H2020,825040,Horizon 2020 Framework Programme
1,,Predicting the consequences of accidents involving dangerous substances using machine learning,10.1016/j.ecoenv.2020.111470,Article,,208,,"Chebila, Mourad",01476513,Industrial accidents | Machine learning | Neural networks | Performance metrics | Random forests,2-s2.0-85092890104,S0147651320313075,33091772.0,ar,Chebila M.,60264738,Université Batna 2,Batna,Algeria,1.0,56178520600,60264738,2021-01-15,15 January 2021,Ecotoxicology and Environmental Safety,25076.0,10902414,Journal,,111470,,"A new dimension of learning lessons from the occurrence of hazardous events involving dangerous substances is considered relying on the availability of representative data and the significant evolution of a wide range of machine learning tools. The importance of such a dimension lies in the possibility of predicting the associated nature of damages without imposing any unrealistic simplifications or restrictions. To provide the best possible modeling framework, several implementations are tested using logistic regression, decision trees, neural networks, support vector machine, naive Bayes classifier and random forests to forecast the occurrence of the human, environmental and material consequences of industrial accidents based on the EU Major Accident Reporting System's records. Many performance metrics are estimated to select the most suitable model in each treated case. The obtained results show the distinctive ability of random forests and neural networks to predict the occurrence of specific consequences of accidents in the industrial installations, with an obvious exception concerning the performance of this latter algorithm when the involved datasets are highly unbalanced.",20.0,1.0,all publisherhybridgold repository repositoryam,All Open Access Hybrid Gold Green,,,
1,,Identification and ranking biomaterials for bone scaffolds using machine learning and PROMETHEE,10.1007/s42600-022-00257-5,Article,,39,,"Javaid, Sabah;Gorji, Hamed Taheri;Soulami, Khaoula Belhaj;Kaabouch, Naima",24464732,Biomaterials | Bone scaffolds | Classification | Machine learning,2-s2.0-85148367390,,,ar,Javaid S.,60279629;60070595,College of Engineering & Mines;Institut National des Postes et Télécommunications,Grand Forks;Rabat,United States;Morocco,4.0,57211340266;56830519200;57192086744;22634156500,60279629;60279629;60070595;60279629,2023-03-01,March 2023,Research on Biomedical Engineering,21100823383.0,24464740,Journal,1,,129-138,"Purpose: Bones have a complex hierarchical structure that supports their diverse chemical, biological, and mechanical functions. High rates of bone susceptibility to fractures and injury have attracted extensive research interest to find alternate biomaterials for bone scaffolds. Natural bone healing is only successful if the defect is very small and when a defect exceeds 1 cm<sup>3</sup> then bone grafting is required. Large bone defects or injuries are very serious problems in orthopedics as they bring great harm to health and normal function of daily life routine. A scaffold should have good strength to maintain its own structure after implantation in a load bearing environment and without being stiff that shields surrounding bone from the load. Therefore, mechanical properties of bone scaffolds should match those of the host tissue and should be part of the natural environment of the body without any harm or further damage. Methods: In this paper, we present two main contributions. First, we investigate the use of machine learning models in identifying biomaterials that are suitable for bone scaffolds. Second, we rank the best materials for biomedical scaffold applications using the multi-criteria decision analysis methods, the Preference Ranking Organization METhod for the Enrichment of Evaluations (PROMETHEE). Machine learning models investigated are AdaBoost, artificial neural network (ANN), Naïve Bayes (NB), Decision tree (DT), Support Vector Machine (SVM), and K-Nearest Neighbor (KNN). Mechanical properties such as comprehensive strength, tensile strength, and Young’s modulus with the cortical bone are used as the standard reference for classification. Results: The results show that the ANN outperforms the other machine learning models in identifying the biomaterials suitable for bone tissue engineering, while the ranking results using PROMETHEE show that Brushite and Titanium alloy are the best appropriate biomaterials for the cancellous and cortical bones, respectively. Conclusion: Brushite and Titanium alloy are the best biomaterials for the cancellous and cortical bones, respectively.",16.0,1.0,all publisherfree2read repository repositoryam,All Open Access Bronze Green,,,
2,,"From binary presumptive assays to probabilistic assessments: Differentiation of shooters from non-shooters using IMS, OGSR, neural networks, and likelihood ratios",10.1016/j.forsciint.2016.04.020,Article,,263,,"Bell, Suzanne;Seitzinger, Lauren",03790738,Forensic science | Ion mobility spectrometry | Neural networks | Organic gunshot residue | Populations study,2-s2.0-84964523954,S0379073816301724,27131217.0,ar,Bell S.,60021143,West Virginia University,Morgantown,United States,2.0,55423348700;57188988315,60021143;60021143,2016-06-01,1 June 2016,Forensic Science International,27743.0,18726283,Journal,,,176-185,"Screening tests are used in forensic science for field testing and directing laboratory analysis of physical evidence. These tests are often binary in that the data produced is interpreted as yes/no or present/absent. The utility of screening assays can be improved by evaluating a relevant background population and incorporating prior knowledge to refine the decision boundary. This paper describes the results of using ion mobility spectrometry (IMS) and hand swab samples collected from 73 individuals to differentiate shooters from non-shooters by targeting organic constituents of firearms discharge residues. Each individual completed a questionnaire helpful in analyzing positive results when they did occur. Pattern matching was undertaken using neural networks, and decision thresholds were established using likelihood ratios derived from the population study. This approach significantly reduced the background positive rates compared to an arbitrary decision threshold technique. This methodology could be extended to other pattern-recognition algorithms used with instrumental data. This paper also reports the largest population study to date focused on the organic residues of firearms discharge. The proportion of positives found in the population sample were less than 5%; when a likelihood ratio of 10:1 (shooter/not shooter) was used, the frequency of positives fell below 2%. The results suggest that background levels of organic gunshot residue will not be a significant analytic concern for assay development.",19.0,0.0,,,NIJ,2011-DN-BX-K564,National Institute of Justice
3,,A machine learning framework to predict kidney graft failure with class imbalance using Red Deer algorithm,10.1016/j.eswa.2022.118515,Article,,210,,"Moghadam, Pourya;Ahmadi, Abbas",09574174,Graft rejection | Imbalanced data | Kidney transplantation | Machine learning | Red deer algorithm,2-s2.0-85136527535,S0957417422015949,,ar,Moghadam P.,60007751,Amirkabir University of Technology,Tehran,Iran,2.0,57855217100;58664133600,60007751;60007751,2022-12-30,30 December 2022,Expert Systems with Applications,24201.0,,Journal,,118515,,"The prevalence of chronic kidney diseases has raised the demand for kidney replacement therapy over recent years. Although kidney transplantation provides better life quality than other alternatives, the replacement might face rejection and endanger individuals’ lives. Therefore, predicting this rejection is of great importance, and due to the complexity of the human body's immune system, it is a complicated task. Machine learning has been widely used in disease diagnoses such as graft rejection. One of the common issues in disease diagnosis is the class imbalance problem. The predictive model is likely to misclassify all of the minority class samples in such cases. This paper proposes a method that can accurately predict kidney rejection in an imbalanced dataset. We have adopted kidney transplantation data from 378 patients collected from 1994 to 2011. Our main contribution is to develop a novel clustering method using Red Deer Algorithm (RDA), which is later utilized in proposing a three-stage clustering-based undersampling approach to handle the class imbalance problem so that the final predictive models can classify the given data more accurately. The undersampling method includes denoising, RDA clustering, and sample selection. Moreover, the proposed clustering method is also used to reduce the data dimensionality. Subsequently, five different classification algorithms such as Support Vector Machine (SVM), Artificial Neural Network (ANN), K-Nearest Neighbor (KNN), Decision Tree (DT), and an ensemble method are used to predict kidney graft rejection. Then, these classifiers are compared in terms of five performance evaluation metrics: accuracy, sensitivity, specificity, F1 score, and area under the Receiver Operating Characteristic (ROC) curve (AUC). The obtained results indicate that the decision tree model outperformed other algorithms and achieved 0.96, 0.94, 0.97, 0.95, and 0.95 for accuracy, sensitivity, specificity, F1 score, and AUC, respectively. Hence, it is highly recommended to use the proposed method as a decision support system for clinical experts to predict kidney transplantation failure.",17.0,0.0,,,,,
4,,Detection of Atrial Fibrillation in Short-Lead Electrocardiogram Recordings Obtained using a Smart Scale,10.1007/s42835-020-00631-2,Article,,16,,"Lee, Keonsoo;Kim, Jung Yeon;Choi, Hyung Oh;Nam, Yunyoung",19750102,,2-s2.0-85099606192,,,ar,Lee K.,60025615;125682785,Soonchunhyang University;C&AI Ltd.,Asan;Seoul,South Korea;South Korea,4.0,8656480600;57202767639;35200355100;8971732400,125682785;60025615;60025615;60025615,2021-03-01,March 2021,Journal of Electrical Engineering and Technology,17200154707.0,20937423,Journal,2,,1109-1118,"Atrial fibrillation (AF) is the type of arrhythmia that raises possibility of severe health problems such as heart failure and stroke and it is known that a major risk factor of AF includes overweight and obesity. Based on this association between such health-related indicators, we propose a smart scale that is capable of measuring weight and electrocardiography (ECG) simultaneously. The scale was developed using Arduino Uno, a Wheatstone bridge load cell, and ECG sensors. The ECG signals were processed to compute heart rate (in other words, RR interval). The smart scale was evaluated with four healthy volunteers in terms of reliability showing high agreement with a commercial device for ECG monitoring. In addition, it implements Atrial Fibrillation (AF) detection using machine-learning classifiers including a k-Nearest Neighbor (kNN) method, a Decision Tree (DT), and a Neural Network (NN) on relatively short recordings of ECG obtained while using the scale. The root mean square of the successive differences between heart beats (RMSSD) and the Shannon entropy of the RR interval (ECG features) were extracted from ECG signals for AF detection. Performance of AF detection was tested with patients who were treated at a Cardiology Center after balancing data by applying over- and under-sampling techniques such as Synthetic Minority Over-sampling Technique (SMOTE) and the Tomek Link (T-Link) algorithm. After addressing the data imbalance, the AF detection performance of each classifier (kNN, DT, and NNs) was 98.9%, 97.8%, and 98.9% respectively. This work has successfully demonstrated weight and cardio activity monitoring features while using a scale that may help keep the records of sensitive health related indexes on a daily basis.",5.0,0.0,,,SCH,P0012724,Soonchunhyang University
0,,Defect detection of seals in multilayer aseptic packages using deep learning,10.3906/ELK-1903-112,Article,,27,,"Adem, Kemal;Közkurt, Cemil",13000632,Faster R-CNN | Multilayer aseptic packages | Seal,2-s2.0-85076684334,,,ar,Adem K.,60016377;60086280,Tokat Gaziosmanpaşa Üniversitesi;Aksaray Üniversitesi,Tokat;Aksaray,Turkey;Turkey,2.0,55806849300;57202238756,60086280;60016377,2019-01-01,2019,Turkish Journal of Electrical Engineering and Computer Sciences,22933.0,13036203,Journal,6,,4220-4230,"Sealing in aseptic packages, one of the healthiest and cheapest technologies to protect food from parasites in the liquid food industry, requires a detailed and careful control process. Since the controls are made manually and visually by expert machine operators, the human factor can lead to the failure to detect defects, resulting in high cost and food safety risks. Therefore, this study aims to perform a leak test in aseptic package seals by a system that makes decisions using independent deep learning methods. The proposed Faster R-CNN and the Updated Faster R-CNN deep learning models were subjected to training and testing with a total of 400 images taken from a real production environment, resulting in a correct classification rate of 99.25%. As a result, it can be said that the study is the second study that performs a computer-aided quality control process with promising results, having distinctive features such as being the first study that conducts analysis using the deep learning method.",21.0,0.0,,,,,
0,,AI-Driven Maintenance Optimisation for Natural Gas Liquid Pumps in the Oil and Gas Industry: A Digital Tool Approach,10.3390/pr13051611,Article,,13,,"Almuraia, Abdulmajeed;He, Feiyang;Khan, Muhammad",,AI-based diagnostics | digital tool validation | fuzzy logic | maintenance optimisation | MTBFs estimation | NGL pumps | oil and gas industry | predictive maintenance | remaining useful life (RUL) | rule-based system,2-s2.0-105006616722,,,ar,Almuraia A.,60004407,Cranfield University,Cranfield,United Kingdom,3.0,59914041300;57211406720;58203013200,60004407;60004407;60004407,2025-05-01,May 2025,Processes,21100838131.0,22279717,Journal,5,1611,,"Natural Gas Liquid (NGL) pumps are critical assets in oil and gas operations, where unplanned failures can result in substantial production losses. Traditional maintenance approaches, often based on static schedules and expert judgement, are inadequate for optimising both availability and cost. This study proposes a novel Artificial Intelligence (AI)-based methodology and digital tool for optimising NGL pump maintenance using limited historical data and real-time sensor inputs. The approach combines dynamic reliability modelling, component condition assessment, and diagnostic logic within a unified framework. Component-specific maintenance intervals were computed using mean time between failures (MTBFs) estimation and remaining useful life (RUL) prediction based on vibration and leakage data, while fuzzy logic- and rule-based algorithms were employed for condition evaluation and failure diagnoses. The tool was implemented using Microsoft Excel Version 2406 and validated through a case study on pump G221 in a Saudi Aramco facility. The results show that the optimised maintenance routine reduced the total cost by approximately 80% compared to conventional individual scheduling, primarily by consolidating maintenance activities and reducing downtime. Additionally, a structured validation questionnaire completed by 15 industry professionals confirmed the methodology’s technical accuracy, practical usability, and relevance to industrial needs. Over 90% of the experts strongly agreed on the tool’s value in supporting AI-driven maintenance decision-making. The findings demonstrate that the proposed solution offers a practical, cost-effective, and scalable framework for the predictive maintenance of rotating equipment, especially in environments with limited sensory and operational data. It contributes both methodological innovation and validated industrial applicability to the field of maintenance optimisation.",1.0,1.0,all publisherfullgold,All Open Access Gold,,,
0,,An exploration on the machine learning approaches to determine the erosion rates for liquid hydrocarbon transmission pipelines towards safer and cleaner transportations,10.1016/j.jclepro.2021.126478,Article,,295,,"Liu, Guanlan;Ayello, Francois;Vera, Jose;Eckert, Rick;Bhat, Prabhas",09596526,Artificial neural network | Bayesian network | Classification tree | Erosion | Machine learning | Pipeline safety,2-s2.0-85101740560,S0959652621006983,,ar,Liu G.,60072185;113425309,DNV GL AS;Plains All American,Oslo;Houston,Norway;United States,5.0,57204360436;33567506500;33467961300;7202829406;57222171870,60072185;60072185;60072185;60072185;113425309,2021-05-01,1 May 2021,Journal of Cleaner Production,19167.0,,Journal,,126478,,"Erosion is commonly found in pipelines with existence of interactions between solid particles, fluid product transported and the surrounding materials. Erosion may lead to material degradation in pipeline and may eventually cause pipeline failure. This failure may cause catastrophic consequence to the surrounding health, property and the environment. Therefore, a better estimation on the pipeline erosion rate is critical for the pipeline engineers to maintain a safer, more cost-effective and sustainable operating condition. In this study, two erosion rate models were used to create an erosion rate database and three machine-learning approaches were developed to help pipeline engineers evaluate the optimal flow velocity. The major results of this study are threefold: First, a purely visual approach was used to present critical information to decision makers. Second, three machine learning approaches (classification tree, artificial neural network and Bayesian network) were established for the erosion rate determination. Third, the benefits and limits of each approach were discussed and evaluated. As novel methodologies to estimate pipeline erosion rate, the machine learning approaches can serve as simple or comprehensive tools to address the various pipeline operating scenarios, with certain or uncertain information. This study provides innovative, intuitive and cost-effective tools for the pipeline operators to predict the erosion rate under various operating conditions and handles the uncertainty via a probabilistic approach, aiming to build safer and more environmental-friendly pipelines.",22.0,0.0,,,,PR-186-184509-R01,
0,,Fast tracking of safe CO2 trapping indices using machine learning for smarter reservoir management,10.1016/j.petlm.2025.01.002,Article,,,,"Tariq, Zeeshan;Abu-Al-Saud, Moataz O.;Mahmoud, Mohamed;Zhu, Chen;Sun, Shuyu;Yan, Bicheng",24056561,Geological CO2 storage | Machine learning | Reservoir simulation | Safe injection duration | Safe trapping indices,2-s2.0-105009383136,S2405656125000380,,ar,Tariq Z.,60009506;60092945;60025307;60008599,King Fahd University of Petroleum and Minerals;King Abdullah University of Science and Technology;Saudi Arabian Oil Company;Indiana State University,Dhahran;Thuwal;Dhahran;Terre Haute,Saudi Arabia;Saudi Arabia;Saudi Arabia;United States,6.0,56636800800;57192839070;35792348900;7403439659;8400915100;55814326500,60092945;60025307;60009506;60008599;60092945;60092945,2025-01-01,2025,Petroleum,21100855744.0,24055816,Journal,,,,"Predicting trapping indices is crucial for assessing the viability of carbon dioxide (CO<inf>2</inf>) storage sites, particularly in mitigating risks associated with cap-rock failure. Accurate prediction of trapping mechanisms—structural, residual, solubility, and mineral—is critical to ensuring effective CO<inf>2</inf> containment and minimizing environmental impacts. The traditional determination of trapping indices mostly relies on high-resolution and expensive numerical reservoir simulations, which considers the full physics occurring in subsurface. However, engineers often overlook an important aspect related to the safe storage of CO<inf>2</inf> in subsurface, which mainly accounts the risk of CO<inf>2</inf> leakage due to mechanisms like cap-rock failure. To bridge this gap and promote smarter reservoir management, this study develops machine learning (ML)-based predictive models to rapidly and accurately estimate effective CO<inf>2</inf> trapping indices, emphasizing the critical influence of cap-rock failure. We use traditional numerical reservoir simulations to generate a substantial amount of long-term (200 years) GCS simulation data, which considers reservoir heterogeneity, overburden zone/cap-rock layer/storage zone formation setup, as well as the coupled mechanisms of multiphase flow, geochemical reaction and geomechanics. We detect the cap-rock failure time based on the dynamic change of bottom-hole pressure from the monitoring injecting well, and the cap-rock failure time is further used as the safe CO<inf>2</inf> injection duration to calculate the effective trapping indices. Reservoir and well parameters were used as inputs, with effective trapping indices as outputs, to train ML models, including, fully connected deep neural networks (FCNN), decision trees (DT), K-nearest neighbors (KNN), random forests (RF), and gradient-boosting methods (AdaBoost and XGBoost). Among these, FCNN demonstrated superior performance, achieving an average prediction error below 5% and a coefficient of determination (R<sup>2</sup>) exceeding 0.99 across all trapping indices. This study highlights the potential of data-driven ML models to predict long-term safe trapping indices with high accuracy, significantly reducing computation time compared to conventional numerical simulations. These findings offer a practical solution for efficient GCS site assessment and risk management.",1.0,1.0,all publisherfullgold,All Open Access Gold,KAUST,BAS/1/1423-01-01,King Abdullah University of Science and Technology
2,,Unpiggable oil and gas pipeline condition forecasting models,10.1061/(ASCE)CF.1943-5509.0000716,Article,,30,,"El-Abbasy, Mohammed S.;Senouci, Ahmed;Zayed, Tarek;Parvizsedghy, Laya;Mirahadi, Farid",08873828,Artificial neural network | Condition forecasting | Decision tree | Regression analysis | Unpiggable pipelines,2-s2.0-84955452129,,,ar,El-Abbasy M.S.,60033154;60151362,Concordia University;Cullen College of Engineering,Montreal;Houston,Canada;United States,5.0,55358341900;7004839380;6602677808;48861757200;56028272600,60033154;60151362;60033154;60033154;60033154,2016-02-01,1 February 2016,Journal of Performance of Constructed Facilities,16300.0,,Journal,1,04014202,,"Although they are the safest method of transporting oil and gas, pipelines are still subject to different degrees of failure and degradation. It is therefore important to efficiently monitor oil and gas pipelines to optimize their operations and to reduce their failures to an acceptable safety limit. Several models have recently been developed to predict oil and gas pipeline failures and conditions. However, most of these models were limited to the use of corrosion features as the sole factor in assessing pipeline condition. In addition, the use of internal corrosion features in the condition assessment requires the pipe to be piggable, which is not always the case. Modifying pipelines with pigging facilities is not always an easy option and can be very costly and time consuming. This paper presents the development of condition forecasting models for unpiggable oil and gas pipelines based on factors other than those related to internal corrosion. In addition, the paper examines the degree of confidence of the unpiggable model by comparing its results to those obtained using piggable models. Unpiggable models can save both time and cost of usual scheduled in-line inspections. Regression analysis, artificial neural network (ANN), and decision tree techniques were used to develop the models based on historical inspection data of existing pipelines in Qatar. All necessary statistical diagnoses have shown sound results for the developed models. When they were validated, the models showed robustness with a satisfactory average validity percentage.",29.0,0.0,,,,,
0,,Personalized predictive hemodynamic management for major oncologic surgery: effect of progressive implementation of monitoring of digital medical devices with artificial intelligence-based algorithms,10.23736/S0375-9393.25.18937-2,Article,,91,,"Pasta, Gilda;Frassanito, Luciano;Calabria, Mariangela;Vassalli, Francesco;Belli, Andrea;Torricella, Giulia;Cuomo, Arturo;Bifulco, Francesca",03759393,Artificial intelligence | Early goal-directed therapy | Hemodynamic monitoring,2-s2.0-105014383649,,40586863.0,ar,Pasta G.,60073799;60016041;60017517;60086793,"Fondazione Policlinico Universitario Agostino Gemelli IRCCS;Istituto Giannina Gaslini;Istituto Nazionale Tumori IRCCS - Fondazione G Pascale, Napoli;Edwards Lifesciences Corporation",Rome;Genoa;Naples;Irvine,Italy;Italy;Italy;United States,8.0,57406455700;6506314640;57221492936;57204533519;57193274501;60076560300;56651966700;22957251900,60017517;60073799;60017517;60016041;60017517;60086793;60017517;60017517,2025-07-01,July 2025,Minerva Anestesiologica,21921.0,18271596,Journal,7-8,,631-640,"BACKGROUND: Avoiding intraoperative hypotension and maintaining an adequate cardiac output (CO) during surgery is crucial to ensure tissue oxygen delivery to the tissues and avoid excessive fluid administration. Assisted fluid management (AFM) is a “decision-support” system based on artificial intelligence (AI) that helps the clinician to manage fluids during major surgeries. Hypotension Prediction Index (HPI) is a predictive parameter of intraoperative hypotension. The aim of this study was to assess the relative contribution of different levels of technologic assistance (CO monitoring, CO plus HPI, and CO plus HPI and AFM) to the improvement of hemodynamic management, applied to comparable cohorts of non-cardiac surgical patients. METHODS: We conducted a retrospective analysis of consecutive patients undergoing major oncologic abdominal surgery, monitored with an arterial radial catheter progressively upgraded with three increasing levels of forecasting event technology. A personalized goal directed fluid therapy (GDT) protocol was applied in all groups. The primary outcome was the time-weighted average (TWA) mean arterial pressure (MAP) <65 mmHg among the three cohorts. Secondary outcomes were the percentage of monitoring time spent with stroke volume variation > 12% and with Cardiac Index (CI) <2 L/min/m<sup>2</sup>. RESULTS: Eighty-two consecutive patients were enrolled: 26 patients in the GDT group, 28 in the HPI group and 28 in the AFM group. TWA-MAP<65 mmHg was 1.13 (0.13-1.83) mmHg in the GDT group, 0.96 (0.26-1.85) mmHg in the HPI group, 0.42 (0.07-0.93) mmHg in the AFM group. Patients with AFM spent roughly 30% of the monitoring time with a CI<2 L/min/m<sup>2</sup> compared to less than 10% in the other two groups (Kruskal-Wallis P value 0.013). CONCLUSIONS: An increasing levels of artificial intelligence-based hemodynamic monitoring and decision-support tools shows a trend towards decreasing IOH, but it did not reach statistical significance.",2.0,0.0,,,,,
0,,New case law and liability risks for manufacturers of medical AI,10.1126/science.adu4932,Article,,388,,"Gerke, Sara;Simon, David A.",00368075,,2-s2.0-105008743529,,40504912.0,ar,Gerke S.,60000745;60028628,University of Illinois Urbana-Champaign;Northeastern University,Urbana;Boston,United States;United States,2.0,57199176578;57193368800,60000745;60028628,2025-06-12,12 June 2025,Science,23571.0,10959203,Journal,6752,,1138-1140,"Medical devices increasingly incorporate artificial intelligence and machine learning (AI/ML-enabled medical devices). Manufacturers of such devices must consider various factors that can shape the trajectory of research and technology development and deployment, including liability risks. Although there is currently no direct case law on liability when using medical AI (1), a recent products liability suit in Louisiana—Dickson v. Dexcom Inc., 2024, 2:24-CV-00121—is particularly relevant for AI/ML manufacturers. Although Dickson does not involve an AI/ML-enabled medical device, many tools similar to those in the case are currently being developed by using AI/ML. This decision thus addresses an important question relevant to AI/ML-enabled device manufacturers: Can they block a broad spectrum of personal injury and products liability claims when the US Food and Drug Administration (FDA) authorizes their devices through the newer and increasingly popular “De Novo” pathway? We discuss this case below and analyze its potential implications for AI/ML-enabled device manufacturers. Although this article focuses on US law, it also contains valuable lessons for manufacturers outside the United States that may want to bring their AI/ML-enabled medical products to the US market. It also provides lessons for regulators to better understand liability risks for AI/ML manufacturers and reevaluate whether their current framework needs adjustment to promote AI/ML-enabled medical device innovation and adequate remedies for harmed patients.",0.0,0.0,,,UIUC,1R21EB035474-01,University of Illinois at Urbana-Champaign
0,,Are You AI’S Favourite? EU Legal Implications of Biased AI Systems in Clinical Genetics and Genomics,10.21552/eplr/2021/4/4,Article,,5,,"Kiseleva, Anastasiya;Quinn, Paul",25117157,,2-s2.0-85127060594,,,ar,Kiseleva A.,60026810;60002272,Vrije Universiteit Brussel;CY Cergy Paris Université,Brussels;Cergy-Pontoise,Belgium;France,2.0,57225218193;54417874500,60026810-60002272;60026810,2021-01-01,2021,European Pharmaceutical Law Review,21101061457.0,25117181,Journal,4,,155-174,"The article provides a legal overview of biased AI systems in clinical genetics and genomics. For the overview, two perspectives to look at bias are taken into consideration: societal and statistical. The paper explores how biases can be defined in these two perspectives and how generally they can be classified. Based on two perspectives, the paper explores three nega-tive consequences of biases in AI systems: discrimination and stigmatization (as the more societal concepts) and inaccuracy of AI’s decisions (more related to the statistical perception of bias). Each of these consequences is analyzed within the frameworks they correspond to. Recognizing inaccuracy as harm caused by biased AI systems is one of the most important contributions of the article. It is argued that once identified, bias in an AI system indicates possible inaccuracy in its outcomes. The article demonstrates it through the analysis of the medical devices framework: if it is applicable to AI applications used in genomics and ge-netics, how it defines bias, and what are the requirements to prevent them. The paper also looks at how this framework can work together with anti-discrimination and stigmatization rules, especially in the light of the upcoming general legal framework on AI. The authors conclude that all the frameworks shall be considered for fighting against bias in AI systems because they reflect different approaches to the nature of bias and thus provide a broader range of mechanisms to prevent or minimize them.",2.0,0.0,,,,,
1,,An Effective Approach for Multiclass Classification of Adverse Events Using Machine Learning,10.47852/bonviewJCCE32021924,Article,,3,,"Bala, Indu;Kelly, Thu Lan;Lim, Renly;Gillam, Marianne H.;Mitchell, Lewis",28109570,adverse event | implantable medical device | machine learning | natural language processing | post-market surveillance,2-s2.0-85197592674,,,ar,Bala I.,60009512;60031846,The University of Adelaide;University of South Australia,Adelaide;Adelaide,Australia;Australia,5.0,57203859973;35605497200;56689295100;36552295200;51161515500,60009512;60031846;60031846;60031846;60009512,2024-08-19,19 August 2024,Journal of Computational and Cognitive Engineering,21101208643.0,28109503,Journal,3,,226-239,"Implantable medical devices are commonly used to treat various medical conditions. These devices, however, may cause serious adverse events, including repeated surgical intervention and death. Prolonged use of some implantable medical devices can shorten life expectancy and significantly decrease a person’s quality of life. Large adverse event databases can be used to predict serious adverse events by training machine learning (ML) models on available data. However, the large volume of data and long free-text response make it challenging to use the databases effectively. This study focuses on one such dataset: the Australian Database of Adverse Event Notifications, comprising text written by patients, or healthcare professionals, or pharmaceutical industry. The study focuses on predicting three significant events: Injury, No Injury, and Death, based on the adverse events reported about the implanted device. A new ML approach called the random regression voting classifier, which combines random forest (RF) and logistic regression (LR), is proposed. The model’s efficiency is evaluated through experiments using techniques, such as Bag of Words, Term-Frequency-Inverse-Document Frequency, and Global Vector, and is compared to existing ML models such as decision tree, RF, kernel support vector machine, Naive Bayes, LR, and XGboost. The results demonstrate a higher performance in predicting adverse events than other considered approaches. The various experimental analyses showed that the proposed approach performed better than other ML models.",2.0,1.0,all publisherfullgold repository repositoryam,All Open Access Gold Green,,,
0,,Securing IoT Devices in e-Health using Machine Learning Techniques,10.14569/IJACSA.2023.0140949,Article,,14,,"Alanazi, Haifa Khaled;El-Aziz, A. A.Abd;Hamdi, Hedi",2158107X,attack classification | DL | e-health | IoT | ML,2-s2.0-85173131302,,,ar,Alanazi H.K.,60104126;60070316;60243224,Jouf University;Université de la Manouba;Faculty of Graduate Studies for Statistical Research,Sakakah;Manouba;Giza,Saudi Arabia;Tunisia;Egypt,3.0,57670704600;59668324700;22733997700,60104126;60104126-60243224;60104126-60070316,2023-01-01,2023,International Journal of Advanced Computer Science and Applications,21100867241.0,21565570,Journal,9,,453-464,"The Internet of Things (IoT) has gained significance over the past several years and is currently one of the most important technologies. The capacity to link everyday objects, such as home appliances, medical equipment, autos, and baby monitors, to the internet via embedded devices with a minimum of human interaction has made continuous communication between people, processes, and things feasible. IoT devices have established themselves in many sectors, of which electronic health is considered the most important. The IoT environment deals with many private and sensitive health data that must be kept safe from tampering or theft. If safety precautions are not implemented, these dangers and assaults against IoT devices in the health sector might completely destroy this industry. Detecting security threats to an IoT environment requires sophisticated technology; these attacks can be identified using machine learning (ML) techniques, which can also predict snooping behavior based on unidentified patterns. In this paper, it is proposed to apply five strategies to detect attacks in network traffic based on the NF-ToN-IoT dataset. The classifiers used are Naive Bayes (NB), Random Forest (RF), Decision Tree (DT), Artificial Neural Network (ANN), and Support Vector Machine (SVM) models. These algorithms have been used instead of a centralized method to deliver compact security systems for IoT devices. The dataset was pre-processed to eliminate extraneous or missing data, and then a feature engineering approach was used to extract key features. The results obtained by applying each of the listed classifiers to a maximum classification accuracy of 98% achieved by the RF model showed our comparison to other work.",3.0,1.0,all publisherfullgold,All Open Access Gold,,,Al Jouf University
0,,Using Artificial Intelligence to Develop Clinical Decision Support Systems—The Evolving Road of Personalized Oncologic Therapy,10.3390/diagnostics15182391,Article,,15,,"Chitoran, Elena;Rotaru, Vlad;Gelal, Aisa;Ionescu, Sinziana Octavia;Gullo, Giuseppe;Stefan, Daniela Cristina;Simion, Laurentiu",,artificial intelligence | clinical decision support system | clinical score | clinical tools | interactive forms | machine learning | personalized treatment | targeted therapy,2-s2.0-105017475750,,,ar,Chitoran E.,60017697;60033150;60012117,Università degli Studi di Palermo;Universitatea de Medicina si Farmacie Carol Davila din Bucuresti;Institutul Oncologic Prof. Dr. Alexandru Trestioreanu Bucuresti,Palermo;Bucharest;Bucharest,Italy;Romania;Romania,7.0,57196175980;58343478300;59195837200;7004710276;57204716444;16744568100;56227585800,60033150-60012117;60033150-60012117;60033150-60012117;60033150-60012117;60017697;60033150;60033150-60012117,2025-09-01,September 2025,Diagnostics,21100852989.0,20754418,Journal,18,2391,,"Background/Objectives: The use of artificial intelligence (AI) in oncology has the potential to improve decision making, particularly in managing the risk associated with targeted therapies. This study aimed to develop and validate a machine learning-based clinical decision support system (CDSS) capable of predicting complications associated with Bevacizumab or its biosimilars and to translate the resulting predictive model into a clinically applicable tool. Methods: A prospective observational study was conducted on 395 records from patients treated with Bevacizumab or biosimilars for solid tumors. Pretherapeutic variables, such as demographic data, medical history, tumor characteristics and laboratory findings, were retrieved from medical records. Several machine learning models (logistic regression, Random Forest, XGBoost) were trained using 70/30 and 80/20 data splits. Their predictive performances were compared using accuracy, AUC-ROC, sensitivity, specificity, F1-scores and error rate. The best-performing model was used to derive a logistic-based risk score, which was further implemented as an interactive HTML form. Results: The optimized Random Forest model trained on the 80/20 split demonstrated the best balance between accuracy (70.63%), sensitivity (66.67%), specificity (73.85%), and AUC-ROC (0.75). The derived logistic risk score showed good performance (AUC-ROC = 0.720) and calibration. It identified variables, such as age ≥ 65, anemia, elevated urea, leukocytosis, tumor differentiation, and stage, as significant predictors of complications. The final tool provides clinicians with an easy-to-use, offline form that estimates individual risk levels and stratifies patients into low-, intermediate-, or high-risk categories. Conclusions: This study offers a proof of concept for developing AI-supported predictive tools in oncology using real-world data. The resulting logistic risk score and interactive form can assist clinicians in tailoring therapeutic decisions for patients receiving targeted therapies, enhancing the personalization of care without replacing clinical judgment.",0.0,1.0,all publisherfullgold repository repositoryam,All Open Access Gold Green,,,Universitatea de Medicină şi Farmacie din Tîrgu Mureș
1,,Artificial intelligence to assist decision-making on pharmacotherapy: A feasibility study,10.1016/j.rcsop.2024.100491,Article,,15,,"Bücker, Michael;Hoti, Kreshnik;Rose, Olaf",,Artificial intelligence | Cardiology | Clinical decision support system | Medication review | Pharmacotherapy | Pharmacy practice,2-s2.0-85201301319,S266727662400088X,,ar,Bücker M.,60014976;60068800;60020778,Paracelsus Medizinische Privatuniversitat;Universiteti i Prishtinës;Fachhochschule Münster,Salzburg;Pristina;Munster,Austria;Serbia;Germany,3.0,37118432900;36627182800;16834189800,60020778;60068800;60014976,2024-09-01,September 2024,Exploratory Research in Clinical and Social Pharmacy,21101132921.0,26672766,Journal,,100491,,"Background: Artificial intelligence (AI) has the capability to analyze vast amounts of data and has been applied in various healthcare sectors. However, its effectiveness in aiding pharmacotherapy decision-making remains uncertain due to the intricate, patient-specific, and dynamic nature of this field. Objective: This study sought to investigate the potential of AI in guiding pharmacotherapy decisions using clinical data such as diagnoses, laboratory results, and vital signs obtained from routine patient care. Methods: Data of a previous study on medication therapy optimization was updated and adapted for the purpose of this study. Analysis was conducted using R software along with the tidymodels extension packages. The dataset was split into 74% for training and 26% for testing. Decision trees were selected as the primary model due to their simplicity, transparency, and interpretability. To prevent overfitting, bootstrapping techniques were employed, and hyperparameters were fine-tuned. Performance metrics such as areas under the curve and accuracies were computed. Results: The study cohort comprised 101 elderly patients with multiple diagnoses and complex medication regimens. The AI model demonstrated prediction accuracies ranging from 38% to 100% for various cardiovascular drug classes. Laboratory data and vital signs could not be interpreted, as the effect and dependence were unclear for the model. The study revealed that the issue of AI lag time in responding to sudden changes could be addressed by manually adjusting decision trees, a task not feasible with neural networks. Conclusion: In conclusion, the AI model exhibited promise in recommending appropriate medications for individual patients. While the study identified several obstacles during model development, most were successfully resolved. Future AI studies need to include the drug effect, not only the drug, if laboratory data is part of the decision. This could assist with interpreting their potential relationship. Human oversight and intervention remain essential for an AI-driven pharmacotherapy decision support system to ensure safe and effective patient care.",7.0,1.0,all publisherfullgold repository repositoryam,All Open Access Gold Green,EC,,European Commission
2,,An assessment of the European Patient Summary for clinical research: a case study in cardiology,10.3389/fmed.2024.1481551,Article,,11,,"Laleci Erturkmen, Gokce Banu;Sinaci, Ali Anil;Namli, Tuncay;Boonstra, Machteld J.;Lekadir, Karim;Gkontra, Polyxeni;Chronaki, Catherine;Facile, Rhonda;Baker, Rebecca;Kush, Rebecca",,clinical research | common data model | health ecosystem | interoperability | secondary use of EHR data,2-s2.0-85210081318,,,ar,Laleci Erturkmen G.B.,60002483;60001576;60032907;60264474;115352949;60074475;112962189,Universiteit van Amsterdam;Universitat de Barcelona;Institució Catalana de Recerca i Estudis Avançats;Amsterdam Cardiovascular Sciences;HL7 Europe;Clinical Data Interchange Standards Consortium;SRDC Software Research & Development and Consultancy Corp.,Amsterdam;Barcelona;Barcelona;Amsterdam;Brussels;Austin;Ankara,Netherlands;Spain;Spain;Netherlands;Belgium;United States;Turkey,10.0,57484670100;36905158800;25653328900;57215543371;15042517700;54787597900;6701349152;57195583803;57427412700;57203179916,112962189;112962189;112962189;60002483-60264474;60001576-60032907;60001576;115352949;60074475;60074475;60074475,2024-01-01,2024,Frontiers in Medicine,21100868809.0,2296858X,Journal,,1481551,,"Introduction: The European Health Data Space (EHDS) initiative was launched to create a unified framework for health data exchange across Europe. Central to this initiative is the European Electronic Health Record Exchange Format, designed to achieve interoperability of electronic health record data across Europe. Despite these advancements, the readiness of current guidelines and implementations, such as the European Patient Summary, to support secondary use in clinical research, particularly in cardiology, remains underexplored. Methods: This study aims to evaluate the European Patient Summary guidelines and their implementations, specifically the HL7 FHIR International Patient Summary Implementation Guide, to determine their suitability for secondary use in clinical research. The focus is on identifying gaps and extensions needed to enhance the utility of the European Patient Summary for building artificial intelligence models in assisting heart failure management. Results: We selected two European Union-funded research projects, DataTools4Heart and AI4HF, that aim to reuse electronic health record data to develop artificial intelligence models for personalized decision support services for heart failure patients. We analyzed their clinical use cases and the specific data items required, and we compared these with the current European Patient Summary guidelines and provided a detailed gap analysis indicating similarities and required extensions. In our gap analysis, we also compared the needs of DataTools4Heart and AI4HF with the HL7 FHIR International Patient Summary Implementation Guide to assess the extensions needed to support clinical research. Discussion: The EHDS is a transformative initiative to establish a European health data ecosystem that supports healthcare delivery and clinical research. Our comparative analysis demonstrates that, with minor extensions, these guidelines have significant potential to facilitate access to electronic healthcare record data for the secondary use, particularly in training AI models. We advocate for the adoption of an International Patient Summary format as a semantically interoperable core set of data elements, which will enhance global clinical research efforts and improve patient outcomes through precision medicine.",1.0,1.0,all publisherfullgold repository repositoryam,All Open Access Gold Green,EC,101057849,European Commission
3,,Software-driven chronic disease management: Algorithm design and implementation in a community-based blood pressure control pilot,10.1177/20503121241284025,Article,,12,,"Deo, Rahul C.;Smith, Rebecca;MacRae, Calum A.;Price, Esha;Sheffield, Horace;Patel, Rahul",,artificial intelligence | automation | guideline-directed medical therapy | Health equity | hypertension | quality measures | software | value-based care,2-s2.0-85208479875,,,ar,Deo R.C.,60002746;130507550;125870706,"Harvard Medical School;Atman Health Inc;DETROIT ASSOCIATION OF BLACK ORGANIZATIONS (DABO), INC., THE",Boston;Needham;DETROIT,United States;United States;United States,6.0,57200410290;59401277300;7006286816;59401277400;58152944900;59400936400,130507550-60002746;130507550;130507550-60002746;125870706;125870706;130507550,2024-01-01,January-December 2024,Sage Open Medicine,21100932751.0,20503121,Journal,,,,"Background: Optimal guideline-directed medical therapy is rarely attained in practice, resulting in inadequate control of diseases such as hypertension, with poorer results in under-resourced communities. Technology, including artificial intelligence-driven decision support and software-driven workflow transformation, can potentially improve disease outcomes at a reduced cost, although it must be integrated with a holistic approach. Methods: We describe the design of a software platform that enables rapid iterative remote management of >20 conditions across cardiac-kidney-metabolic disease. The platform distributes work across a care team of providers and care navigators, automates decision-making, ordering, and documentation, supports rapid incorporation of new evidence, and launches pragmatic trials. We describe software used in a 500-person community-based blood pressure control implemented as a single-arm quality improvement program. The primary endpoint was the proportion of patients meeting the Healthcare Effectiveness Data and Information Set quality measure blood pressure goal (<140/90) at 12 weeks. Results: A total of 1609 patients were screened, 945 (59%) were found to have uncontrolled hypertension, and 512 patients consented to join the program. The average age was 61 ± 11 years; 59% were female, and 99% self-identified as Black. Blood pressure distribution was: 10% Stage 1 (SBP 130–139 mmHg or DBP 80–89 mmHg), 69% Stage 2 (SBP 140–179 mmHg or DBP 90–119 mmHg), and 21% Stage 3 (SBP >180 mmHg or DBP >120 mmHg). Two hundred four patients (39%) proceeded to a provider encounter, and 160 of these (78%) completed the program. The Healthcare Effectiveness Data and Information Set blood pressure goal was achieved in <12 weeks of enrollment for 141 participants (69% of those enrolled, 88% of those who completed the program). Conclusion: Software-driven remote blood pressure is feasible, although strategies to improve patient enrollment will be needed to achieve maximum impact. Future work will be required to compare outcomes to usual care and evaluate concurrent management of multiple cardiac-kidney-metabolic conditions.",0.0,1.0,all publisherfullgold repository repositoryam,All Open Access Gold Green,,,
4,,An international observational study suggests that artificial intelligence for clinical decision support optimizes anemia management in hemodialysis patients,10.1016/j.kint.2016.03.036,Article,,90,,"Barbieri, Carlo;Molina, Manuel;Ponce, Pedro;Tothova, Monika;Cattinelli, Isabella;Ion Titapiccolo, Jasmine;Mari, Flavio;Amato, Claudia;Leipold, Frank;Wehmeyer, Wolfgang;Stuard, Stefano;Stopper, Andrea;Canaud, Bernard",00852538,anemia | chronic kidney disease | erythropoietin | hemodialysis,2-s2.0-84992488696,S0085253816301326,27262365.0,ar,Barbieri C.,60108488;60078396;112632788;60094383;110816437,Université de Montpellier;Fresenius Medical Care AG & Co. KGaA;Hospital Universitario Santa Lucía;Fresenius Medical Care Portugal;Dialysis Center Motol,Montpellier;Bad Homburg;Cartagena;Maia;Prague,France;Germany;Spain;Portugal;Czech Republic,13.0,54399977600;55663512800;7003745480;57191710487;23388184300;36570823800;54400322800;7006096311;57191709889;56576290900;57205253234;15752090100;7102654323,60078396;112632788;60094383;110816437;60078396;60078396;60078396;60078396;60078396;60078396;60078396;60078396;60078396-60108488,2016-08-01,1 August 2016,Kidney International,19992.0,15231755,Journal,2,,422-429,"Managing anemia in hemodialysis patients can be challenging because of competing therapeutic targets and individual variability. Because therapy recommendations provided by a decision support system can benefit both patients and doctors, we evaluated the impact of an artificial intelligence decision support system, the Anemia Control Model (ACM), on anemia outcomes. Based on patient profiles, the ACM was built to recommend suitable erythropoietic-stimulating agent doses. Our retrospective study consisted of a 12-month control phase (standard anemia care), followed by a 12-month observation phase (ACM-guided care) encompassing 752 patients undergoing hemodialysis therapy in 3 NephroCare clinics located in separate countries. The percentage of hemoglobin values on target, the median darbepoetin dose, and individual hemoglobin fluctuation (estimated from the intrapatient hemoglobin standard deviation) were deemed primary outcomes. In the observation phase, median darbepoetin consumption significantly decreased from 0.63 to 0.46 μg/kg/month, whereas on-target hemoglobin values significantly increased from 70.6% to 76.6%, reaching 83.2% when the ACM suggestions were implemented. Moreover, ACM introduction led to a significant decrease in hemoglobin fluctuation (intrapatient standard deviation decreased from 0.95 g/dl to 0.83 g/dl). Thus, ACM support helped improve anemia outcomes of hemodialysis patients, minimizing erythropoietic-stimulating agent use with the potential to reduce the cost of treatment.",105.0,1.0,,,,,
0,,Artificial Intelligence in Depression–Medication Enhancement (AID-ME): A Cluster Randomized Trial of a Deep-Learning-Enabled Clinical Decision Support System for Personalized Depression Treatment Selection and Management,10.4088/JCP.24m15634,Article,,86,,"Benrimoh, David;Whitmore, Kate;Richard, Maud;Golden, Grace;Perlman, Kelly;Jalali, Sara;Friesen, Timothy;Barkat, Youcef;Mehltretter, Joseph;Fratila, Robert;Armstrong, Caitrin;Israel, Sonia;Popescu, Christina;Karp, Jordan F.;Parikh, Sagar V.;Golchi, Shirin;Moodie, Erica E.M.;Shen, Junwei;Gifuni, Anthony J.;Ferrari, Manuela;Sapra, Mamta;Kloiber, Stefan;Pinard, Georges F.;Dunlop, Boadie W.;Looper, Karl;Ranganathan, Mohini;Enault, Martin;Beaulieu, Serge;Rej, Soham;Hersson-Edery, Fanny;Steiner, Warren;Anacleto, Alexandra;Qassim, Sabrina;McGuire-Snieckus, Rebecca;Margolese, Howard C.",01606689,,2-s2.0-105015019531,,40875536.0,ar,Benrimoh D.,60016849;60014232;60017994;60033182;60010884;60014171;60021600;60002339;60029738;60021435;60021334;60015765;60191838;60018916;60105857;60022165;60089893;60028492;60138707;60014502;131466426,University of Toronto;VA Medical Center;Yale School of Medicine;University of Michigan Medical School;Western University;University of Waterloo;University of Toronto Faculty of Medicine;Emory University School of Medicine;Queen's University Belfast;Barts and The London School of Medicine and Dentistry;University of Arizona College of Medicine – Tucson;Centre for Addiction and Mental Health;School of Medicine;Sir Mortimer B. Davis Jewish General Hospital;VA Connecticut Healthcare System;Institut Lady Davis de Recherches Médicales;Institut de Recherche en Immunologie et en Cancérologie de l’Université de Montréal;Institut Universitaire en Santé Mentale Douglas;Virginia Tech Carilion School of Medicine;Institut Universitaire de Santé Mentale de Montréal;Relief - The Path of Mental Health,Toronto;North Chicago;New Haven;Ann Arbor;London;Waterloo;Toronto;Atlanta;Belfast;London;Tucson;Toronto;Montreal;Montreal;West Haven;Montreal;Montreal;Montreal;Roanoke;Montreal;Montreal,Canada;United States;United States;United States;Canada;Canada;Canada;United States;United Kingdom;United Kingdom;United States;Canada;Canada;Canada;United States;Canada;Canada;Canada;United States;Canada;Canada,35.0,57191140063;57226777819;59223593700;57226778940;57202690319;57209536075;59218374300;59223069700;57219621122;57202680992;57189005491;57202685397;57209329066;7102861885;7101905909;57008289200;18434676900;57416093200;56543429100;25930907000;16647411800;57209775985;59223243000;6701514141;6602552433;14825674900;58466794400;7005303116;51061550900;57215219867;7102219414;58177070100;57470271600;6507412257;6701704038,60089893-60191838-60028492;60089893;60089893;60089893-60010884;60089893-60191838-60028492;60028492;60028492;60028492;60089893;60089893;60089893;60089893;60089893;60021334;60033182;60191838;60191838;60191838;60028492;60028492;60014232-60138707;60015765-60016849-60021600;60014502;60002339;60191838-60018916;60017994-60105857;131466426;60191838-60028492;60018916-60022165-60029738;60191838;60191838;60089893;60089893-60014171;60021435;60191838,2025-09-01,September 2025,Journal of Clinical Psychiatry,16685.0,15552101,Journal,3,24m15634,,"Background: There has been increasing interest in the use of artificial intelligence (AI)-enabled clinical decision support systems (CDSS) for the personalization of major depressive disorder (MDD) treatment selection and management, but clinical studies are lacking. We tested whether a CDSS that combines an AI which predicts remission probabilities for individual antidepressants and a clinical algorithm based on treatment can improve MDD outcomes. Methods: This was a multicenter, cluster randomized, patient-and-rater blinded and clinician-partially-blinded, active-controlled trial that recruited outpatient adults with moderate or greater severity MDD. All patients had access to a patient portal to complete questionnaires. Clinicians in the active group had access to the CDSS; clinicians in the active-control group received patient questionnaires; both groups received guideline training. Primary outcome was remission (<11 points on the Montgomery-Asberg Depression Rating Scale [MADRS]) at study exit. Results: Forty-seven clinicians were recruited at 9 sites. Of 74 eligible patients, 61 patients completed a postbaseline MADRS and were analyzed. There were no differences in baseline MADRS (P= .153). There were more remitters in the active (n = 12, 28.6%) than in the active-control (0%) group (P=.012, Fisher’s exact). Of 3 serious adverse events, none were caused by the CDSS. Speed of improvementwashigherintheactivethan the control group (1.26 vs 0.37, P=.03). Conclusions: While limited by sample size and the lack of primary care clinicians, these results demonstrate preliminary evidence that longitudinal use of an AI-CDSS can improve outcomes in moderate and greater severity MDD.",0.0,0.0,,,JGH,,Jewish General Hospital
3,,Artificial Intelligence and Mechanistic Modeling for Clinical Decision Making in Oncology,10.1002/cpt.1951,Article,,108,,"Benzekry, Sebastien",00099236,,2-s2.0-85088828535,,32557598.0,ar,Benzekry S.,60102125;60013373,Université de Bordeaux;INRIA Institut National de Recherche en Informatique et en Automatique,Bordeaux;Le Chesnay,France;France,1.0,54681554500,60013373-60102125,2020-09-01,1 September 2020,Clinical Pharmacology and Therapeutics,20626.0,15326535,Journal,3,,471-486,"The amount of “big” data generated in clinical oncology, whether from molecular, imaging, pharmacological, or biological origin, brings novel challenges. To mine efficiently this source of information, mathematical models able to produce predictive algorithms and simulations are required, with applications for diagnosis, prognosis, drug development, or prediction of the response to therapy. Such mathematical and computational constructs can be subdivided into two broad classes: biologically agnostic, statistical models using artificial intelligence techniques, and physiologically based, mechanistic models. In this review, recent advances in the applications of such methods in clinical oncology are outlined. These include machine learning applied to big data (omics, imaging, or electronic health records), pharmacometrics and quantitative systems pharmacology, as well as tumor kinetics and metastasis modeling. Focus is set on studies with high potential of clinical translation, and particular attention is given to cancer immunotherapy. Perspectives are given in terms of combinations of the two approaches: “mechanistic learning.”.",67.0,2.0,all repository repositoryam,All Open Access Green,AVIESAN,19CM148‐00,Alliance Nationale pour les Sciences de la Vie et de la Santé
4,,Clinical Research Informatics,10.1055/s-0040-1702007,Article,,29,,"Daniel, Christel;Kalra, Dipak",09434747,"biomedical research, clinical trials as topic | Clinical research informatics | observational studies as topic | phenotyping | real-world data | real-world evidence generation",2-s2.0-85089804664,,32823317.0,ar,Daniel C.,60033316;60021567;60158017,Universiteit Gent;AP-HP Assistance Publique - Hopitaux de Paris;Laboratoire d'Informatique Médicale et d'Ingénieurie des Connaissances en e-Santé,Ghent;Paris;Paris,Belgium;France;France,2.0,24334555100;57638498800,60021567-60158017;60033316,2020-08-01,August 2020,Yearbook of Medical Informatics,11400153302.0,23640502,Journal,1,,203-207,"Objectives: To summarize key contributions to current research in the field of Clinical Research Informatics (CRI) and to select best papers published in 2019. Method: A bibliographic search using a combination of MeSH descriptors and free-text terms on CRI was performed using PubMed, followed by a double-blind review in order to select a list of candidate best papers to be then peer-reviewed by external reviewers. After peer-review ranking, a consensus meeting between the two section editors and the editorial team was organized to finally conclude on the selected three best papers. Results: Among the 517 papers, published in 2019, returned by the search, that were in the scope of the various areas of CRI, the full review process selected three best papers. The first best paper describes the use of a homomorphic encryption technique to enable federated analysis of real-world data while complying more easily with data protection requirements. The authors of the second best paper demonstrate the evidence value of federated data networks reporting a large real world data study related to the first line treatment for hypertension. The third best paper reports the migration of the US Food and Drug Administration (FDA) adverse event reporting system database to the OMOP common data model. This work opens the combined analysis of both spontaneous reporting system and electronic health record (EHR) data for pharmacovigilance. Conclusions: The most significant research efforts in the CRI field are currently focusing on real world evidence generation and especially the reuse of EHR data. With the progress achieved this year in the areas of phenotyping, data integration, semantic interoperability, and data quality assessment, real world data is becoming more accessible and reusable. High quality data sets are key assets not only for large scale observational studies or for changing the way clinical trials are conducted but also for developing or evaluating artificial intelligence algorithms guiding clinical decision for more personalized care. And lastly, security and confidentiality, ethical and regulatory issues, and more generally speaking data governance are still active research areas this year.",8.0,1.0,all publisherhybridgold repository repositoryvor,All Open Access Hybrid Gold Green,,,
0,,The potential of artificial intelligence in diabetology: An overview,10.1007/s11428-025-01362-6,Article,,21,,"Tan, Susanne;Lee-Barkey, Young Hee;Kulzer, Bernhard;Hermanns, Norbert;Ehrmann, Dominic",27317447,Computational intelligence | Continuous glucose monitoring | Health care | Precision medicine | Wearables,2-s2.0-105013756346,,,ar,Tan S.,60027825;113136587,Herz- und Diabeteszentrum Nordrhein-Westfalen Universitätsklinik der Ruhr-Universität Bochum;Forschungsinst. der Diabetes-Akademie Bad Mergentheim (FIDAM),Bad Oeynhausen;Bad Mergentheim,Germany;Germany,5.0,8519927200;36518998500;6602515965;6701769664;55353183300,60027825;60027825;113136587;113136587;113136587,2025-09-01,September 2025,Diabetologie,21101140511.0,27317455,Journal,6,,711-717,"Artificial intelligence (AI) has the potential to fundamentally change diabetes care and substantially advance developments in the areas of prevention, prognostics, diagnostics, therapy, and treatment towards precision medicine. For example, AI can use voice characteristics, genetics, and imaging data for individual diabetes risk stratification in a preventive manner. By combining multimodal data and fundus images, AI enables early diagnosis of diabetes-related complications such as retino-, nephro- or neuropathy. AI-based systems are already able to support diabetes therapy through personalized nutritional analysis, automated carbohydrate estimation, medication selection, and insulin dosing. Especially in combination with continuous glucose monitoring (CGM) or automated insulin delivery (AID) systems, AI-based decision support solutions have demonstrated their clinical benefits by improving glycemic control and promoting adherence. In addition, AI is able to predictively detect hypoglycemia with the help of wearables or even in the vehicle cockpit and, thus, prevent emergency situations or traffic accidents. In the future, AI will also open up new avenues in drug development, biomarker identification and simulation-based decision-making with the help of digital twins. Current studies and application examples clearly point out that AI will not just be a simple add-on, but will develop towards a central tool for precise, personalized and proactive diabetes care.",0.0,0.0,,,,,
1,,"Trends in anti-diabetic medication use, severe hyperglycaemia and severe hypoglycaemia among American Indian and Alaska Native Peoples, 2009–2013",10.1111/dom.16021,Article,,27,,"Dai, Jiahui;Chang, Jenny;Choi, Jung M.;Bullock, Ann;Manson, Spero M.;O'Connell, Joan;Jiang, Luohua",14628902,anti-diabetic medications | severe hyperglycaemia | severe hypoglycaemia | T2D | trends,2-s2.0-85207314081,,39434448.0,ar,Dai J.,60007278;60028392;60007988;60019931,"University of California, Irvine;University of Colorado Anschutz Medical Campus;UCI School of Medicine;Indian Health Service",Irvine;Aurora;Irvine;Rockville,United States;United States;United States;United States,7.0,57838106000;55762714000;59380381300;10143276200;7101786138;7202443564;57210965555,60007278;60007988;60007278;60019931;60028392;60028392;60007278,2025-01-01,January 2025,Diabetes Obesity and Metabolism,25527.0,14631326,Journal,1,,328-337,"Aims: Type 2 diabetes (T2D) and its complications disproportionally affect American Indian and Alaska Native (AI/AN) peoples. Prescribing decisions for anti-diabetic medications are complicated and require balancing medication benefits, costs and side effects. Little is known about trends in anti-diabetic medication use as well as acute diabetes complications among AI/AN adults. Here, we examined patterns and trends in anti-diabetic medication use and rates of hospital admissions or emergency department (ED) visits due to severe hypoglycaemia and hyperglycaemia among AI/AN adults with T2D. Materials and Methods: We conducted a retrospective analysis of Indian Health Service (IHS) Improving Health Care Delivery Data Project. A total of 39 183 AI/AN adults aged ≥18 years with T2D who used IHS or Tribal health services during any of the fiscal years (FYs) 2009–2013 were included. Utilization rates of each class of anti-diabetic medications and rates of severe hypoglycaemia and severe hyperglycaemia in emergency room and/or inpatient discharge diagnoses were calculated for each year. Longitudinal statistical models were fitted to examine time trends of anti-diabetic medication use and complications. Results: During 2009–2013, use of metformin (56.0%–60.5%), insulin (31.4%–35.9%) and dipeptidyl peptidase-4 inhibitors (1.4%–9.0%) increased, whereas the use of sulfonylureas (40.3%–32.9%) and thiazolidinediones (TZDs, 31.6%–8.8%) decreased significantly. Trends in severe hypoglycaemia (1.6%–0.8%) and severe hyperglycaemia (2.0%–1.6%) declined gradually. Conclusions: There were significant changes in the utilization of different anti-diabetic medication classes during 2009–2013 among AI/AN adults with T2D. Concurrently, there were significant reductions in severe hypoglycaemia and severe hyperglycaemia.",3.0,0.0,,,IHS,R01AG061189,Indian Health Service
2,,S2k guideline for the treatment of hidradenitis suppurativa / acne inversa – Short version,10.1111/ddg.15412,Article,,22,,"Zouboulis, Christos C.;Bechara, Falk G.;Fritz, Klaus;Goebeler, Matthias;Hetzer, Frank H.;Just, Elke;Kirsten, Natalia;Kokolakis, Georgios;Kurzen, Hjalmar;Nikolakis, Georgios;Pinter, Andreas;Podda, Maurizio;Rosinski, Kerstin;Schneider-Burrus, Sylke;Taube, Klaus M.;Volz, Thomas;Winkler, Thomas;Kristandt, Anna;Presser, Dagmar;Zouboulis, Viktor A.",16100379,acne inversa | classification | guideline | hidradenitis suppurativa | severity | therapy,2-s2.0-85193930412,,38770982.0,ar,Zouboulis C.C.,60019722;60026245;60005322;60005036;60014059;60009308;60032515;60033150;60203655;60077873;60003206;115839590;60028574;100802679;131285036;123454156;131285541;131285681;131285239,"Technische Universität München;Charité – Universitätsmedizin Berlin;Ruhr-Universitat Bochum;Universitätsklinikum Hamburg-Eppendorf;Martin-Luther-Universität Halle-Wittenberg;Universitätsklinikum Frankfurt;Universitätsklinikum Würzburg;Universitatea de Medicina si Farmacie Carol Davila din Bucuresti;Medizinische Hochschule Brandenburg Theodor Fontane;Städtisches Klinikum Dessau;Klinik Im Park, Zurich;European Hidradenitis Suppurativa Foundation e.V.;Havelklinik;Cardiovascular Center Darmstadt;Dermatology and Laser Center;Freising Skin and Laser Center;Patient Representative;German Acne Inversa Patient Association in Formation;mullewupp – Acne inversa Support Group",Munich;Berlin;Bochum;Hamburg;Halle;Frankfurt am Main;Wurzburg;Bucharest;Neuruppin;Dessau-Rosslau;Zurich;Dessau-Rosslau;Berlin;Darmstadt;Landau;Freising;Lüdinghausen;Kreis Coesfeld;Kiel,Germany;Germany;Germany;Germany;Germany;Germany;Germany;Romania;Germany;Germany;Switzerland;Germany;Germany;Germany;Germany;Germany;Germany;Germany;Germany,20.0,7102980525;6603802787;36113080200;7005465313;58914536100;57226417568;6507349732;23985205200;6701315926;56590632500;16043037500;55520084800;58915502200;24469232400;7003539290;35316256400;55348073200;57278180500;13205373600;57194276698,60077873-115839590;115839590-60005322;131285036-60033150;115839590-60032515;60003206;131285681;115839590-60005036;115839590-60026245;115839590-123454156;60077873-115839590;115839590-60009308;115839590-100802679;131285239;115839590-60028574;60014059;60019722;131285541;60203655;115839590-60032515;115839590-60005036,2024-06-01,June 2024,JDDG Journal of the German Society of Dermatology,24841.0,16100387,Journal,6,,868-889,"The S2k guideline on hidradenitis suppurativa/acne inversa (HS/AI) aims to provide an accepted decision aid for the selection/implementation of appropriate/sufficient therapy. HS/AI is a chronic recurrent, inflammatory, potentially mutilating skin disease of the terminal hair follicle-glandular apparatus, with painful, inflammatory lesions in the apocrine gland-rich regions of the body. Its point prevalence in Germany is 0.3%, it is diagnosed with a delay of 10.0 ± 9.6 years. Abnormal differentiation of the keratinocytes of the hair follicle-gland apparatus and accompanying inflammation form the central pathogenetic basis. Primary HS/AI lesions are inflammatory nodules, abscesses and draining tunnels. Recurrences in the last 6 months with at least 2 lesions at the predilection sites point to HS/AI with a 97% accuracy. HS/AI patients suffer from a significant reduction in quality of life. For correct treatment decisions, classification and activity assessment should be done with a validated tool, such as the International Hidradenitis Suppurativa Severity Scoring System (IHS4). HS/AI is classified into two forms according to the degree of detectable inflammation: active, inflammatory (mild, moderate, and severe according to IHS4) and predominantly inactive, non-inflammatory (Hurley grade I, II and III) HS/AI. Oral tetracyclines or 5-day intravenous therapy with clindamycin are equal to the effectiveness of clindamycin/rifampicin. Subcutaneously administered adalimumab, secukinumab and bimekizumab are approved for the therapy of HS/AI. Various surgical procedures are available for the predominantly non-inflammatory disease form. Drug/surgical combinations are considered a holistic therapy method.",35.0,0.0,,,,,
0,,Questions older people and caregivers ask about kidney therapies: A computer-assisted analysis,10.1016/j.pec.2025.108713,Article,,135,,"Allen, Rebecca;Nakonechnyi, Alex;Norton, Sally A.;Saeed, Fahad",07383991,Chronic Kidney Disease | Computational Linguistic Analysis | End-of-Life Planning | Kidney Therapy Decision-Making | Nephrology Communication,2-s2.0-85218888789,S0738399125000801,40010059.0,ar,Allen R.,60012831;60118163;60018883,University of Rochester School of Medicine and Dentistry;University of Rochester School of Nursing;Mount St. Joseph University,Rochester;Rochester;Cincinnati,United States;United States;United States,4.0,57251184400;57219532212;7201797121;55948956300,60018883;60018883;60118163;60012831,2025-06-01,June 2025,Patient Education and Counseling,22460.0,18735134,Journal,,108713,,"Background: Older adults with advanced chronic kidney disease (CKD) face complex and often overwhelming decisions regarding kidney therapy (KT), yet little is known about the specific information they and their caregivers seek during these discussions. Understanding informational needs is critical for improving shared decision-making. Objectives: To identify and compare questions asked by patients and caregivers during KT decision-making visits. Methods: A dataset of 36 transcribed kidney therapy (KT) decision-making focused outpatient palliative care encounters—conducted by a single clinician in patient homes and/or a single clinic—was analyzed using computational linguistic techniques supplemented by manual verification. Participants included 25 patients aged ≥ 75 years with an estimated glomerular filtration rate ≤ 25 ml/min/1.73 m², identified by nephrologists as needing KT decision-making support. Caregivers (n = 15) were included when present. All patients received a decision aid and question prompt list. Visits were led by a nephrologist board-certified in palliative care. Results: Across 36 visits, 640 questions were recorded, averaging 17.78 per visit. The presence of a caregiver did not significantly affect the number of questions patients asked (10.42 vs. 10.00). Patients were more likely to ask conversational cooperation questions (37 % vs. caregivers' 19 %), while caregivers focused more on dialysis (38 % vs. patients' 25 %). Both groups asked a similar amount of questions about chronic kidney disease (patients 11 %, caregivers 10 %) and conservative kidney management (patients 4 %, caregivers 5 %). End-of-life inquiries were minimal, with patients asking 4 % of questions and caregivers none. Conclusions: Patients and caregivers have different information needs during KT decision-making, highlighting the importance of addressing educational, decisional, and EOL planning gaps. Practice Implications: Targeted educational interventions that address patients' and caregivers' unique preferences and information gaps are essential, including question prompt lists and decision aids with coaching, which AI-driven approaches could further optimize.",2.0,0.0,,,NIDDK,,National Institute of Diabetes and Digestive and Kidney Diseases
2,,Assessing TDApp: An AI-based clinical decision support system for ADHD treatment recommendations,10.3389/fpsyt.2025.1582746,Article,,16,,"Baykova, Evgenia;Raya, Òscar;Lombardía, Cristina;Gonzalvo, Begoña;Andreu, Inés;Losada, David;Falkenhain, Tania;Cunill, Ruth;Serrano, Domènec;Rigau, David;Ramírez-Saco, David;López, Beatriz;Castells, Xavier",,Artificial intelligence (AI) | Attention defcit hyperactivity disorder (ADHD) | clinical practice guidelines | evidence base for decision making | patient empowerment | recommendation systems | shared decision making,2-s2.0-105014924898,,,ar,Baykova E.,60009952;113102342;108175354;129138249;128154013,Universitat de Girona;Vall d'Hebron Barcelona Hospital Campus;Hospital Sant Joan de Déu;Institute of Health Care (ICS-IAS);Ibero-American Cochrane Center (CCIb),Girona;Barcelona;Barcelona;Girona;Barcelona,Spain;Spain;Spain;Spain;Spain,13.0,36456794000;57221736900;60083729700;18934915400;60083402400;60082759400;60083402500;22978830400;60083563600;6508202804;57445732900;7101920956;6701917757,129138249;60009952;129138249;129138249;129138249;129138249;129138249;108175354;129138249;128154013;113102342;60009952;60009952,2025-01-01,2025,Frontiers in Psychiatry,21100216569.0,16640640,Journal,,1582746,,"Introduction: Clinical practice guidelines (CPGs) have several limitations, namely: obsolescence, lack of personalization, and insufficient patient participation. These factors may contribute to suboptimal treatment recommendation compliance and poorer clinical outcomes. APPRAISE-RS is an adaptation of the GRADE heuristic designed to generate CPG-like treatment recommendations that are automated, updated, personalized, participatory, and explanatory using a symbolic AI approach. TDApp is a clinical decision support system (CDSS) that implements APPRAISE-RS for ADHD. Methods: Two clinical trials were conducted. In both studies a total of 33 and 32 ADHD patients, respectively, requiring treatment initiation or a major treatment change were enrolled. TDApp recommendations were compared to those of selected CPGs (American Academy of Pediatrics, National Institute for Health and Care Excellence, Spanish Health System, Canadian ADHD Resource Alliance, and the Australasian ADHD Professionals Association) CPGs. The diversity of treatment recommendations was analyzed using Blau’s index. Concordance between TDApp and CPGs recommendations was assessed by calculating the proportion of patients for whom TDApp recommended one drug that was also endorsed by CPGs. Dendrograms were plotted to compare the distance between treatment recommendations as calculated using the NbN nomenclature. Results: The first study investigated eight methods that differed in how patient and clinician preferred outcomes were handled and the extent to which TDApp tailored the analysis of evidence. The method deemed most suitable was examined in the second study, which found that 50-75% of the patients received at least one favorable treatment recommendation. TDApp evaluated over 10 drugs, including recently marketed ones, with amphetamine derivatives emerging as the most frequently recommended interventions. TDApp generated 8–12 distinct treatment recommendations with a diversity index of 0.70-0.88, which was higher than those of CPGs. The proportion of patients for whom TDApp recommendations overlapped with at least one drug endorsed by CPGs ranged from 21.9% to 100%. Dendrogram analysis revealed that TDApp was positioned on one side of the tree, while CPGs clustered together on the opposite side. Conclusions: TDApp is an advanced prototype of an CDSS offering automated, participatory, personalized, and explanatory treatment recommendations for ADHD. It represents a promising alternative to CPGs for aiding clinicians and patients in shared treatment decision-making.",0.0,1.0,all publisherfullgold,All Open Access Gold,UdG,AIN2018E,Universitat de Girona
3,,"Artificial intelligence, heuristic biases, and the optimization of health outcomes: Cautionary optimism",10.3390/jcm10225284,Article,,10,,"Feehan, Michael;Owen, Leah A.;McKinnon, Ian M.;Deangelis, Margaret M.",,Artificial intelligence | Bias | Electronic health record | Health outcomes | Heuristics | Machine learning | Ophthalmology | Population health,2-s2.0-85118950078,,,ar,Feehan M.,60024978;60101632;60105926;101274830,University of Utah School of Medicine;Jacobs School of Medicine and Biomedical Sciences;VA Western New York Healthcare System;Cerner,Salt Lake City;Buffalo;Buffalo;Kansas City,United States;United States;United States;United States,4.0,57522830000;57208640962;57331563800;35893935300,101274830-60024978-60101632;60024978-60101632;101274830;60024978-60101632-60105926,2021-11-01,November-2 2021,Journal of Clinical Medicine,21101054449.0,20770383,Journal,22,5284,,"The use of artificial intelligence (AI) and machine learning (ML) in clinical care offers great promise to improve patient health outcomes and reduce health inequity across patient populations. However, inherent biases in these applications, and the subsequent potential risk of harm can limit current use. Multi-modal workflows designed to minimize these limitations in the development, implementation, and evaluation of ML systems in real-world settings are needed to improve efficacy while reducing bias and the risk of potential harms. Comprehensive consideration of rapidly evolving AI technologies and the inherent risks of bias, the expanding volume and nature of data sources, and the evolving regulatory landscapes, can contribute meaningfully to the development of AI-enhanced clinical decision making and the reduction in health inequity.",19.0,1.0,all publisherfullgold repository repositoryam,All Open Access Gold Green,,,
4,,The Artificial Intelligence Clinician learns optimal treatment strategies for sepsis in intensive care,10.1038/s41591-018-0213-5,Article,,24,,"Komorowski, Matthieu;Celi, Leo A.;Badawi, Omar;Gordon, Anthony C.;Faisal, A. Aldo",10788956,,2-s2.0-85055475795,,30349085.0,ar,Komorowski M.,60015150;60030058;60015879;60097350;60106716;60024261,Imperial College London;Beth Israel Deaconess Medical Center;Medical Research Council;Harvard-MIT Health Sciences and Technology;Philips Healthcare Nederland;University of Maryland School of Pharmacy,London;Boston;London;Cambridge;Eindhoven;Baltimore,United Kingdom;United States;United Kingdom;United States;Netherlands;United States,5.0,55639773100;16033282700;6506106830;57206874913;6602900233,60015150-60097350;60097350-60030058;60097350-60106716-60024261;60015150;60015150-60015879,2018-11-01,1 November 2018,Nature Medicine,15819.0,1546170X,Journal,11,,1716-1720,"Sepsis is the third leading cause of death worldwide and the main cause of mortality in hospitals <sup>1–3</sup> , but the best treatment strategy remains uncertain. In particular, evidence suggests that current practices in the administration of intravenous fluids and vasopressors are suboptimal and likely induce harm in a proportion of patients <sup>1,4–6</sup> . To tackle this sequential decision-making problem, we developed a reinforcement learning agent, the Artificial Intelligence (AI) Clinician, which extracted implicit knowledge from an amount of patient data that exceeds by many-fold the life-time experience of human clinicians and learned optimal treatment by analyzing a myriad of (mostly suboptimal) treatment decisions. We demonstrate that the value of the AI Clinician’s selected treatment is on average reliably higher than human clinicians. In a large validation cohort independent of the training data, mortality was lowest in patients for whom clinicians’ actual doses matched the AI decisions. Our model provides individualized and clinically interpretable treatment decisions for sepsis that could improve patient outcomes.",873.0,0.0,,,BMS,RP-2015-06-018,Bristol-Myers Squibb
1,,Thrombosis origin identification of cardioembolism and large artery atherosclerosis by distinct metabolites,10.1136/neurintsurg-2022-019047,Article,,15,,"Li, Wei;Bai, Xuesong;Hao, Jiheng;Xu, Xin;Lin, Feng;Jiang, Qunlong;Ding, Chunguang;Dai, Gaolei;Peng, Fangda;Zhang, Meng;Feng, Yao;Wang, Jiyue;Chen, Xianyang;Xue, Teng;Guo, Xiaofan;Fu, Zhaolin;Chen, Wen Huo;Zhang, Liyong;Wang, Chaodong;Jiao, Liqun",17598478,Embolic | Stroke | Thrombectomy | Thrombolysis,2-s2.0-85132381903,,35654581.0,ar,Li W.,60005206;60080985;60081479;60010342;112549812;123034915;129831733;126510200;128456567;126510638,"Fujian Medical University;Xuanwu Hospital, Capital Medical University;Liaocheng People's Hospital;Loma Linda University Health;China International Neuroscience Institute (China-INI);NHC;National Clinical Research Center for Geriatric Diseases;Bao Feng Key Laboratory of Genetics and Metabolism;Guangdong-Macao In-Depth Cooperation Zone in Hengqin;Zhongguancun Biological and Medical Big Data Center",Fuzhou;Beijing;Liaocheng;Loma Linda;Beijing;Beijing;Beijing;Beijing;Zhuhai;Beijing,China;China;China;United States;China;China;China;China;China;China,20.0,57887249600;57193704192;55568103900;57190405143;56701493300;57200084333;57216126624;57210057419;57222603469;55827911800;57205330086;35206530500;57385899700;57225077138;56707815500;57753610100;23990283300;55568486400;24178400400;26425029300,60080985-60081479-112549812;60080985-112549812;60081479;60080985-112549812;60005206;60081479;123034915;60081479;123034915;60081479;60080985;60081479;126510638-126510200;126510200-128456567;60010342;60080985-112549812;60005206;60081479;60080985-129831733;60080985-112549812,2023-07-01,1 July 2023,Journal of Neurointerventional Surgery,19700201513.0,17598486,Journal,7,,701-707,"Background The diagnosis of cerebral thrombosis origin is challenging and remains unclear. This study aims to identify thrombosis due to cardioembolism (CE) and large artery atherosclerosis (LAA) from a new perspective of distinct metabolites. Methods Distinct metabolites between 26 CE and 22 LAA origin thrombi, which were extracted after successful mechanical thrombectomy in patients with acute ischemic stroke in the anterior circulation, were analyzed with a ultra performance liquid chromatography coupled with quadrupole time-of-flight mass spectrometry (UPLC-QTOF-MS) system. Enriched metabolic pathways related to the metabolites were identified. Least absolute shrinkage selection operator regression analyses and a filtering method were used to select potential predictors. Furthermore, four machine learning classifiers, including decision tree, logistic regression, random forest (RF), and k means unsupervised classification model, were used to evaluate the predictive ability of the selected metabolites. Results UPLC-QTOF-MS analysis revealed that levels of 88 and 55 metabolites were elevated in LAA and CE thrombi, respectively. Kyoto Encyclopedia of Genes and Genomes analysis revealed a significant difference between the pathways enriched in the two types of thrombi. Six metabolites (diglyceride (DG, 18:3/24:0), DG (22:0/24:0), phytosphingosine, galabiosylceramide (18:1/24:1), triglyceride (15:0/16:1/o-18:0), and glucosylceramide (18:1/24:0)) were finally selected to build a predictive model. The predictive RF model was confirmed to be the best, with a satisfactory stability and prediction capacity (area under the curve=0.889). Conclusions Six metabolites as potential predictors for distinguishing between cerebral thrombi of CE and LAA origin were identified. The results are useful for understanding the pathogenesis and for secondary stroke prevention.",16.0,0.0,,,NSFC,82171303,National Natural Science Foundation of China
2,,Acute stroke CDS: automatic retrieval of thrombolysis contraindications from unstructured clinical letters,10.3389/fdgth.2023.1186516,Article,,5,,"Cutforth, Murray;Watson, Hannah;Brown, Cameron;Wang, Chaoyang;Thomson, Stuart;Fell, Dickon;Dilys, Vismantas;Scrimgeour, Morag;Schrempf, Patrick;Lesh, James;Muir, Keith;Weir, Alexander;O’Neil, Alison Q.",,acute stroke | clinical decision support (CDS) | machine learning (ML) | named entity recognition (NER) | thrombolysis,2-s2.0-85163949691,,,ar,Cutforth M.,60027272;60001574;121322689,"The University of Edinburgh;College of Medical, Veterinary & Life Sciences;Canon Medical Research Europe",Edinburgh;Glasgow;Edinburgh,United Kingdom;United Kingdom;United Kingdom,13.0,57223091433;57219469239;58374352100;58602796100;58452878400;58452878500;57194786256;58452878600;57191989241;58451476500;7102230215;24726294600;36551643600,121322689;121322689;60001574;121322689;121322689;121322689;121322689;121322689;121322689;121322689;60001574;121322689;121322689-60027272,2023-01-01,2023,Frontiers in Digital Health,21101090720.0,2673253X,Journal,,1186516,,"Introduction: Thrombolysis treatment for acute ischaemic stroke can lead to better outcomes if administered early enough. However, contraindications exist which put the patient at greater risk of a bleed (e.g. recent major surgery, anticoagulant medication). Therefore, clinicians must check a patient's past medical history before proceeding with treatment. In this work we present a machine learning approach for accurate automatic detection of this information in unstructured text documents such as discharge letters or referral letters, to support the clinician in making a decision about whether to administer thrombolysis. Methods: We consulted local and national guidelines for thrombolysis eligibility, identifying 86 entities which are relevant to the thrombolysis decision. A total of 8,067 documents from 2,912 patients were manually annotated with these entities by medical students and clinicians. Using this data, we trained and validated several transformer-based named entity recognition (NER) models, focusing on transformer models which have been pre-trained on a biomedical corpus as these have shown most promise in the biomedical NER literature. Results: Our best model was a PubMedBERT-based approach, which obtained a lenient micro/macro F1 score of 0.829/0.723. Ensembling 5 variants of this model gave a significant boost to precision, obtaining micro/macro F1 of 0.846/0.734 which approaches the human annotator performance of 0.847/0.839. We further propose numeric definitions for the concepts of name regularity (similarity of all spans which refer to an entity) and context regularity (similarity of all context surrounding mentions of an entity), using these to analyse the types of errors made by the system and finding that the name regularity of an entity is a stronger predictor of model performance than raw training set frequency. Discussion: Overall, this work shows the potential of machine learning to provide clinical decision support (CDS) for the time-critical decision of thrombolysis administration in ischaemic stroke by quickly surfacing relevant information, leading to prompt treatment and hence to better patient outcomes.",3.0,1.0,all publisherfullgold repository repositoryam,All Open Access Gold Green,UKRI,104690,UK Research and Innovation
4,,Use of Clinical Pathway Simulation and Machine Learning to Identify Key Levers for Maximizing the Benefit of Intravenous Thrombolysis in Acute Stroke,10.1161/STROKEAHA.121.038454,Article,,53,,"Allen, Michael;James, Charlotte;Frost, Julia;Liabo, Kristin;Pearn, Kerry;Monks, Thomas;Everson, Richard;Stein, Ken;James, Martin",00392499,clinical pathways | decision making | hospitals | machine learning | qualitative research,2-s2.0-85136499470,,35862194.0,ar,Allen M.,60026479;60111707;60013785,University of Exeter;University of Exeter Medical School;Royal Devon and Exeter Hospital,Exeter;Exeter;Exeter,United Kingdom;United Kingdom;United Kingdom,9.0,57188766014;57201007115;8856263500;15728298800;12766078500;55335012000;7006615147;56367026700;35784487400,60111707;60111707;60111707;60111707;60111707;60111707;60026479;60111707;60013785,2022-09-01,1 September 2022,Stroke,20618.0,15244628,Journal,9,,2758-2767,"Background: Expert opinion is that about 20% of emergency stroke patients should receive thrombolysis. Currently, 11% to 12% of patients in England and Wales receive thrombolysis, ranging from 2% to 24% between hospitals. The aim of this study was to assess how much variation is due to differences in local patient populations, and how much is due to differences in clinical decision-making and stroke pathway performance, while estimating a realistic target thrombolysis use. Methods: Anonymised data for 246 676 emergency stroke admissions to 132 acute hospitals in England and Wales between 2016 and 2018 was obtained from the Sentinel Stroke National Audit Programme data. We used machine learning to learn decisions on who to give thrombolysis to at each hospital. We used clinical pathway simulation to model effects of changing pathway performance. Qualitative research was used to assess clinician attitudes to these methods. Three changes were modeled: (1) arrival-to-treatment in 30 minutes, (2) proportion of patients with determined stroke onset times set to at least the national upper quartile, (3) thrombolysis decisions made based on majority vote of a benchmark set of hospitals. Results: Of the modeled changes, any single change was predicted to increase national thrombolysis use from 11.6% to between 12.3% to 14.5% (clinical decision-making having the most effect). Combined, these changes would be expected to increase thrombolysis to 18.3%, but there would still be significant variation between hospitals depending on local patient population. Clinicians engaged well with the modeling, but those from hospitals with lower thrombolysis use were most cautious about the methods. Conclusions: Machine learning and clinical pathway simulation may be applied at scale to national stroke audit data, allowing extended use and analysis of audit data. Stroke thrombolysis rates of at least 18% look achievable in England and Wales, but each hospital should have its own target.",6.0,1.0,all publisherhybridgold repository repositoryam,All Open Access Hybrid Gold Green,NIHR,,National Institute for Health and Care Research
2,,Gamma-Glutamyl Transferase Plus Carcinoembryonic Antigen Ratio Index: A Promising Biomarker Associated with Treatment Response to Neoadjuvant Chemotherapy for Patients with Colorectal Cancer Liver Metastases,10.3390/curroncol32020117,Article,,32,,"Yin, Yanjiang;Xu, Bowen;Chang, Jianping;Li, Zhiyu;Bi, Xinyu;Wei, Zhicheng;Che, Xu;Cai, Jianqiang",,biomarker | colorectal cancer liver metastases | machine learning | neoadjuvant chemotherapy | treatment response,2-s2.0-85218707674,,39996917.0,ar,Yin Y.,60031031;60122781;60073456,"Shandong University;Chinese Academy of Medical Sciences & Peking Union Medical College;Cancer Institute & Hospital, Chinese Academy of Medical Sciences & Peking Union Medical College",Jinan;Beijing;Beijing,China;China;China,8.0,57225969168;57218139681;58879584300;57030877400;7102242906;59648532400;7005743411;8835616900,60122781-60073456;60122781-60073456-60031031;60122781;60122781;60122781;60122781;60122781;60122781-60073456,2025-02-01,February 2025,Current Oncology,29319.0,17187729,Journal,2,117,,"Background: Colorectal cancer liver metastasis (CRLM) is a significant contributor to cancer-related illness and death. Neoadjuvant chemotherapy (NAC) is an essential treatment approach; however, optimal patient selection remains a challenge. This study aimed to develop a machine learning-based predictive model using hematological biomarkers to assess the efficacy of NAC in patients with CRLM. Methods: We retrospectively analyzed the clinical data of 214 CRLM patients treated with the XELOX regimen. Blood characteristics before and after NAC, as well as the ratios of these biomarkers, were integrated into the machine learning models. Logistic regression, decision trees (DTs), random forest (RF), support vector machine (SVM), and AdaBoost were used for predictive modeling. The performance of the models was evaluated using the AUROC, F1-score, and external validation. Results: The DT (AUROC: 0.915, F1-score: 0.621) and RF (AUROC: 0.999, F1-score: 0.857) models demonstrated the best predictive performance in the training cohort. The model incorporating the ratio of post-treatment to pre-treatment gamma-glutamyl transferase (rGGT) and carcinoembryonic antigen (rCEA) formed the GCR index, which achieved an AUROC of 0.853 in the external validation. The GCR index showed strong clinical relevance, predicting better chemotherapy responses in patients with lower rCEA and higher rGGT levels. Conclusions: The GCR index serves as a predictive biomarker for the efficacy of NAC in CRLM, providing a valuable clinical reference for the prognostic assessment of these patients.",0.0,1.0,all publisherfullgold repository repositoryam,All Open Access Gold Green,CAMS,2021-I2M-1-066,Chinese Academy of Meteorological Sciences
3,,Hippocampal nicotinic acetylcholine receptor signaling mediates the anti-allodynic effect of ketamine and morphine on neuropathic pain,10.1016/j.neuroscience.2024.11.067,Article,,565,,"Rahiminezhad Seta, Romina;Eftekhari Mahabadi, Samaneh;Delphi, Ladan;Alijanpour, Sakineh;Rezayof, Ameneh",03064522,Decision trees | Generalized Least Square Model | Hippocampus | Morphine/Ketamine/mecamylamine | Neuropathic pain | Rat(s),2-s2.0-85211059191,S0306452224006560,39615650.0,ar,Rahiminezhad Seta R.,60022927;60105970,University of Tehran;Gonbad Kavous University,Tehran;Gonbad Kavous,Iran;Iran,5.0,59458618900;56602769800;16063298400;23024054200;8885973300,60022927;60022927;60022927;60022927-60105970;60022927,2025-01-26,26 January 2025,Neuroscience,18042.0,18737544,Journal,,,138-147,"The present study investigated the involvement of hippocampal nicotinic acetylcholine receptors (nAChRs) in the anti-allodynic effect of ketamine/morphine on neuropathic pain in adult male Wistar rats. Morphine or ketamine administration decreased the percentage of maximum possible effect (MPE%), indicating an analgesic effect. The most significant decrease occurred with a 5 mg/kg dose of morphine (average MPE% = 98), while a 0.5 mg/kg dose of ketamine resulted in a high response (average MPE% = 91), using decision trees as a machine learning tool. Combining morphine and ketamine improved neuropathic pain (average MPE% = 91). Intra-CA1 microinjection of mecamylamine (2 μg/rat) with morphine (3 mg/kg) reduced neuropathic pain (average MPE% = 94). Co-administration of lower doses of ketamine (0.1 mg/kg, i.p.) and mecamylamine (0.5 or 1 μg/rat) with morphine (3 mg/kg) led to a considerable reduction in pain (average MPE% = 91). Utilizing the generalized least squares (GLS) model enabled the establishment of a continuous relation between drug dose and MPE% as the outcome of interest. There was a 19.60 higher average MPE% for each mg/kg increase in morphine dose. In contrast, there was a 17.05 higher average MPE% for every 0.1 mg/kg increase in ketamine dose. Each 0.1 mg/kg increase in ketamine dose, when combined with morphine (3 mg/kg), led to a 30.85 higher average MPE%. A tenfold impact of increasing mecamylamine dosage on MPE% was observed when paired with morphine. Thus, hippocampal nAChRs play a significant role in mediating the anti-allodynic effect of ketamine and morphine in neuropathic pain.",1.0,0.0,,,,,
6,,Are crystalloid-based fluid expansion strategies still relevant in the first hours of trauma induced hemorrhagic shock?,10.1186/s13054-024-05185-7,Article,,28,,"Tubert, Perrine;Kalimouttou, Alexandre;Bouzat, Pierre;David, Jean Stéphane;Gauss, Tobias",13648535,Advanced monitoring | Crystalloid fluids | Fluid resuscitation | Permissive hypotension | Trauma care | Trauma-induced hemorrhagic shock | Vasopressors,2-s2.0-85212488095,,39695790.0,ar,Tubert P.,60104653;60001780;60210122;60108157,"Université Grenoble Alpes;Centre Hospitalier Lyon-Sud;Grenoble Institut des Neurosciences;Qualité, Sécurité Performances en Santé",Saint Martin d'Heres;Lyon;La Tronche;Lyon,France;France;France;France,5.0,59479599400;57986498700;16308831100;7401663552;13907520300,60104653;60104653;60104653-60210122;60001780-60108157;60104653-60210122,2024-12-01,December 2024,Critical Care,29914.0,1466609X,Journal,1,416,,"Background: Crystalloid-based fluid resuscitation has long been a cornerstone in the initial management of trauma-induced hemorrhagic shock. However, its benefit is increasingly questioned as it is suspected to increase bleeding and worsen coagulopathy. The emergence of alternative strategies like permissive hypotension and vasopressor use lead to a shift in early trauma care practices. Critical appraisal of current evidence is necessary to guide clinicians and outline research perspectives. Main text: Current guidelines for managing trauma-induced hemorrhagic shock suggest titrating fluids and using vasopressors to achieve minimal blood pressure targets until hemorrhage is controlled. In case of traumatic brain injury with severe hemorrhage, blood pressure target increases. The scientific literature supporting these recommendations is limited, and several aspects remain the subject of ongoing scientific debate. The aim of this review is to evaluate the existing evidence on low-volume fluid resuscitation during the first hours of trauma management, with an emphasis on its integration with permissive hypotension, vasopressor use and cerebral perfusion pressure in traumatic brain injury. The review also highlights the limitations of current guidelines, particularly the lack of robust evidence supporting specific type of fluid, volumes and administration protocols tailored to specific trauma scenarios and populations. Emerging technologies such as point-of-care diagnostics, integrated monitoring systems, and machine learning hold promise for enhancing clinical decision-making in trauma care. These innovations could play a crucial role, ultimately helping clinicians address critical unanswered questions in trauma management and improve patient survival. Conclusions: Crystalloid-based resuscitation remains relevant in early trauma care, but its application must be reassessed considering recent evidence and evolving practices. Further research is essential to refine fluid resuscitation guidelines, particularly in defining safe fluid volumes and the role of vasopressors. The integration of advanced monitoring technologies may offer new opportunities to optimize trauma care and improve outcomes.",5.0,1.0,all publisherfullgold repository repositoryam,All Open Access Gold Green,,,
7,,A Machine Learning Algorithm Avoids Unnecessary Paracentesis for Exclusion of SBP in Cirrhosis in Resource-limited Settings,10.1016/j.cgh.2024.06.015,Article,,22,,"Silvey, Scott;Patel, Nilang;Liu, Jinze;Tafader, Asiya;Nadeem, Mahum;Dhaliwal, Galvin;O'Leary, Jacqueline G.;Patton, Heather;Morgan, Timothy R.;Rogal, Shari;Bajaj, Jasmohan S.",15423565,Infections | Machine Learning | Predictive Model | Resource-limited | X-gradient Boost,2-s2.0-85200557156,S154235652400555X,38906441.0,ar,Silvey S.,60026695;60002476;60012018;60010966;60121547;60105938,UT Southwestern Medical Center;Virginia Commonwealth University;University of Pittsburgh Medical Center;VCU School of Medicine;Department of Medicine;VA Long Beach Healthcare System,Dallas;Richmond;Pittsburgh;Richmond;La Jolla;Long Beach,United States;United States;United States;United States;United States;United States,11.0,57956459100;25625559700;57221875105;56021948000;57615077400;58804959300;8453457300;7003575193;7202130922;15721190100;23569203200,60002476;60010966;60002476;60010966;60010966;60010966;60026695;60121547;60105938;60012018;60010966,2024-12-01,December 2024,Clinical Gastroenterology and Hepatology,28273.0,15427714,Journal,12,,2442-2450.e8,"Background & Aims: Despite the poor prognosis associated with missed or delayed spontaneous bacterial peritonitis (SBP) diagnosis, <15% get timely paracentesis, which persists despite guidelines/education in the United States. Measures to exclude SBP non-invasively where timely paracentesis cannot be performed could streamline this burden. Methods: Using Veterans Health Administration Corporate Data Warehouse (VHA-CDW) we included patients with cirrhosis between 2009 and 2019 who underwent timely paracentesis and collected relevant clinical information (demographics, cirrhosis severity, medications, vitals, and comorbidities). XGBoost-models were trained on 75% of the primary cohort, with 25% reserved for testing. The final model was further validated in 2 cohorts: Validation cohort #1: In VHA-CDW, those without prior SBP who received 2nd early paracentesis, and Validation cohort #2: Prospective data from 276 non-electively admitted University hospital patients. Results: Negative predictive values (NPVs) at 5%,10%, and 15% probability cutoffs were examined. Primary cohort: n = 9643 (mean age, 63.1 ± 8.7 years; 97.2% men; SBP, 15.0%) received first early paracentesis. Testing-set NPVs for SBP were 96.5%, 93.0%, and 91.6% at the 5%, 10%, and 15% probability thresholds, respectively. In Validation cohort #1: n = 2844 (mean age, 63.14 ± 8.37 years; 97.1% male; SBP, 9.7%) with NPVs were 98.8%, 95.3%, and 94.5%. In Validation cohort #2: n = 276 (mean age, 56.08 ± 9.09; 59.6% male; SBP, 7.6%) with NPVs were 100%, 98.9%, and 98.0% The final machine learning model showed the greatest net benefit on decision-curve analyses. Conclusions: A machine learning model generated using routinely collected variables excluded SBP with high NPV. Applying this model could ease the need to provide paracentesis in resource-limited settings by excluding those unlikely to have SBP.",2.0,0.0,,,VA,2I01CX001076,U.S. Department of Veterans Affairs
12,,Clinical decision support for severe trauma patients: Machine learning based definition of a bundle of care for hemorrhagic shock and traumatic brain injury,10.1097/TA.0000000000003401,Article,,92,,"Lang, Elodie;Neuschwander, Arthur;Favé, Gersende;Abback, Paer Selim;Esnault, Pierre;Geeraerts, Thomas;Harrois, Anatole;Hanouz, Jean Luc;Kipnis, Eric;Leone, Marc;Legros, Vincent;Mellati, Nouchan;Pottecher, Julien;Hamada, Sophie;Pirracchio, Romain",21630755,Bundle of care | Compliance | Hemorrhagic shock | Machine learning | Traumatic brain injury,2-s2.0-85122304204,,34554136.0,ar,Lang E.,60017724;60011024;60013430;60030857;60024960;60003214;60005915;60005384;60020540;60012537;60027335;60025996,CHU Lille;Les Hôpitaux Universitaires de Strasbourg;Hopital de Bicetre;Hôpital Européen Georges-Pompidou;CHU de Toulouse;San Francisco General Hospital and Trauma Center;Hôpital Beaujon;CHU de Caen Normandie;Centre Hospitalier Universitaire de Reims;Hôpital Nord AP-HM;HIA Sainte-Anne a Toulon;Centre Hospitalier Régional Metz-Thionville,Lille;Strasbourg;Le Kremlin-Bicetre;Paris;Toulouse;San Francisco;Clichy;Caen;Reims;Marseille;Toulon;Thionville,France;France;France;France;France;United States;France;France;France;France;France;France,15.0,57211344609;55807591900;57194975933;37065775800;54786408700;7801650509;23100014400;6603892583;55919191300;9733347700;56260710300;55469800100;16234851200;36196538700;16745004400,60030857;60030857;60030857;60005915;60027335;60024960;60013430;60005384;60017724;60012537;60020540;60025996;60011024;60030857;60003214,2022-01-01,1 January 2022,Journal of Trauma and Acute Care Surgery,21100206251.0,21630763,Journal,1,,135-143,"BACKGROUND: Deviation from guidelines is frequent in emergency situations, and this may lead to increased mortality. Probably because of time constraints, 55% is the greatest reported guidelines compliance rate in severe trauma patients. This study aimed to identify among all available recommendations a reasonable bundle of items that should be followed to optimize the outcome of hemorrhagic shocks (HSs) and severe traumatic brain injuries (TBIs). METHODS: We first estimated the compliance with French and European guidelines using the data from the French TraumaBase registry. Then, we used a machine learning procedure to reduce the number of recommendations into a minimal set of items to be followed to minimize 7-day mortality. We evaluated the bundles using an external validation cohort. RESULTS: This study included 5,924 trauma patients (1,414 HS and 4,955 TBI) between 2011 and August 2019 and studied compliance to 36 recommendation items. Overall compliance rate to recommendation items was 71.6% and 66.9% for HS and TBI, respectively. In HS, compliance was significantly associated with 7-day decreased mortality in univariate analysis but not in multivariate analysis (risk ratio [RR], 0.91; 95% confidence interval [CI], 0.90–1.17; p = 0.06). In TBI, compliance was significantly associated with decreased mortality in univariate and multivariate analysis (RR, 0.85; 95% CI, 0.75–0.92; p = 0.01). For HS, the bundle included 13 recommendation items. In the validation cohort, when this bundle was applied, patients were found to have a lower 7-day mortality rate (RR, 0.46; 95% CI, 0.27–0.63; p = 0.01). In TBI, the bundle included seven items. In the validation cohort, when this bundle was applied, patients had a lower 7-day mortality rate (RR, 0.55; 95% CI, 0.34–0.71; p = 0.02). DISCUSSION: Using a machine-learning procedure, we were able to identify a subset of recommendations that minimizes 7-day mortality following traumatic HS and TBI. These two bundles remain to be evaluated in a prospective manner.",11.0,0.0,,,,,
2,,Predicting mortality in intensive care unit patients with CAUTI using an interpretable machine learning model: a retrospective cohort study from MIMIC-IV database,10.3389/fmed.2025.1665035,Article,,12,,"Liu, Longcha;Yu, Xueshu;Chen, Zhi;Zhang, Qixia;Zhuang, Danwen",,CAUTI | intensive care unit | logistic regression | mortality | prediction | SHAP,2-s2.0-105016816452,,,ar,Liu L.,60122342,The First Affiliated Hospital of Wenzhou Medical University,Wenzhou,China,5.0,59517263300;57214835326;60110579300;58195857700;58992132000,60122342;60122342;60122342;60122342;60122342,2025-01-01,2025,Frontiers in Medicine,21100868809.0,2296858X,Journal,,1665035,,"Objective: The aim of this study was to develop a reliable model for predicting mortality in patients with catheter-associated urinary tract infection (CAUTI) in intensive care unit (ICU). Methods: The MIMIC-IV database was used for model development and validation in this study. Data from the first 24 h of ICU admission were collected, and 70% of the data were used to train the model and 30% to validate the model. Four machine learning models, including XGBoost, DecisionTree (DT), Logistic Regression (LR) and Random Forest (RF), were used to construct the prediction model. The SHAP method was used to explain the best performance model. Results: A total of 545 patients with CAUTI were finally included. The mortality of ICU patients with CAUTI was 7.89% (43/545). The area under the curve (AUC) of the Logistic regression model was 0.871, which showed better prediction performance among the four models. The DecisionTree machine had limited generalization ability, with an AUC of 0.542 and relatively poor prediction accuracy. The SHAP technique revealed 13 most important predictors of CAUTI in order of importance, among which use of vasoactive drugs,shock index,APSIII score, and concomitant malignancy were identified as variables with high predictive significance. Conclusion: The interpretable prediction model used in this study can help medical staff improve their ability to predict the risk of death in patients with CAUTI in ICU.",0.0,1.0,all publisherfullgold repository repositoryam,All Open Access Gold Green,WMSTB,Y20220607,Wenzhou Municipal Science and Technology Bureau
8,,Circulating miR-133a-3p defines a low-risk subphenotype in patients with heart failure and central sleep apnea: a decision tree machine learning approach,10.1186/s12967-023-04558-w,Article,,21,,"de Gonzalo-Calvo, David;Martinez-Camblor, Pablo;Belmonte, Thalia;Barbé, Ferran;Duarte, Kevin;Cowie, Martin R.;Angermann, Christiane E.;Korte, Andrea;Riedel, Isabelle;Labus, Josephine;Koenig, Wolfgang;Zannad, Faiez;Thum, Thomas;Bär, Christian",,Biomarker | Central sleep apnea | Decision tree learning | Heart failure | Machine learning | microRNA | Reduced ejection fraction | SERVE-HF,2-s2.0-85174485904,,37864227.0,ar,de Gonzalo-Calvo D.,60019722;60104289;60024052;60007267;60005518;60032515;60106629;60102756;60105371;60012447;60025714;60203650,Technische Universität München;Université de Lorraine;Hannover Medical School;Geisel School of Medicine at Dartmouth;Guy's and St Thomas' NHS Foundation Trust;Universitätsklinikum Würzburg;Deutsches Zentrum für Herz-Kreislauf-Forschung e. V.;Centro de Investigación Biomédica en Red de Enfermedades Respiratorias;Universidad Autónoma de Chile;Hospital Arnau de Vilanova;Fraunhofer Institute for Toxicology and Experimental Medicine ITEM;Medizinischen Fakultät der Universität Ulm,Munich;Nancy;Hannover;Hanover;London;Wurzburg;Berlin;Madrid;Temuco;Valencia;Hannover;Ulm,Germany;France;Germany;United States;United Kingdom;Germany;Germany;Spain;Chile;Spain;Germany;Germany,14.0,25823698600;24462229000;57217440057;7007035883;55914841900;7006231575;7004276575;59075849500;57207780123;56435876900;55586732900;57371940200;57195743477;56526630600,60012447-60102756;60007267-60105371;60012447-60102756;60012447-60102756;60104289;60005518;60032515;60024052;60024052;60024052;60019722-60106629-60203650;60104289;60024052-60025714;60024052-60025714,2023-12-01,December 2023,Journal of Translational Medicine,16440.0,14795876,Journal,1,742,,"Background: Patients with heart failure with reduced ejection fraction (HFrEF) and central sleep apnea (CSA) are at a very high risk of fatal outcomes. Objective: To test whether the circulating miRNome provides additional information for risk stratification on top of clinical predictors in patients with HFrEF and CSA. Methods: The study included patients with HFrEF and CSA from the SERVE-HF trial. A three-step protocol was applied: microRNA (miRNA) screening (n = 20), technical validation (n = 60), and biological validation (n = 587). The primary outcome was either death from any cause, lifesaving cardiovascular intervention, or unplanned hospitalization for worsening of heart failure, whatever occurred first. MiRNA quantification was performed in plasma samples using miRNA sequencing and RT-qPCR. Results: Circulating miR-133a-3p levels were inversely associated with the primary study outcome. Nonetheless, miR-133a-3p did not improve a previously established clinical prognostic model in terms of discrimination or reclassification. A customized regression tree model constructed using the Classification and Regression Tree (CART) algorithm identified eight patient subphenotypes with specific risk patterns based on clinical and molecular characteristics. MiR-133a-3p entered the regression tree defining the group at the lowest risk; patients with log(NT-proBNP) ≤ 6 pg/mL (miR-133a-3p levels above 1.5 arbitrary units). The overall predictive capacity of suffering the event was highly stable over the follow-up (from 0.735 to 0.767). Conclusions: The combination of clinical information, circulating miRNAs, and decision tree learning allows the identification of specific risk subphenotypes in patients with HFrEF and CSA.",7.0,1.0,all publisherfullgold repository repositoryam,All Open Access Gold Green,EC,PI20/00577,ResMed
9,,Machine Learning-Based Prediction of Digoxin Toxicity in Heart Failure: A Multicenter Retrospective Study,10.1248/bpb.b22-00823,Article,,46,,"Asai, Yuki;Tashiro, Takumi;Kondo, Yoshihiro;Hayashi, Makoto;Arihara, Hiroki;Omote, Saki;Tanio, Ena;Yamashita, Saena;Higuchi, Takashi;Hashimoto, Ei;Yamada, Momoko;Tsuji, Hinako;Hayakawa, Yuji;Suzuki, Ryohei;Muro, Hiroya;Yamamoto, Yoshiaki",09186158,creatinine clearance | decision tree analysis | digoxin | flowchart | heart failure | machine learning,2-s2.0-85151366982,,37005306.0,ar,Asai Y.,60025760;60013010;60199382;60026887;60199394;60199402;60199413;60199404,National Center for Geriatrics and Gerontology;National Hospital Organization Nagoya Medical Center;National Hospital Organization Shizuoka Medical Center;National Hospital Organization Shizuoka Institute of Epilepsy and Neurological Disorders;National Hospital Organization Kanazawa Medical Center;National Hospital Organization Mie Chuo Medical Center;National Hospital Organization Higashi Nagoya National Hospital;National Hospital Organization Toyohashi Medical Center,Obu;Nagoya;Shizuoka;Shizuoka;Kanazawa;Tsu;Nagoya;Toyohashi,Japan;Japan;Japan;Japan;Japan;Japan;Japan;Japan,16.0,57220114404;58165427700;58139457000;58139237700;57289613500;58139668900;58140101900;58139883700;58138802600;58139669000;58140312800;58139020500;57949710700;56712280300;57205893210;55476364200,60199402;60199382;60013010;60013010;60199394;60199394;60199394;60199394;60199394;60199394;60199394;60199394;60025760;60199413;60199404;60026887,2023-04-01,April 2023,Biological and Pharmaceutical Bulletin,20064.0,13475215,Journal,4,,614-620,"Digoxin toxicity (plasma digoxin concentration ≥0.9 ng/mL) is associated with worsening heart failure (HF). Decision tree (DT) analysis, a machine learning method, has a flowchart-like model where users can easily predict the risk of adverse drug reactions. The present study aimed to construct a flowchart using DT analysis that can be used by medical staff to predict digoxin toxicity. We conducted a multicenter retrospective study involving 333 adult patients with HF who received oral digoxin treatment. In this study, we employed a chi-squared automatic interaction detection algorithm to construct DT models. The dependent variable was set as the plasma digoxin concentration (≥ 0.9 ng/mL) in the trough during the steady state, and factors with p < 0.2 in the univariate analysis were set as the explanatory variables. Multivariate logistic regression analysis was conducted to validate the DT model. The accuracy and misclassification rates of the model were evaluated. In the DT analysis, patients with creatinine clearance <32 mL/min, daily digoxin dose ≥1.6 μg/kg, and left ventricular ejection fraction ≥50% showed a high incidence of digoxin toxicity (91.8%; 45/49). Multivariate logistic regression analysis revealed that creatinine clearance <32 mL/min and daily digoxin dose ≥ 1.6 μg/kg were independent risk factors. The accuracy and misclassification rates of the DT model were 88.2 and 46.2 ± 2.7%, respectively. Although the flowchart created in this study needs further validation, it is straightforward and potentially useful for medical staff in determining the initial dose of digoxin in patients with HF.",4.0,1.0,all publisherfullgold,All Open Access Gold,KAKEN,22K15331,Japan Society for the Promotion of Science
10,,Factor analysis based on SHapley Additive exPlanations for sepsis-associated encephalopathy in ICU mortality prediction using XGBoost — a retrospective study based on two large database,10.3389/fneur.2023.1290117,Article,,14,,"Guo, Jiayu;Cheng, Hongtao;Wang, Zicheng;Qiao, Mengmeng;Li, Jing;Lyu, Jun",,eICU-CRD | ICU mortality | MIMIC-IV | sepsis-associated encephalopathy (SAE) | SHAP (SHapley Additive exPlanations) | XGBoost,2-s2.0-85180847090,,,ar,Guo J.,60017456;60122206;101934405;108107687,Jinan University;First Affiliated Hospital of Jinan University;Guangdong Provincial Key Laboratory of Traditional Chinese Medicine Informatization;Shannxi University of Chinese Medicine,Guangzhou;Guangzhou;Guangzhou;Xianyang,China;China;China;China,6.0,58026550000;58017578700;58785537600;57402493200;58437094900;57548966100,60122206-108107687;60122206-60017456;60122206;60122206-108107687;60122206-108107687;60122206-101934405,2023-01-01,2023,Frontiers in Neurology,21100212316.0,16642295,Journal,,1290117,,"Objective: Sepsis-associated encephalopathy (SAE) is strongly linked to a high mortality risk, and frequently occurs in conjunction with the acute and late phases of sepsis. The objective of this study was to construct and verify a predictive model for mortality in ICU-dwelling patients with SAE. Methods: The study selected 7,576 patients with SAE from the MIMIC-IV database according to the inclusion criteria and randomly divided them into training (n = 5,303, 70%) and internal validation (n = 2,273, 30%) sets. According to the same criteria, 1,573 patients from the eICU-CRD database were included as an external test set. Independent risk factors for ICU mortality were identified using Extreme Gradient Boosting (XGBoost) software, and prediction models were constructed and verified using the validation set. The receiver operating characteristic (ROC) and the area under the ROC curve (AUC) were used to evaluate the discrimination ability of the model. The SHapley Additive exPlanations (SHAP) approach was applied to determine the Shapley values for specific patients, account for the effects of factors attributed to the model, and examine how specific traits affect the output of the model. Results: The survival rate of patients with SAE in the MIMIC-IV database was 88.6% and that of 1,573 patients in the eICU-CRD database was 89.1%. The ROC of the XGBoost model indicated good discrimination. The AUCs for the training, test, and validation sets were 0.908, 0.898, and 0.778, respectively. The impact of each parameter on the XGBoost model was depicted using a SHAP plot, covering both positive (acute physiology score III, vasopressin, age, red blood cell distribution width, partial thromboplastin time, and norepinephrine) and negative (Glasgow Coma Scale) ones. Conclusion: A prediction model developed using XGBoost can accurately predict the ICU mortality of patients with SAE. The SHAP approach can enhance the interpretability of the machine-learning model and support clinical decision-making.",9.0,1.0,all publisherfullgold repository repositoryam,All Open Access Gold Green,,JNU1AF-CFTP-2022-a01235,
11,,Evaluation of decision-tree models of machine learning for the prediction of acute liver failure after resuscitation,10.19224/ai2022.350,Article,,63,,"Luckscheiter, André;Zink, W.;Thiel, M.;Viergutz, T.",01705334,"Cardiopulmonary Resuscitation | Critical Care | Decision Trees | Decision-making | Liver Failure, Acute | Maschine Learning",2-s2.0-85138658032,,,ar,Luckscheiter A.,60001972;60257150;60022960;60012147,Universitätsklinikum Mannheim;Medizinische Fakultät Mannheim;Klinikum Ludwigshafen;BG Klinik Tübingen,Mannheim;Mannheim;Ludwigshafen;Tubingen,Germany;Germany;Germany;Germany,4.0,57199176483;6701760719;7103099529;14061619100,60022960;60022960;60001972-60257150;60012147-60257150,2022-09-01,September 2022,Anasthesiologie Und Intensivmedizin,21420.0,14390256,Journal,9,,350-361,"Background Patients after cardiac arrest developing acute liver failure (ALF) show higher fatality rates and worse outcomes. As machine learning is able to support physicians in their decision-making with the help of big data in health records, the aim of this study is to evaluate decision-tree models for the prediction of ALF after resuscitation. Patients and methods The study is a secondary analysis of 347 Belgian patients after successful resuscitation from 2007 to 2015, whose anonymised dataset was published under the Creative Common Attribution Licence. For machine learning, a J48 decision-tree model as well as its AdaBoost variation and a random forest model were created. Evaluation was performed by sensitivity, specificity, positive/negative predictive value (PPV/NPV) and by the area under the receiver operator curve (AUC-ROC). Results 184 patients (53 %) developed ALF after resuscitation. The main split points in J48 were the attributes international normalised ratio ad admission (INR, threshold 1.48) and total bilirubin ad admission (threshold 0.99 mg/dl). Further splitting was performed in chronic renal and heart failure, administered amount of epinephrine during resuscitation, and the use of beta-lactam antibiotics. J48 yielded a sensitivity of 0.8 and a specificity of 0.72 (0.73 PPV/0.79 NPV, AUC-ROC 0.83). AdaBoost yielded a comparable sensitivity (0.79) and a higher PPV (0.75) and specificity (0.74, NPV 0.77, AUC-ROC 0.85). Random forest reached a sensitivity of 0.86 (PPV 0.74) and a specificity of 0.74 (NPV 0.84, AUC-ROC 0.87). The random forest achieved a significantly higher test quality in AUC-ROC than the other models. Conclusion Machine learning with decision-tree models seems to be suitable for the prediction of ALF after resuscitation. The clinical risk of developing ALF could be increased in conditions with elevated INR and total bilirubin, chronic renal and heart failure as well as prolonged resuscitation. Based on the applied attributes and developed models, further studies in large cohorts could lead to an advancement of the prediction models and therefore support physicians in diagnosis and decision-making.",0.0,0.0,,,,,
12,,Machine Learning in Drug Discovery: A Review,10.1007/s10462-021-10058-4,Article,,55,,"Dara, Suresh;Dhamercherla, Swetha;Jadav, Surender Singh;Babu, Ch Madhu;Ahsan, Mohamed Jawed",02692821,Artificial intelligence | Digital pathology | Drug discovery | Machine learning | Prognostic biomarkers | Target validation,2-s2.0-85112254412,,,ar,Dara S.,60114623;60115274;60289147,B. V. Raju Institute of Technology;Vishnu Institute of Pharmaceutical Education and Research;Maharishi Arvind College of Pharmacy,Narsapur;Narsapur;Jaipur,India;India;India,5.0,55488567900;57226667562;36910159000;55807715100;35072548900,60114623;60114623;60115274;60114623;60289147,2022-03-01,March 2022,Artificial Intelligence Review,24141.0,15737462,Journal,3,,1947-1999,"This review provides the feasible literature on drug discovery through ML tools and techniques that are enforced in every phase of drug development to accelerate the research process and deduce the risk and expenditure in clinical trials. Machine learning techniques improve the decision-making in pharmaceutical data across various applications like QSAR analysis, hit discoveries, de novo drug architectures to retrieve accurate outcomes. Target validation, prognostic biomarkers, digital pathology are considered under problem statements in this review. ML challenges must be applicable for the main cause of inadequacy in interpretability outcomes that may restrict the applications in drug discovery. In clinical trials, absolute and methodological data must be generated to tackle many puzzles in validating ML techniques, improving decision-making, promoting awareness in ML approaches, and deducing risk failures in drug discovery.",547.0,2.0,all repository repositoryam,All Open Access Green,,,
13,,Early mortality risk prediction models for patients with sepsis - induced cardiorenal syndrome based on machine learning,10.3760/cma.j.cn441217-20210525-00113,Article,,38,,"Zhang, Yingying;Liu, Yiguo;Zhao, Dan;Shi, Zhenyu;Yu, Chen",10017097,Cardio-renal syndrome | Machine learning | Mortality risk | Sepsis,2-s2.0-85161638208,,,ar,Zhang Y.,60073652,Tongji University,Shanghai,China,5.0,55921393300;57696727000;59621960400;58660689500;55930045600,60073652;60073652;60073652;60073652;60073652,2022-01-01,2022,Chinese Journal of Nephrology,21101180569.0,,Journal,9,,785-793,"Objective To explore the method of constructing an early mortality risk prediction model for patients with sepsis - induced cardiorenal syndrome by machine learning algorithm, so as to provide a basis for early clinical identification of high - risk patients and accurate treatment. Methods Patients with sepsis - induced cardiorenal syndrome from January 1, 2015 to May 31, 2019 in Tongji Hospital, Tongji University were enrolled. Basic characteristics, laboratory indexes, hospitality treatment and other relevant baseline data were collected. Thirty - day mortality was defined as the primary end - point event after the enrolled patients were diagnosed. Python software was applied to establish different machine learning models, and the area under the receiver - operating characteristic curve (AUC) was used to evaluate the predictive value of models. Disease - related risk factors were selected according to the most optimal model. Importantly, visualized decision tree and semi - naive Bayesian (sNB) models were established to further explore the interrelationship between these risk factors. Results A total of 340 patients were included, of whom 114 patients (33.5%) died within 30 days after diagnosis. The AUC of support vector machine (SVM), random forest (RF), gradient boosting decision tree (GBDT), extreme gradient boosting (XGBoost), and light gradient boosting machine (LGBM) prediction models were 0.652, 0.868, 0.870, 0.754, and 0.852, respectively. The AUC of GBDT model had the most efficiency to predict end - point events, and the prediction AUC value was better. According to the feature ranking of GBDT model, the relevant influencing factors were selected, including total sequential organ failure assessment (SOFA) score, neural SOFA score, vasoactive drug application, cardiac troponin I (cTNI), age, myoglobin, circulation system SOFA score, chronic kidney disease, heart rate and baseline serum creatinine. Visualized decision tree model had 4 layers, 15 nodes and 8 terminal nodes as evidenced by total SOFA score, myoglobin, baseline serum creatinine and age. The total SOFA score, change rate of myoglobin, serum creatinine and age were included into the visualized decision model. The AUC value of the model for predicting end - point event was 0.690. sNB model revealed complex correlation between the risk factors, in which neural SOFA score was related to total SOFA score, vasoactive drug application was related to total SOFA score, and cTNI was related to baseline serum creatinine. Conclusions A risk prediction model for patients with sepsis - induced cardiorenal syndrome is established and the model showes that high SOFA score remains the primary risk factor for patients with sepsis - induced cardiorenal syndrome based machine learning. Visualized decision tree and sNB models help clinicians to further identify the dependence and logic relationship among these risk factors clearly and provide a novel method to predict mortality risk for patients with sepsis-induced cardiorenal syndrome.",2.0,0.0,,,NSFC,ITJZD1808,National Natural Science Foundation of China
16,,Preliminary attempt to predict risk of invasive pulmonary aspergillosis in patients with influenza: Decision trees may help?,10.3390/antibiotics9100644,Article,,9,,"Bellelli, Valeria;Siccardi, Guido;Conte, Livia;Celani, Luigi;Congeduti, Elena;Borrazzo, Cristian;Santinelli, Letizia;Innocenti, Giuseppe Pietro;Pinacchio, Claudia;Ceccarelli, Giancarlo;Venditti, Mario;D’ettorre, Gabriella",,Antifungal drugs | Decision trees | EORTC/MSG | Influenza | Invasive pulmonary aspergillosis | Italy | Machine learning | Risk score,2-s2.0-85091582549,,,ar,Bellelli V.,60249936;60117938,"Facoltà di Farmacia e Medicina;Faculteit Elektrotechniek, Wiskunde en Informatica, TU Delft",Rome;Delft,Italy;Netherlands,12.0,12793313300;57218320438;57219176156;57207307576;57219174039;56580382600;57201729368;57204620273;57191377217;7006477271;7005879357;6701506536,60249936;60249936;60249936;60249936;60117938;60249936;60249936;60249936;60249936;60249936;60249936;60249936,2020-10-01,October 2020,Antibiotics,21100469670.0,20796382,Journal,10,644,1-8,"Invasive pulmonary aspergillosis (IPA) is typically considered a disease of immunocompromised patients, but, recently, many cases have been reported in patients without typical risk factors. The aim of our study is to develop a risk predictive model for IPA through machine learning techniques (decision trees) in patients with influenza. We conducted a retrospective observational study analyzing data regarding patients diagnosed with influenza hospitalized at the University Hospital “Umberto I” of Rome during the 2018-2019 season. We collected five IPA cases out of 77 influenza patients. Although the small sample size is a limit, the most vulnerable patients among the influenza-infected population seem to be those with evidence of lymphocytopenia and those that received corticosteroid therapy.",3.0,1.0,all publisherfullgold repository repositoryam,All Open Access Gold Green,,,
17,,Detecting Suspected Pump Thrombosis in Left Ventricular Assist Devices via Acoustic Analysis,10.1109/JBHI.2020.2966178,Article,,24,,"Semiz, Beren;Hersek, Sinan;Pouyan, Maziyar Baran;Partida, Cynthia;Blazquez-Arroyo, Leticia;Selby, Van;Wieselthaler, Georg;Rehg, James M.;Klein, Liviu;Inan, Omer T.",21682194,heart failure | Left ventricular assist device | machine learning | pump thrombosis,2-s2.0-85087469979,,31940570.0,ar,Semiz B.,60023691;60021032,"University of California, San Francisco;School of Electrical and Computer Engineering",San Francisco;Atlanta,United States;United States,10.0,57203872108;54417369500;35797299700;49961951500;57191077662;16029722400;7003280808;7004835775;57203881920;15753969900,60021032;60021032;60021032;60023691;60023691;60023691;60023691;60021032;60023691;60021032,2020-07-01,July 2020,IEEE Journal of Biomedical and Health Informatics,21100256982.0,21682208,Journal,7,8957505,1899-1906,"Objective: Left ventricular assist devices (LVADs) fail in up to 10% of patients due to the development of pump thrombosis. Remote monitoring of patients with LVADs can enable early detection and, subsequently, treatment and prevention of pump thrombosis. We assessed whether acoustical signals measured on the chest of patients with LVADs, combined with machine learning algorithms, can be used for detecting pump thrombosis. Methods: 13 centrifugal pump (HVAD) recipients were enrolled in the study. When hospitalized for suspected pump thrombosis, clinical data and acoustical recordings were obtained at admission, prior to and after administration of thrombolytic therapy, and every 24 hours until laboratory and pump parameters normalized. First, we selected the most important features among our feature set using LDH-based correlation analysis. Then using these features, we trained a logistic regression model and determined our decision threshold to differentiate between thrombosis and non-thrombosis episodes. Results: Accuracy, sensitivity and precision were calculated to be 88.9%, 90.9% and 83.3%, respectively. When tested on the post-thrombolysis data, our algorithm suggested possible pump abnormalities that were not identified by the reference pump power or biomarker abnormalities. Significance: We showed that the acoustical signatures of LVADs can be an index of mechanical deterioration and, when combined with machine learning algorithms, provide clinical decision support regarding the presence of pump thrombosis.",12.0,2.0,all repository repositoryam,All Open Access Green,NIH,1R01HL130619-A1,National Institutes of Health
3,,Development and validation of machine learning-based predictive clinical decision support system for olanzapine in patients with schizophrenia,10.29090/psa.2024.04.24.AP0713,Article,,51,,"Kieu, Anh Mai;Dang, Ha Nguyet;Tran, Khanh Thi Cat;Nguyen, Tuyen Thi Thanh;Nguyen, Chien Huu;Nguyen, Thanh Chi;Pham, Huong Thu;Le, Jennifer;Nguyen, Hai Thanh",25868195,Clinical Decision Support System | Decision Tree | Machine Learning | Olanzapine | Schizophrenia,2-s2.0-85206315591,,,ar,Kieu A.M.,60121568;60071363;109159531;114223330;110140969,Skaggs School of Pharmacy & Pharmaceutical Sciences;Hanoi College of Pharmacy;Academy of Military Science and Technology;Vinh Medical University;National Psychiatric Hospital No. 1,La Jolla;Hanoi;Hanoi;Vinh;Hanoi,United States;Viet Nam;Viet Nam;Viet Nam;Viet Nam,9.0,59365971000;59366298900;59365971100;59366217400;59365971200;59366141500;59366381800;8736148900;57209589662,114223330-60071363;60071363;60071363;110140969;110140969;109159531;109159531;60121568;60071363,2024-01-01,2024,Pharmaceutical Sciences Asia,21100858119.0,25868470,Journal,4,,314-325,"Olanzapine is an atypical antipsychotic used to treat schizophrenia but can cause metabolic syndrome leading to severe cardiovascular events. This study aimed to develop a predictive decision tree model for clinical responses and adverse events of olanzapine, and integrate this model into the clinical decision support system (CDSS). The study consisted of three phases: (1) prospectively analyzed clinical responses and safety for hospitalized schizophrenic patients receiving olanzapine at Vietnamese National Psychiatric Hospital No.1; (2) determined the statistically significant predictors and developed predictive algorithms in machine learning (Decision Tree) to build the CDSS that incorporated warnings and predictive models for effectiveness and metabolic syndrome; and (3) conducted a longitudinal study on interventions after CDSS integration. Of 232 patients evaluated in phase 1, 76% responded positively to olanzapine, and 31% developed metabolic syndrome. 24 predictive variables were analyzed for effectiveness and 10 others were analyzed for metabolic syndrome. In phase 2, the decision tree model using Bayesian Model Averaging identified important predictive factors for effectiveness, retaining three important nodes: early response, response history, and olanzapine dose, with performance metrics of accuracy 0.89, precision 0.92, recall 0.94 and F1-score 0.93. Besides, another model using univariate regression identified important predictive factors for metabolic syndrome, retaining three important nodes: baseline waist < 89 cm, baseline triglyceride < 3.1 mmol/L, and age < 36 years with performance metrics of accuracy 0.88, precision 0.90, recall 0.69, and F1-score 0.78. Phase 3 evaluated 70 patients using CDSS, with 87% receiving “positively-responded” predictions, and 30% receiving metabolic syndrome predictions in the first week. 22 clinical pharmacist interventions led to doctors changing ""clinical decisions"", while 389 interventions resulted in the “monitoring plan” of doctors. Incorporating machine learning models into CDSS is valuable in helping physicians identify and make interventions to ensure effective and safe use of olanzapine in schizophrenic patients.",1.0,1.0,all publisherfullgold,All Open Access Gold,JIIT,,Jaypee Institute of Information Technology
7,,The novel proteomic signature for cardiac allograft vasculopathy,10.1002/ehf2.13796,Article,,9,,"Wei, Dongmei;Trenson, Sander;Van Keer, Jan M.;Melgarejo, Jesus;Cutsforth, Ella;Thijs, Lutgarde;He, Tianlin;Latosinska, Agnieszka;Ciarka, Agnieszka;Vanassche, Thomas;Van Aelst, Lucas;Janssens, Stefan;Van Cleemput, Johan;Mischak, Harald;Staessen, Jan A.;Verhamme, Peter;Zhang, Zhen Yu",,Biomarkers | Cardiac allograft vasculopathy | Diagnosis | Heart transplantation | Proteomics,2-s2.0-85122709357,,35005846.0,ar,Wei D.,60001490;60031069;60121253;60085627;60096461;60111399;106795699;123985145,University of Glasgow;KU Leuven– University Hospital Leuven;Departement Cardiovasculaire Wetenschappen;Wyższa Szkoła Informatyki i Zarządzania z siedzibą w Rzeszowie;Groep Biomedische Wetenschappen;Mosaiques Diagnostics and Therapeutics AG;Sint-Jan Hospital Bruges;Research Institute Alliance for the Promotion of Preventive Medicine,Glasgow;Leuven;Leuven;Rzeszow;Leuven;Hannover;Brugge;Mechelen,United Kingdom;Belgium;Belgium;Poland;Belgium;Germany;Belgium;Belgium,17.0,57205527386;37562245900;56734512200;55357687500;57408654400;35378587200;57216849363;55897729500;7801313661;36519807400;55745456300;56941512300;35838489000;7004897973;7202415416;6506229086;57208728963,60121253;106795699;60031069;60121253;60096461;60121253;60111399;60111399;60031069-60085627;60121253;60031069;60031069;60031069;60111399-60001490;60096461-123985145;60121253;60121253,2022-04-01,April 2022,Esc Heart Failure,21100868211.0,20555822,Journal,2,,1216-1227,"Aims: Cardiac allograft vasculopathy (CAV) is the major long-term complication after heart transplantation, leading to mortality and re-transplantation. As available non-invasive biomarkers are scarce for CAV screening, we aimed to identify a proteomic signature for CAV. Methods and results: We measured urinary proteome by capillary electrophoresis coupled with mass spectrometry in 217 heart transplantation recipients (mean age: 55.0 ± 14.4 years; women: 23.5%), including 76 (35.0%) patients with CAV diagnosed by coronary angiography. We randomly and evenly grouped participants into the derivation cohort (n = 108, mean age: 56.4 ± 13.8 years; women: 22.2%; CAV: n = 38) and the validation cohort (n = 109, mean age: 56.4 ± 13.8 years; women: 24.8%, CAV: n = 38), stratified by CAV. Using the decision tree-based machine learning methods (extreme gradient boost), we constructed a proteomic signature for CAV discrimination in the derivation cohort and verified its performance in the validation cohort. The proteomic signature that consisted of 27 peptides yielded areas under the curve of 0.83 [95% confidence interval (CI): 0.75–0.91, P < 0.001] and 0.71 (95% CI: 0.60–0.81, P = 0.001) for CAV discrimination in the derivation and validation cohort, respectively. With the optimized threshold of 0.484, the sensitivity, specificity, and accuracy for CAV differentiation in the validation cohort were 68.4%, 73.2%, and 71.6%, respectively. With adjustment of potential clinical confounders, the signature was significantly associated with CAV [adjusted odds ratio: 1.31 (95% CI: 1.07–1.64) for per 0.1% increment in the predicted probability, P = 0.012]. Diagnostic accuracy significantly improved by adding the signature to the logistic model that already included multiple clinical risk factors, suggested by the integrated discrimination improvement of 9.1% (95% CI: 2.5–15.3, P = 0.005) and net reclassification improvement of 83.3% (95% CI: 46.7–119.5, P < 0.001). Of the 27 peptides, the majority were the fragments of collagen I (44.4%), collagen III (18.5%), collagen II (3.7%), collagen XI (3.7%), mucin-1 (3.7%), xylosyltransferase 1 (3.7%), and protocadherin-12 (3.7%). Pathway analysis performed in Reactome Pathway Database revealed that the multiple pathways involved by the signature were related to the pathogenesis of CAV, such as collagen turnover, platelet aggregation and coagulation, cell adhesion, and motility. Conclusions: This pilot study identified and validated a urinary proteomic signature that provided a potential approach for the surveillance of CAV. These proteins might provide insights into CAV pathological processes and call for further investigation into personalized treatment targets.",15.0,1.0,all publisherfullgold repository repositoryam,All Open Access Gold Green,H2020,713601,Omron Healthcare
0,,Can Machine Learning Aid the Selection of Percutaneous vs Surgical Revascularization?,10.1016/j.jacc.2023.09.818,Article,,82,,"Ninomiya, Kai;Kageyama, Shigetaka;Shiomi, Hiroki;Kotoku, Nozomi;Masuda, Shinichiro;Revaiah, Pruthvi C.;Garg, Scot;O'Leary, Neil;van Klaveren, David;Kimura, Takeshi;Onuma, Yoshinobu;Serruys, Patrick W.",07351097,CABG | decision-making | long-term clinical outcomes | machine learning | PCI,2-s2.0-85176416157,S0735109723076349,37993203.0,ar,Ninomiya K.,60032114;60008539;60119317;60027253,Erasmus MC;University of Galway;Graduate School of Medicine;Royal Blackburn Teaching Hospital,Rotterdam;Galway;Kyoto;Blackburn,Netherlands;Ireland;Japan;United Kingdom,12.0,57204769044;57695022200;57221593138;57191205090;57264387000;57210852497;13104177600;25958772300;55577376700;57221593169;15051093400;34573036500,60008539;60008539;60119317;60008539;60008539;60008539;60027253;60008539;60032114;60119317;60008539;60008539,2023-11-28,28 November 2023,Journal of the American College of Cardiology,22401.0,15583597,Journal,22,,2113-2124,"Background: In patients with 3-vessel coronary artery disease (CAD) and/or left main CAD, individual risk prediction plays a key role in deciding between percutaneous coronary intervention (PCI) and coronary artery bypass grafting (CABG). Objectives: The aim of this study was to assess whether these individualized revascularization decisions can be improved by applying machine learning (ML) algorithms and integrating clinical, biological, and anatomical factors. Methods: In the SYNTAX (Synergy between PCI with Taxus and Cardiac Surgery) study, ML algorithms (Lasso regression, gradient boosting) were used to develop a prognostic index for 5-year death, which was combined, in the second stage, with assigned treatment (PCI or CABG) and prespecified effect-modifiers: disease type (3-vessel or left main CAD) and anatomical SYNTAX score. The model's discriminative ability to predict the risk of 5-year death and treatment benefit between PCI and CABG was cross-validated in the SYNTAX trial (n = 1,800) and externally validated in the CREDO-Kyoto (Coronary REvascularization Demonstrating Outcome Study in Kyoto) registry (n = 7,362), and then compared with the original SYNTAX score II 2020 (SSII-2020). Results: The hybrid gradient boosting model performed best for predicting 5-year all-cause death with C-indexes of 0.78 (95% CI: 0.75-0.81) in cross-validation and 0.77 (95% CI: 0.76-0.79) in external validation. The ML models discriminated 5-year mortality better than the SSII-2020 in the external validation cohort and identified heterogeneity in the treatment benefit of CABG vs PCI. Conclusions: An ML-based approach for identifying individuals who benefit from CABG or PCI is feasible and effective. Implementation of this model in health care systems—trained to collect large numbers of parameters—may harmonize decision making globally. (Synergy Between PCI With TAXUS and Cardiac Surgery: SYNTAX Extended Survival [SYNTAXES]; NCT03417050; SYNTAX Study: TAXUS Drug-Eluting Stent Versus Coronary Artery Bypass Surgery for the Treatment of Narrowed Arteries; NCT00114972)",16.0,1.0,,,,,
0,,Drug Recommendation System Using Patient Reviews Based on Sentimental Analysis,10.1109/ICMLAS64557.2025.10967924,Conference Paper,,,,"Kumar, C. Siva;Sagar, P. Lakshmi;Kumar, Golla Dinesh;Reddy, Chereddy Harshitha;Krushna, Bandlamudi Sai;Reddy, Chikkem Mahidhar",,decision-making | LightGBM model | Machine learning methods | Recommendation | Sentimental Analysis | XGBoost classifier,2-s2.0-105004800489,,,cp,Kumar C.S.,60281346;60107577,"Mohan Babu University;SV College of Engineering, Tirupati",Tirupati;Tirupati,India;India,6.0,57210375506;58839115000;59867449700;59869937700;59862566100;59866239200,60281346;60107577;60281346;60281346;60281346;60281346,2025-01-01,2025,2nd International Conference on Machine Learning and Autonomous Systems Icmlas 2025 Proceedings,21101294451.0,,Conference Proceeding,,,1516-1522,"The integration of digital technology in healthcare has been greatly facilitated by the internet. It has made access to vital data quite easy, with which solutions created help in improving patient outcomes. This leads to an improvement in patient care and medical procedures. Vigilance is required to avoid the dissemination of information that may be incorrect or dangerous, and thus harm patients and healthcare providers alike. The amount of patient-generated data involved is huge, and this has become quite central to the drug recommendation system in the healthcare industry. It is envisioned that medication recommendations by these systems are highly precise to increase efficacy and accuracy of treatment. Using Natural Language Processing tools, the suggested approach will make a prediction about the best drug, using ratings and reviews made by the patients. It would be advisable to apply some NLP approaches to the input provided by the patient to extract some useful insights and information that might help in prescription decisions. Examples of some machine learning methods applied for enhancing accuracy and dependability of such drug recommendations include the XGBoost classifier and LightGBM model. These algorithms further process and analyse data to bring out the relationships and patterns not otherwise evident. They therefore provide crucial help toward the formation and establishment of an effective or reliable drug-related recommendation system and greatly improved the treatment of patients.",0.0,0.0,,,,,
2,,Comparative effects between direct oral anticoagulants for acute venous thromboembolism: Indirect comparison from randomized controlled trials,10.3389/fmed.2020.00280,Article,,7,,"Li, Guowei;Zeng, Jie;Zhang, Junguo;Thabane, Lehana",,Comparative effect | Direct oral anticoagulant | Efficacy | Major bleeding | Safety | Venous thromboembolism,2-s2.0-85087491793,,,ar,Li G.,60031828;60010363;60112477,McMaster University;St. Joseph's Healthcare Hamilton;Guangdong Second Provincial General Hospital,Hamilton;Hamilton;Guangzhou,Canada;Canada;China,4.0,55903534400;57215070356;57196382425;6603556364,60112477-60031828;60112477;60112477;60031828-60010363,2020-01-01,2020,Frontiers in Medicine,21100868809.0,2296858X,Journal,,280,1-15,"Background: There is no direct comparison from clinical trials amongst the direct oral anticoagulants (DOACs) in patients with acute venous thromboembolism (VTE), leaving an evidence gap in decision-making regarding the choice of a DOAC. Methods: We performed a systematic review for an indirect comparison from randomized controlled trials (RCTs) for comparative effects amongst DOACs in the patients with acute VTE. Results: A total of 16 RCTs were included for analyses, among which three for dabigatran (n = 7,963 patients), six rivaroxaban (n = 17,935), five apixaban (n = 12,823), and two edoxaban (n = 9,286). There was no significant difference in risk of recurrent VTE (evidence quality: low) and major bleeding (evidence quality: very low) for treatment effects between the four DOACs. Albeit non-significantly, apixaban seemed to have a lowest risk of major bleeding while rivaroxaban had a smallest risk of VTE. Although in general all the included trials were comparable, data from the included trials indicated that the assumption of transitivity may be challenged. Further methodological research including simulation studies, using a net-benefit or benefit-harm approach, running ranking probability analysis, and developing decision aids with machine-learning may be a worthwhile endeavor to help with the choice of DOACs in patients with acute VTE. Conclusions: To conclude, based on results from the indirect comparison no significant difference in the efficacy and safety was found among the DOACs in patients with acute VTE. More evidence from direct comparative trials is needed to further inform the choice of DOACs in patients with acute VTE.",5.0,1.0,all publisherfullgold repository repositoryam,All Open Access Gold Green,,A2020453,
0,,A Real-World Exploration into Clinical Outcomes of Direct Oral Anticoagulant Dosing Regimens in Morbidly Obese Patients Using Data-Driven Approaches,10.1007/s40256-023-00569-6,Article,,23,,"Nwanosike, Ezekwesiri Michael;Sunter, Wendy;Ansari, Muhammad Ayub;Merchant, Hamid A.;Conway, Barbara;Hasan, Syed Shahzad",11753277,,2-s2.0-85149332246,,36872389.0,ar,Nwanosike E.M.,60032343;60002370,University of Huddersfield;Calderdale and Huddersfield NHS Foundation Trust,Huddersfield;Huddersfield,United Kingdom;United Kingdom,6.0,57434243100;57204514904;57554657700;14834371000;57221811049;26032595100,60032343;60002370;60032343;60032343;60032343;60032343,2023-05-01,May 2023,American Journal of Cardiovascular Drugs,22416.0,1179187X,Journal,3,,287-299,"Introduction: The clinical outcomes of direct oral anticoagulant (DOAC) dosage regimens in morbid obesity are uncertain due to limited clinical evidence. This study seeks to bridge this evidence gap by identifying the factors associated with clinical outcomes following the dosing of DOACs in morbidly obese patients. Method: A data-driven observational study was carried out using supervised machine learning (ML) models with a dataset extracted from electronic health records and preprocessed. Following 70%:30% partitioning of the overall dataset via stratified sampling, the selected ML classifiers (e.g., random forest, decision trees, bootstrap aggregation) were applied to the training dataset (70%). The outcomes of the models were evaluated against the test dataset (30%). Multivariate regression analysis explored the association between DOAC regimens and clinical outcomes. Results: A sample of 4,275 morbidly obese patients was extracted and analysed. The decision trees, random forest, and bootstrap aggregation classifiers achieved acceptable (excellent) values of precision, recall, and F1 scores in terms of their contribution to clinical outcomes. The length of stay, treatment days, and age were ranked highest for relevance to mortality and stroke. Among DOAC regimens, apixaban 2.5 mg twice daily ranked highest for its association with mortality, increasing the mortality risk by 43% (odds ratio [OR] 1.430, 95% confidence interval [CI] 1.181–1.732, p = 0.001). On the other hand, apixaban 5 mg twice daily reduced the odds of mortality by 25% (OR 0.751, 95% CI 0.632–0.905, p = 0.003) but increased the odds of stroke events. No clinically relevant non-major bleeding events occurred in this group. Conclusion: Data-driven approaches can identify key factors associated with clinical outcomes following the dosing of DOACs in morbidly obese patients. This will help design further studies to explore well tolerated and effective DOAC doses for morbidly obese patients.",3.0,2.0,all repository repositoryam,All Open Access Green,,,
1,,"The derivation of an International Classification of Diseases, Tenth Revision -based trauma-related mortality model using machine learning",10.1097/TA.0000000000003416,Article,,92,,"Tran, Zachary;Zhang, Wenhao;Verma, Arjun;Cook, Alan;Kim, Dennis;Burruss, Sigrid;Ramezani, Ramin;Benharash, Peyman",21630755,eXtreme Gradient Boosting | ICD-10 | Injury Severity Score | mortality prediction | Trauma Mortality Prediction Model,2-s2.0-85125211966,,34554135.0,ar,Tran Z.,60027550;60005247;60016081;60030806;60002228;127828713;127828353,"University of California, Los Angeles;David Geffen School of Medicine at UCLA;Harbor-UCLA Medical Center;Loma Linda University Medical Center;University of Texas Health Center at Tyler;Cardiovascular Outcomes Research Laboratories;Division of Acute Care Surgery",Los Angeles;Los Angeles;Torrance;Loma Linda;Tyler;;,United States;United States;United States;United States;United States;;,8.0,57220370428;57210730038;57220967031;11141503600;56289025700;36917859200;25823412500;13103270000,127828713-60005247-127828353;60030806;127828713;60027550;60002228-60016081;60005247-127828353;60030806;127828713,2022-03-01,1 March 2022,Journal of Trauma and Acute Care Surgery,21100206251.0,21630763,Journal,3,,561-566,"BACKGROUND Existing mortality prediction models have attempted to quantify injury burden following trauma-related admissions with the most notable being the Injury Severity Score (ISS). Although easy to calculate, it requires additional administrative coding. International Classification of Diseases (ICD)-based models such as the Trauma Mortality Prediction Model (TMPM-ICD10) circumvent these limitations, but they use linear modeling, which may not adequately capture the intricate relationships of injuries on mortality. Using ICD-10 coding and machine learning (ML) algorithms, the present study used the National Trauma Data Bank to develop mortality prediction models whose performance was compared with logistic regression, ISS, and TMPM-ICD10. METHODS The 2015 to 2017 National Trauma Data Bank was used to identify adults following trauma-related admissions. Of 8,021 ICD-10 codes, injuries were categorized into 1,495 unique variables. The primary outcome was in-hospital mortality. eXtreme Gradient Boosting (XGBoost), a ML technique that uses iterations of decision trees, was used to develop mortality models. Model discrimination was compared with logistic regression, ISS, and TMPM-ICD10 using receiver operating characteristic curve and probabilistic accuracy with calibration curves. RESULTS Of 1,611,063 patients, 54,870 (3.41%) experienced in-hospital mortality. Compared with those who survived, those who died more frequently suffered from penetrating trauma and had a greater number of injuries. The XGBoost model exhibited superior receiver operating characteristic curve (0.863 [95% confidence interval (CI), 0.862-0.864]) compared with logistic regression (0.845 [95% CI, 0.844-0.846]), ISS (0.828 [95% CI, 0.827-0.829]), and TMPM-ICD10 (0.861 [95% CI, 0.860-0.862]) (all p < 0.001). Importantly, the ML model also had significantly improved calibration compared with other methodologies (XGBoost, coefficient of determination (R2) = 0.993; logistic regression, R2 = 0.981; ISS, R2 = 0.649; TMPM-ICD10, R2 = 0.830). CONCLUSION Machine learning models using XGBoost demonstrated superior performance and calibration compared with logistic regression, ISS, and TMPM-ICD10. Such approaches in quantifying injury severity may improve its utility in mortality prognostication, quality improvement, and trauma research. LEVEL OF EVIDENCE Prognostic and Epidemiologic; level III.",15.0,0.0,,,,,
2,,Predictive modelling of metabolic syndrome in Ghanaian diabetic patients: an ensemble machine learning approach,10.1007/s40200-024-01491-7,Article,,23,,"Acheampong, Emmanuel;Adua, Eric;Obirikorang, Christian;Anto, Enoch Odame;Peprah-Yamoah, Emmanuel;Obirikorang, Yaa;Asamoah, Evans Adu;Opoku-Yamoah, Victor;Nyantakyi, Michael;Taylor, John;Buckman, Tonnies Abeku;Yakubu, Maryam;Afrifa-Yamoah, Ebenezer",,Machine learning | Metabolic syndrome | Predictive modelling | Risk factors | Type 2 diabetes mellitus,2-s2.0-85202456180,,,ar,Acheampong E.,60033125;60105210;60071885;60115731;60083278;60279999;120288931;131167039;126249998,"University of Leicester;Edith Cowan University;Kwame Nkrumah University of Science & Technology;University of Waterloo, School of Optometry and Vision Science;University of New South Wales, Rural Clinical School;KAAF University College;Teva Pharmaceuticals;Effia-Nkwanta Regional Hospital;Garden City University College",Leicester;Perth;Kumasi;Waterloo;Wagga Wagga;Kasoa;Salt Lake City;Takoradi;Kenyasi-Kumasi,United Kingdom;Australia;Ghana;Canada;Australia;Ghana;United States;Ghana;Ghana,13.0,57221052394;57193877429;35269629200;56708843900;57665831200;57188756002;57203760879;57226507680;58546445600;58081242100;57219668393;59303257200;57213592889,60033125;60083278-60105210;60071885;60105210-60071885;120288931;126249998;60083278;60115731;60071885;60105210;60071885-60279999;131167039;60105210,2024-12-01,December 2024,Journal of Diabetes and Metabolic Disorders,21100217226.0,22516581,Journal,2,,2233-2249,"Objectives: The burgeoning prevalence of cardiometabolic disorders, including type 2 diabetes mellitus (T2DM) and metabolic syndrome (MetS) within Africa is concerning. Machine learning (ML) techniques offer a unique opportunity to leverage data-driven insights and construct predictive models for MetS risk, thereby enhancing the implementation of personalised prevention strategies. In this work, we employed ML techniques to develop predictive models for pre-MetS and MetS among diabetic patients. Methods: This multi-centre cross-sectional study comprised of 919 T2DM patients. Age, gender, novel anthropometric indices along with biochemical measures were analysed using BORUTA feature selection and an ensemble majority voting classification model, which included logistic regression, k-nearest neighbour, Gaussian Naive Bayes, Gradient boosting classification, and support vector machine. Results: Distinct metabolic profiles and phenotype clusters were associated with MetS progression. The BORUTA algorithm identified 10 and 16 significant features for pre-MetS and MetS prediction, respectively. For pre-MetS, the top-ranked features were lipid accumulation product (LAP), triglyceride-glucose index adjusted for waist-to-height ratio (TyG-WHtR), coronary risk (CR), visceral adiposity index (VAI) and abdominal volume index (AVI). For MetS prediction, the most influential features were VAI, LAP, waist triglyceride index (WTI), Very low-density cholesterol (VLDLC) and TyG-WHtR. Majority voting ensemble classifier demonstrated superior performance in predicting pre-MetS (AUC = 0.79) and MetS (AUC = 0.87). Conclusion: Identifying these risk factors reveals the complex interplay between visceral adiposity and metabolic dysregulation in African populations, enabling early detection and treatment. Ethical integration of ML algorithms in clinical decision-making can streamline identification of high-risk individuals, optimize resource allocation, and enable precise, tailored interventions.",2.0,1.0,all publisherhybridgold repository repositoryam,All Open Access Hybrid Gold Green,,,
3,,Field performance and cost-effectiveness of a point-of-care triage test for HIV virological failure in Southern Africa,10.1002/jia2.26176,Article,,26,,"Saura-Lázaro, Anna;Bock, Peter;Bogaart, Erika van den;van Vliet, Jessie;Granés, Laura;Nel, Kerry;Naidoo, Vikesh;Scheepers, Michelle;Saunders, Yvonne;Leal, Núria;Ramponi, Francesco;Paulussen, René;de Wit, Tobias Rinke;Naniche, Denise;López-Varela, Elisa",,cost-effectiveness analysis | CXC chemokine IP-10 | human immunodeficiency virus | point-of-care test | Southern Africa | therapeutic drug monitoring,2-s2.0-85173379152,,37803882.0,ar,Saura-Lázaro A.,60001157;60030315;60002522;60105961;60138854;122924162,"Amsterdam UMC - University of Amsterdam;Hospital Clínic de Barcelona;Stellenbosch University, Faculty of Medicine and Health Sciences;Instituto de Salud Global de Barcelona;Amsterdam Institute for Global Health and Development;Mondial Diagnostics",Amsterdam;Barcelona;Cape Town;Barcelona;Amsterdam;Amsterdam,Netherlands;Spain;South Africa;Spain;Netherlands;Netherlands,15.0,57216528768;55565770300;58633592700;58633840600;57225195380;57507922600;55443263500;57195511229;58633227200;58633965000;56814823300;57221961666;59157648300;6701760110;36630425100,60105961;60002522;122924162;122924162;60030315;60002522;60002522;60002522;60002522;60105961;60105961;122924162;60138854-60001157;60105961;60105961,2023-10-01,October 2023,Journal of the International AIDS Society,19700175037.0,17582652,Journal,10,e26176,,"Introduction: Antiretroviral therapy (ART) monitoring using viral load (VL) testing is challenging in high-burden, limited-resources settings. Chemokine IP-10 (interferon gamma-induced protein 10) strongly correlates with human immunodeficiency virus (HIV) VL. Its determination could serve to predict virological failure (VF) and to triage patients requiring VL testing. We assessed the field performance of a semi-quantitative IP-10 lateral flow assay (LFA) for VF screening in South Africa, and the cost-effectiveness of its implementation in Mozambique. Methods: A cross-sectional study was conducted between June and December 2021 in three primary health clinics in the Western Cape. Finger prick capillary blood was collected from adults on ART for ≥1 year for direct application onto the IP-10 LFA (index test) and compared with a plasma VL result ≤1 month prior (reference test). We estimated the area under the receiver operating characteristic curves (AUC), sensitivity and specificity, to evaluate IP-10 LFA prediction of VF (VL>1000 copies/ml). A decision tree model was used to investigate the cost-effectiveness of integrating IP-10 LFA combined with VL testing into the current Mozambican ART monitoring strategy. Averted disability-adjusted life years (DALYs) and HIV acquisitions, and incremental cost-effectiveness ratios were estimated. Results: Among 209 participants (median age 38 years and 84% female), 18% had VF. Median IP-10 LFA values were higher among individuals with VF compared to those without (24.0 vs. 14.6; p<0.001). The IP-10 LFA predicted VF with an AUC = 0.76 (95% confidence interval (CI) 0.67–0.85), 91.9% sensitivity (95% CI 78.1–98.3) and 35.1% specificity (95% CI 28.0–42.7). Integrating the IP-10 LFA in a setting with 20% VF prevalence and 61% VL testing coverage could save 13.0% of costs and avert 14.9% of DALYs and 55.7% new HIV acquisitions. Furthermore, its introduction was estimated to reduce the total number of routine VL tests required for ART monitoring by up to 68%. Conclusions: The IP-10 LFA is an effective VF triage test for routine ART monitoring. Combining a highly sensitive, low-cost IP-10 LFA-based screening with targeted VL confirmatory testing could result in significant healthcare quality improvements and cost savings in settings with limited access to VL testing.",1.0,1.0,all publisherfullgold repository repositoryam,All Open Access Gold Green,ERS,847462,Generalitat de Catalunya
4,,Machine Learning to Predict Outcomes in Patients with Acute Pulmonary Embolism Who Prematurely Discontinued Anticoagulant Therapy,10.1055/a-1525-7220,Article,,122,,"Mora, Damián;Nieto, José A.;Mateo, Jorge;Bikdeli, Behnood;Barco, Stefano;Trujillo-Santos, Javier;Soler, Silvia;Font, Llorenç;Bosevski, Marijan;Monreal, Manuel",03406245,anticoagulation | artificial intelligence | machine-learning | neural networks | outcomes | prediction | pulmonary embolism,2-s2.0-85110435135,,34107539.0,ar,Mora D.,60002746;60017994;60019619;60000823;60022135;60028462;60109394;60015884;60002467;60072630;60026781;60030009;118187917,Harvard Medical School;Yale School of Medicine;UniversitatsSpital Zurich;Universidad de Castilla-La Mancha;Universitätsmedizin Mainz;Hospital Universitari Germans Trias i Pujol;Universidad Católica de Murcia;Cardiovascular Research Foundation;Hospital General Universitario Reina Sofia;SS Cyril and Methodius University Faculty of Medicine;Hospital Virgen de La Luz de Cuenca;Hospital Verge de la Cinta de Tortosa;Hospital Olot i Comarcal de la Garrotxa,Boston;New Haven;Zurich;Ciudad Real;Mainz;Badalona;Murcia;New York;Murcia;Skopje;Cuenca;Tortosa;Girona,United States;United States;Switzerland;Spain;Germany;Spain;Spain;United States;Spain;North Macedonia;Spain;Spain;Spain,10.0,57215668650;56253438300;54931843300;22933802500;54580519200;14629378400;14628044500;7004645036;16241026100;34877289400,60026781;60026781;60000823;60002746-60017994-60015884;60019619-60022135;60002467;118187917;60030009;60072630;60028462-60109394,2022-04-01,"July 13, 2021",Thrombosis and Haemostasis,20640.0,,Journal,4,,570-577,"Background Patients with pulmonary embolism (PE) who prematurely discontinue anticoagulant therapy (<90 days) are at an increased risk for death or recurrences. Methods We used the data from the RIETE (Registro Informatizado de Pacientes con Enfermedad TromboEmbólica) registry to compare the prognostic ability of five machine-learning (ML) models and logistic regression to identify patients at increased risk for the composite of fatal PE or recurrent venous thromboembolism (VTE) 30 days after discontinuation. ML models included decision tree, k-nearest neighbors algorithm, support vector machine, Ensemble, and neural network [NN]. A full model with 70 variables and a reduced model with 23 were analyzed. Model performance was assessed by confusion matrix metrics on the testing data for each model and a calibration plot. Results Among 34,447 patients with PE, 1,348 (3.9%) discontinued therapy prematurely. Fifty-one (3.8%) developed fatal PE or sudden death and 24 (1.8%) had nonfatal VTE recurrences within 30 days after discontinuation. ML-NN was the best method for identification of patients experiencing the composite endpoint, predicting the composite outcome with an area under receiver operating characteristic (ROC) curve of 0.96 (95% confidence interval [CI]: 0.95-0.98), using either 70 or 23 variables captured before discontinuation. Similar numbers were obtained for sensitivity, specificity, positive predictive value, negative predictive value, and accuracy. The discrimination of logistic regression was inferior (area under ROC curve, 0.76 [95% CI: 0.70-0.81]). Calibration plots showed similar deviations from the perfect line for ML-NN and logistic regression. Conclusion The ML-NN method very well predicted the composite outcome after premature discontinuation of anticoagulation and outperformed traditional logistic regression.",22.0,0.0,,,NIH,T32 HL007854,National Institutes of Health
6,,Cystatin C measurement leads to lower metformin dosage in elderly type 2 diabetic patients,10.1111/bcpt.13132,Article,,124,,"Šálek, Tomáš;Adamíková, Alena",17427835,creatinine | cystatin C | estimated glomerular filtration rate | glomerular filtration | metformin,2-s2.0-85055146311,,30218617.0,ar,Šálek T.,60025670;112943840,Ostravská Univerzita v Ostrave;Tomas Bata Hospital in Zlín,Ostrava;Zlin,Czech Republic;Czech Republic,2.0,57191382262;6602244242,112943840-60025670;112943840,2019-03-01,March 2019,Basic and Clinical Pharmacology and Toxicology,20047.0,17427843,Journal,3,,298-302,"The aim of this study was to provide evidence for the hypothesis that estimated glomerular filtration rate from serum Cystatin C (eGFRcys) is better to be determined for all elderly type 2 diabetes mellitus (T2DM) patients based on eGFRcys upward and downward reclassification rate for hypothetical metformin dose reduction by eGFRcys at the GFR decision point of 45 mL/min/1.73 m <sup>2</sup> . A total of 265 consecutive T2DM elderly patients (age range 65-91 years) from outpatient diabetic clinic were included in the study. The Kidney Disease Improving Global Outcomes (KDIGO) guidelines for metformin dosing were strictly followed. Estimated glomerular filtration rate from serum creatinine (eGFRcrea) led to results of metformin eligibility. Each of the results of eGFRcrea-based eligibility was further compared to eGFRcys-based eligibility. Creatinine was measured by enzymatic method standardized against international reference material SRM 967. Cystatin C was determined by method traceable to DA ERM 471 international standard. eGFRcrea and eGFRcys were calculated according to Chronic Kidney Disease Epidemiology Collaboration (CKD-EPI) equations. A downward reclassification rate was higher than upward reclassification rate (31 vs 3, respectively; P < 0.0001). The median (IQR) eGFRcrea was higher than eGFRcys (73 (58-85) vs 63 (50-75) mL/min/1.73 m <sup>2</sup> , respectively; P < 0.0001). eGFRcys reclassified significant proportion of patients with T2DM from metformin eligible CKD stages to less or non-eligible stages. The downward reclassification was more frequent in patients older than 80 years (P < 0.01). Cystatin C-based eGFR selects more complicated patients, where lower doses of metformin are possibly advisable. We recommend calculating both eGFRcrea and eGFRcys for metformin dosing in elderly patients with T2DM.",3.0,1.0,all publisherhybridgold repository repositoryam,All Open Access Hybrid Gold Green,,,
1,,Machine Learning Prediction of Financial Toxicity in Patients with Resected Lung Cancer,10.1097/XCS.0000000000001373,Article,,241,,"Deboever, Nathaniel;Al-Tashi, Qasem;Eisenberg, Michael;Saad, Maliazurina B.;Antonoff, Mara B.;Hofstetter, Wayne L.;Mehran, Reza J.;Rice, David C.;Roth, Jack;Swisher, Stephen G.;Vaporciyan, Ara A.;Walsh, Garrett L.;Wu, Jia;Rajaram, Ravi",10727515,,2-s2.0-105011843718,,40028915.0,ar,Deboever N.,60015023,The University of Texas MD Anderson Cancer Center,Houston,United States,14.0,57209218547;57202329233;58061425400;57211722909;8589731500;7005630907;7004992408;6506974896;7404379856;35381674000;7004538107;7202798008;57188816895;56009305800,60015023;60015023;60015023;60015023;60015023;60015023;60015023;60015023;60015023;60015023;60015023;60015023;60015023;60015023,2025-08-01,1 August 2025,Journal of the American College of Surgeons,20440.0,18791190,Journal,2,,107-116,"BACKGROUND: Financial toxicity (FT) refers to the financial stress and detrimental impact on quality of life experienced by patients due to treatment cost. In patients with resected lung cancer (LC), we sought to identify those at risk of developing moderate or severe (""major"") FT using machine learning (ML) techniques based on preoperative characteristics. STUDY DESIGN: Patients who underwent LC resection at a single center between January 2016 and December 2021 were surveyed to ascertain demographic information, financial data, and presence of major FT. Clinicopathologic variables were extracted from a prospective database. Patients were randomly divided into training and test sets. First, we identified the most informative features. Then, 4 ML algorithms (decision tree, random forest, gradient boosting, and extreme gradient boosting) were trained. We ensembled the 4 models' predictions to optimize the model. RESULTS: There were 1,477 patients identified, of whom 462 (31.3%) completed the survey. Forty-six patients (10.0%) experienced major FT. The variables most influential in our models included age, race and ethnicity, smoking status, household income, credit score, marital and employment status, size of residence, BMI, histology, extent of resection, and preoperative forced expiratory volume in 1 second. The ensemble model yielded an accuracy of 0.86, precision of 0.93, and sensitivity of 0.86, leading to an F1 score of 0.88, indicative of a reliable algorithm. CONCLUSIONS: ML algorithms can accurately identify patients at risk of experiencing major FT after LC surgery. Preoperatively identifying patients with cancer vulnerable to financial stress may allow an opportunity for intervention to address downstream cost considerations.",2.0,0.0,,,,,
4,,A Novel Model Using ML Techniques for Clinical Trial Design and Expedited Patient Onboarding Process,10.2147/CEOR.S479603,Article,,17,,"Iyer, Abhirvey;Narayanaswami, Sundaravalli",,clinical trials | feature encoding | feature engineering | machine learning | patient onboarding | site selection,2-s2.0-85216499305,,,ar,Iyer A.,60019106;60033308,Indian Institute of Technology (BHU) Varanasi;Indian Institute of Management Ahmedabad,Varanasi;Ahmedabad,India;India,2.0,59534846200;54893901500,60019106;60033308,2025-01-01,2025,Clinicoeconomics and Outcomes Research,19700175091.0,11786981,Journal,,,1-18,"Introduction: Clinical trials are critical for drug development and patient care; however, they often need more efficient trial design and patient enrolment processes. This research explores integrating machine learning (ML) techniques to address these challenges. Specifically, the study investigates ML models for two critical aspects: (1) streamlining clinical trial design parameters (like the site of drug action, type of Interventional/Observational model, etc) and (2) optimizing patient/volunteer enrolment for trials through efficient classification techniques. Methods: The study utilized two datasets: the first, with 55,000 samples (from ClinicalTrials.gov), was divided into five subsets (10,000–15,000 rows each) for model evaluation, focusing on trial parameter optimization. The second dataset targeted patient eligibility classification (from the UCI ML Repository). Five ML models—XGBoost, Random Forest, Support Vector Classifier (SVC), Logistic Regression, and Decision Tree—were applied to both datasets, alongside Artificial Neural Networks (ANN) for the second dataset. Model performance was evaluated using precision, recall, balanced accuracy, ROC-AUC, and weighted F1-score, with results averaged across k-fold cross-validation. Results: In the first phase, XGBoost and Random Forest emerged as the best-performing models across all five subsets, achieving an average balanced accuracy of 0.71 and an average ROC-AUC of 0.7. The second dataset analysis revealed that while SVC and ANN performed well, ANN was preferred for its scalability to larger datasets. ANN achieved a test accuracy of 0.73714, demonstrating its potential for real-world implementation in patient streamlining. Discussion: The study highlights the effectiveness of ML models in improving clinical trial workflows. XGBoost and Random Forest demonstrated robust performance for large clinical datasets in optimizing trial parameters, while ANN proved advantageous for patient eligibility classification due to its scalability. These findings underscore the potential of ML to enhance decision-making, reduce delays, and improve the accuracy of clinical trial outcomes. As ML technology continues to evolve, its integration into clinical research could drive innovation and improve patient care.",0.0,1.0,all publisherfullgold repository repositoryam,All Open Access Gold Green,,,
5,,"Machine learning, antimicrobial stewardship, and solid organ transplantation: Is this the future?",10.1111/tid.13957,Article,,24,,"Kherabi, Yousra;Messika, Jonathan;Peiffer-Smadja, Nathan",13982273,antimicrobial stewardship | decision support systems | machine learning | solid organ transplantation,2-s2.0-85139911134,,36254500.0,ar,Kherabi Y.,60123796;60022785;60123665,"Université Paris Cité;Hôpital Bichat-Claude-Bernard AP-HP;Infection, Anti-Microbien, Modélisation, Évolution",Paris;Paris;Paris,France;France;France,3.0,57196344405;51864055000;56728579600,60022785;60123796;60022785-60123665,2022-10-01,October 2022,Transplant Infectious Disease,19252.0,13993062,Journal,5,e13957,,"Background: The use of machine learning (ML) in infectious diseases is expanding. Objectives: This review aims to provide an overview of the literature on ML for clinical decision support in antimicrobial stewardship in the particular context of solid organ transplantation (SOT). Methods: References for this review were identified through searches of MEDLINE/PubMed and Google Scholar databases up to July 2022. Results: ML may improve the prediction of infectious complications and the diagnosis and treatment of infectious diseases in SOT recipients. One of the most studied applications for antimicrobial stewardship is the individual prediction of antimicrobial resistance that could guide the empiric use of anti-infective treatments. ML may also guide the choice of antimicrobial dose taking into account the interactions with immunosuppressive drugs. The main challenge to the development of ML clinical decision support systems (CDSSs) in SOT is the development of large clinical databases, accessible to all, with good quality, comprehensive, and diversified data. ML-driven CDSSs are still at an experimental stage, and the education of clinicians about the benefits and limits of ML is essential. Conclusion: ML could improve antimicrobial stewardship for SOT, but literature on that specific topic is scarce. Future studies are needed to design ML-CDSS in the particular population of solid organ recipients and report clinical outcomes following use in routine practice.",8.0,0.0,,,,,
6,,Combination of medical and surgical management in successful treatment of caesarean scar pregnancy: a case report series,10.1186/s12884-020-03237-8,Article,,20,,"Pristavu, Anda;Vinturache, Angela;Mihalceanu, Elena;Pintilie, Radu;Onofriescu, Mircea;Socolov, Demetra",,Caesarean scar pregnancy | Case report | Curettage | Hormone chorionic gonadotropin | Methotrexate | Mifepristone | Transvaginal ultrasound,2-s2.0-85092800641,,33050911.0,ar,Pristavu A.,60008323;60026019,John Radcliffe Hospital;Universitatea de Medicină și Farmacie “Grigore T. Popa” Iasi,Oxford;Iasi,United Kingdom;Romania,6.0,57191870866;55561044700;24449582400;26656968800;6507528911;6506014882,60026019;60008323;60026019;60026019;60026019;60026019,2020-12-01,1 December 2020,BMC Pregnancy and Childbirth,12550.0,14712393,Journal,1,617,,"Background: There is no clear consensus on the management of caesarean scar pregnancy (CSP), a complex and life-threatening condition. The objective of this study was to present a novel approach to management of CSP that combines medical therapy of multidose methotrexate and mifepristone with active surgical management by uterine curettage and consecutive local haemostasis. Case presentation: We report on a prospective case series of six women with first trimester pregnancy, in whom the diagnosis of CSP was confirmed by 2D and color Doppler transvaginal ultrasound and serial hormone chorionic gonadotropin (hCG) testing. Women were between 23 and 36 years old and had at least one previous delivery by caesarean. At admission, gestational age ranged between 6 to 14 weeks, and serum hCG levels between 397 and 23,000 mUI/ml. Upon decision of pregnancy termination, medical management was undertaken in all cases and 1 mg/kg systemic Methotrexate was administered between 1 and 5 daily doses. Mifepristone was part of the treatment in cases with live pregnancy. Surgical management was employed for the cases were an embryo was seen by ultrasound, being prompted by inadequate response to Methotrexate and/or signs of miscarriage with vaginal bleeding. Curettage combined with local isthmic balloon or vaginal pack tamponade prevented further complications. High treatment rates with preservation of fertility was achieved in all patients except one who underwent hysterectomy for invasive placentation. Ultrasound and hCG levels surveillance ensured that the resolution of pregnancy was achieved. Conclusion: Women with history of delivery by caesarean section should be carefully monitored in future pregnancies for prompt diagnosis of CSP. Early diagnosis of CSP allows selection of successful conservative therapy. Through this case series we contribute with our experience to the body of knowledge about the management of this serious complication of early pregnancy.",10.0,1.0,all publisherfullgold repository repositoryvor,All Open Access Gold Green,,,
7,,Cytomegalovirus viral load parameters associated with earlier initiation of preemptive therapy after solid organ transplantation,10.1371/journal.pone.0210420,Article,,14,,"Lumley, Sheila;Green, Cameron;Rafferty, Hannah;Smith, Colette;Harber, Mark;O'Beirne, James;Jones, Gareth;Thorburn, Douglas;Marshall, Aileen;Shah, Tina;Zuhair, Mohamed;Rothwell, Emily;Atabani, Sowsan;Haque, Tanzina;Griffiths, Paul",,,2-s2.0-85060522624,,30682032.0,ar,Lumley S.,60022148;60029950;60032819;60170323;60026493;118859540,University College London;UCL Medical School;The Royal Free Hospital;Oxford University Hospitals NHS Foundation Trust;University Hospitals Birmingham NHS Foundation Trust;Sunshine Coast University Hospital,London;London;London;Oxford;Birmingham;Nambour,United Kingdom;United Kingdom;United Kingdom;United Kingdom;United Kingdom;Australia,15.0,55792373000;57188989153;58852153100;58466218800;6603918658;6701855309;55844640400;55217322300;56988473300;59797327500;57955282500;37117837400;6506262126;55816915600;57203312734,60029950-60170323;60029950;60029950;60022148;60032819;60032819-118859540;60032819;60032819;60032819;60032819;60029950;60029950;60029950-60026493;60029950;60029950,2019-01-01,January 2019,Plos One,10600153309.0,19326203,Journal,1,e0210420,,"Background Human cytomegalovirus (HCMV) can be managed by monitoring HCMV DNA in the blood and giving valganciclovir when viral load exceeds a defined value. We hypothesised that such pre-emptive therapy should occur earlier than the standard 3000 genomes/ml (2520 IU/ml) when a seropositive donor transmitted virus to a seronegative recipient (D+R-) following solid organ transplantation (SOT). Methods Our local protocol was changed so that D+R- SOT patients commenced valganciclovir once the viral load exceeded 200 genomes/ml; 168 IU/ml (new protocol). The decision point remained at 3000 genomes/ml (old protocol) for the other two patient subgroups (D+R+, DR+). Virological outcomes were assessed three years later, when 74 D+R- patients treated under the old protocol could be compared with 67 treated afterwards. The primary outcomes were changes in peak viral load, duration of viraemia and duration of treatment in the D+R-group. The secondary outcome was the proportion of D+R- patients who developed subsequent viraemia episodes. Findings In the D+R- patients, the median values of peak viral load (30,774 to 11,135 genomes/ml, p<0.0215) were significantly reduced on the new protocol compared to the old, but the duration of viraemia and duration of treatment were not. Early treatment increased subsequent episodes of viraemia from 33/58 (57%) to 36/49 (73%) of patients (p< 0.0743) with a significant increase (p = 0.0072) in those episodes that required treatment (16/58; 27% versus 26/49; 53%). Median peak viral load increased significantly (2,103 to 3,934 genomes/ ml, p<0.0249) in the D+R+ but not in the D-R+ patient subgroups. There was no change in duration of viraemia or duration of treatment for any patient subgroup. Interpretation Pre-emptive therapy initiated at the first sign of viraemia post-transplant significantly reduced the peak viral load but increased later episodes of viraemia, consistent with the hypothesis of reduced antigenic stimulation of the immune system.",9.0,1.0,all publisherfullgold repository repositoryam,All Open Access Gold Green,,,
0,,Expanding antiviral prophylaxis during pregnancy to prevent perinatal hepatitis b virus infection: A cost-effectiveness study,10.1093/OFID/OFAA137,Article,,7,,"Du, Jiangyang;Wang, Zhenhua;Wu, Bin",,Antiviral prophylaxis | Cost-effectiveness | Hepatitis B virus | Mother-to-child transmission,2-s2.0-85101343691,,,ar,Du J.,60082819,Shanghai Jiao Tong University School of Medicine,Shanghai,China,3.0,57212657393;56013495700;56610473000,60082819;60082819;60082819,2020-01-01,2020,Open Forum Infectious Diseases,21100468501.0,23288957,Journal,5,ofaa137,,"Background. Mother-to-child transmission (MTCT) cannot be completely prevented by the administration of active-passive immunoprophylaxis in pregnant women with hepatitis B virus (HBV) DNA levels <106 copies/mL. This study will assess the economic outcomes of expanding antiviral prophylaxis in pregnant women with HBV DNA levels <106 copies/mL. Methods. A decision model was adopted to measure the economic outcomes of expanded antiviral prophylaxis at different cutoff values of HBV DNA in HBsAg(+) pregnant women in the context of the United States and China. The model inputs, including clinical, cost, and utility data, were extracted from published studies. Sensitivity analyses were carried out to examine the uncertainty of the model outputs. Quality-adjusted life-years (QALYs) and direct medical costs were expressed over a lifetime horizon. Results. Compared with standard antiviral prophylaxis at HBV DNA ≥106 copies/mL, expanded antiviral prophylaxis improved the health outcomes, and the incremental cost of expanded antiviral prophylaxis varied from $2063 in pregnant women with HBV DNA ≥105 copies/mL to $14 925 in all HBsAg(+) pregnant women per QALY gained in the United States, and from $1624 to $12 348 in China. The model outcome was considerably influenced by the discount rate, key clinical parameters related to the incidence of MTCT, and efficacy of the prophylaxis strategy. Conclusions. This study indicates that antiviral prophylaxis using tenofovir among pregnant women with HBV DNA <106 copies/mL may be a cost-effective option, and the cutoff value of the HBV DNA load for antiviral prophylaxis needs to be tailored.",2.0,1.0,all publisherfullgold repository repositoryvor,All Open Access Gold Green,NSFC,15GWZK0901,National Natural Science Foundation of China
1,,Machine Learning Introduces Electrophysiology Assessment as the Best Predictor for the Recovery Prognosis of Spinal Cord Injury Patients for Personalized Rehabilitation Approaches,10.3390/app15084578,Article,,15,,"Chrysanthakopoulou, Dionysia;Matzaroglou, Charalampos;Trachani, Eftychia;Koutsojannis, Constantinos",,ASIA score | machine learning | prediction | recovery | spinal cord injury,2-s2.0-105003738782,,,ar,Chrysanthakopoulou D.,60031155,University of Patras,Rio,Greece,4.0,58762633400;12545892600;25722346200;6603110251,60031155;60031155;60031155;60031155,2025-04-01,April 2025,Applied Sciences Switzerland,21100829268.0,20763417,Journal,8,4578,,"The strong correlation between evoked potentials (EPs) and American Spinal Injury Association (ASIA) scores in individuals with spinal cord injury (SCI) suggests that EPs may serve as reliable predictive markers for rehabilitation progress. Numerous studies have confirmed a relationship between variations in somatosensory evoked potentials (SSEPs) and ASIA scores, especially in the early stages of SCI. Machine learning’s (ML’s) increasing importance in medicine is driven by the growing availability of health data and improved algorithms. It enables the creation of predictive models for disease diagnosis, progression prediction, personalized treatment, and improved healthcare efficiency. Data-driven approaches can significantly improve patient care, reduce costs, and facilitate personalized medicine. The meticulous analysis of medical data is crucial for timely disease identification, leading to effective symptom management and appropriate treatment. This study applies artificial intelligence to identify predictors of SCI progression, as measured by the disability index, ASIA impairment scale (AIS), and final motor recovery. We aim to clarify the prognostic role of electrophysiological testing (SSEPs, MEPs, and nerve conduction studies (NCSs)) in SCI. We analyzed data from a medical database of 123 records. We developed an ML-based intelligent system, utilizing ensemble algorithms combining decision trees and neural network approaches, to predict SCI recovery. Our evaluation showed SEP accuracies of 90% for motor recovery prediction and 80% for AIS scale determination, comparable to full electrophysiology evaluation accuracies of 93% and 89%, respectively, and generally superior results compared to MEP and NCS results. EPs emerged as the best predictors, comparable to a comprehensive electrophysiology assessment, significantly improving accuracy compared to clinical findings alone. An electrophysiological assessment, when available, increased overall accuracy for final motor recovery prediction to 93% (from a maximum of 75%) and, for ASIA score determination, to 89% (from a maximum of 66%). Further validation is needed with a larger dataset. Future research should validate that sensory electrophysiology assessment is a less expensive, portable, and simpler alternative to other prognostic tests and more effective than clinical assessments, like the AIS, biomarker for SCI, and personalized rehabilitation planning.",2.0,1.0,all publisherfullgold,All Open Access Gold,,,
3,,Secure software design evaluation and decision making model for ubiquitous computing: A two-stage ANN-Fuzzy AHP approach,10.1016/j.chb.2023.108109,Article,,153,,"Alzahrani, Abdulrahman;Khan, Rafiq Ahmad",07475632,Artificial neural network | Empirical study | Fuzzy analytical hierarchy | Secure software design | Security design threats and practices | Ubiquitous computing,2-s2.0-85181771661,S0747563223004600,,ar,Alzahrani A.,60003977;60108699;60089669,Northwestern Polytechnical University;University of Jeddah;University of Malakand,Xi'an;Jeddah;Chakdara,China;Saudi Arabia;Pakistan,2.0,58028179300;56992105300,60108699;60003977-60089669,2024-04-01,April 2024,Computers in Human Behavior,19419.0,,Journal,,108109,,"Ubiquitous computing systems are deployed everywhere to process and service complex applications in real time. It has been noticed that most ubiquitous computing practitioners are trying to develop a highly secure design while maintaining usability. Unfortunately, the highly secure design of software becomes worthless because the usability of software is very low. When improving the security of software design, underlying security design threats (SDTs) and secure design practices (SDPs) play an important role in improving the design security of ubiquitous computing projects. Therefore, the objective of this study is to develop an SSD evaluation and decision-making model using artificial neural network (ANN) and fuzzy analytical hierarchy process (FAHP), for analyzing the SSD threats and its practices to improve ubiquitous computing. Initially, we identified 11 major SDTs and 50 SDPs to mitigate these threats by conducting an empirical study with 50 ubiquitous computing security experts. Moreover, 13 ubiquitous computing security expert panel reviews were conducted to analyze the interrelationships among the SDTs and SDPs using ANN and FAHP approaches. The ANN outcome presents that the foremost significant independent threat in predicting SSD intention is “SDT2: failure to adhere to accepted security design principles” (100%) importance. Furthermore, the FAHP was used to prioritize the list of SDPs. The results and analysis of this study provide a ranked-based decision-making model, which assists the ubiquitous computing practitioners in considering the most weighted SSD practice (“SDP: Implement Sandboxing and respect for User Privacy” having global weight: 0.05088 and global rank: 1) on priority. The study findings will assist real-world industry experts and academic researchers to improve and develop new techniques for the improvements of ubiquitous computing projects.",13.0,0.0,,,,,
4,,"Combining biomarkers of BNIP3 L, S100B, NSE, and accessible measures to predict sepsis-associated encephalopathy: a prospective observational study",10.1080/03007995.2024.2322059,Article,,40,,"Zhang, Nannan;Xie, Keliang;Yang, Fei;Wang, Yunying;Yang, Xinhao;Zhao, Lina",03007995,BNIP3 L | NSE | optic nerve sheath | Registered 4 February 2022. Retrospectively registered. Registered name: establishment of a multi-modal early warning system for sepsis associated encephalopathy | Registration number: ChiCTR2200056351 | S100B | Sepsis | sepsis-associated delirium,2-s2.0-85186904034,,38385550.0,ar,Zhang N.,60011715;120096921;127692120,Tianjin Medical University;Chifeng Clinical Medical School of Inner Mongolia Medical University;Ulanqab Medical College,Tianjin;Chifeng;Wulanchabu City,China;China;China,6.0,58713576600;35792898500;57220966128;57219863544;58922197500;57214757318,60011715;60011715;120096921;120096921;127692120;60011715,2024-01-01,2024,Current Medical Research and Opinion,29970.0,14734877,Journal,4,,575-582,"Background: Accurate identification of delirium in sepsis patients is crucial for guiding clinical diagnosis and treatment. However, there are no accurate biomarkers and indicators at present. We aimed to identify which combinations of cognitive impairment-related biomarkers and other easily accessible assessments best predict delirium in sepsis patients. Methods: One hundred and one sepsis patients were enrolled in a prospective study cohort. S100B, NSE, and BNIP3 L biomarkers were detected in plasma and cerebrospinal fluid and patients’ optic nerve sheath diameter (ONSD). The optimal biomarkers identified by Logistic regression are combined with other factors such as ONSD to filter out the perfect model to predict delirium in sepsis patients through Logistic regression, Naïve Bayes, decision tree, and neural network models. Main results: Among all biomarkers, compared with BNIP3 L (AUC =.706, 95% CI =.597–.815) and NSE (AUC =.711, 95% CI =.609–.813) in cerebrospinal fluid, plasma S100B (AUC =.729, 95% CI =.626–.832) had the best discrimination performance for delirium in sepsis patients. Logistic regression analysis showed that the combination of cerebrospinal fluid BNIP3 L with plasma S100B, ONSD, neutrophils, and age provided the best discrimination to cognitive impairment in sepsis patients (accuracy =.901, specificity =.923, sensitivity =.911), which was better than Naïve Bayes, decision tree, and neural network models. Neutrophils, ONSD, and cerebrospinal fluid BNIP3 L were consistently the major contributors in a few models. Conclusions: The logistic regression showed that the combination model was strongly correlated with cognitive dysfunction in sepsis patients.",3.0,0.0,,,NSFC,202202326,Tianjin Municipal Health Commission
6,,Machine learning models predicting undertriage in telephone triage,10.1080/07853890.2022.2136402,Article,,54,,"Inokuchi, Ryota;Iwagami, Masao;Sun, Yu;Sakamoto, Ayaka;Tamiya, Nanako",07853890,after-hours house-call medical service | out-of-hour service | prediction | Prehospital,2-s2.0-85140829000,,36286496.0,ar,Inokuchi R.,60014256;60182118,"University of Tsukuba;Faculty of Medicine, University of Tsukuba",Tsukuba;Tsukuba,Japan;Japan,5.0,55292761200;54381883100;57226422976;57733782300;7005291473,60182118-60014256;60182118-60014256;60014256;60014256;60182118-60014256,2022-01-01,2022,Annals of Medicine,26773.0,13652060,Journal,1,,2990-2997,"Background: Undertriaged patients have worse outcomes than appropriately triaged patients. Machine learning provides better triage prediction than conventional triage in emergency departments, but no machine learning-based undertriage prediction models have yet been developed for prehospital telephone triage. We developed and validated machine learning models for telephone triage. Materials and methods: We conducted a retrospective cohort study with the largest after-hour house-call (AHHC) service dataset in Japan. Participants were ≥16 years and used the AHHC service between 1 November 2018 and 31 January 2021. We developed five prediction models based on support vector machine (SVM), lasso regression (LR), random forest (RF), gradient-boosted decision tree (XGB), and deep neural network (DNN). The primary outcome was undertriage, and predictors were telephone triage level and routinely available telephone-based data, including age, sex, 80 chief complaint categories and 10 comorbidities. We measured the area under the receiver operating characteristic curve (AUROC) for all the models. Results: We identified 15,442 eligible patients (age: 38.4 ± 16.6, male: 57.2%), including 298 (1.9%; age: 58.2 ± 23.9, male: 55.0%) undertriaged patients. RF and XGB outperformed the other models, with the AUROC values (95% confidence interval; 95% CI) of the SVM, LR, RF, XGB and DNN for undertriage being 0.62 (0.55–0.69), 0.79 (0.74–0.83), 0.81 (0.76–0.86), 0.80 (0.75–0.84) and 0.77 (0.73–0.82), respectively. Conclusions: We found that RF and XGB outperformed other models. Our findings suggest that machine learning models can facilitate the early detection of undertriage and early intervention to yield substantially improved patient outcomes.KEY MESSAGES Undertriaged patients experience worse outcomes than appropriately triaged patients; thus, we developed machine learning models for predicting undertriage in the prehospital setting. In addition, we identified the predictors of risk factors associated with undertriage. Random forest and gradient-boosted decision tree models demonstrated better prediction performance, and the models identified the risk factors associated with undertriage. Machine learning models aid in the early detection of undertriage, leading to significantly improved patient outcomes and identifying undertriage-associated risk factors, including chief complaint categories, could help prioritize conventional telephone triage protocol revision.",12.0,1.0,all publisherfullgold repository repositoryvor,All Open Access Gold Green,,,
0,,A Knowledge-Enhanced Platform (MetaSepsisKnowHub) for Retrieval Augmented Generation–Based Sepsis Heterogeneity and Personalized Management: Development Study,10.2196/67201,Article,,27,,"Zhang, Chi;Yang, Hao;Liu, Xingyun;Wu, Rongrong;Zong, Hui;Wu, Erman;Zhou, Yi;Li, Jiakun;Shen, Bairong",,human sepsis | knowledge-enhanced | personalized application | precision medicine | retrieval augmented generation,2-s2.0-105007975026,,40478618.0,ar,Zhang C.,60073509;60023610,West China School of Medicine/West China Hospital of Sichuan University;Universidade da Coruña,Chengdu;A Coruna,China;Spain,9.0,57197729425;56955920900;57204169332;58891339700;57209205887;57935054500;59489720400;57206963019;7401580760,60073509;60073509-60023610;60073509;60073509;60073509;60073509;60073509;60073509;60073509,2025-01-01,2025,Journal of Medical Internet Research,23709.0,14388871,Journal,,e67201,,"Background: Sepsis is a severe syndrome of organ dysfunction caused by infection; it has high heterogeneity and high in-hospital mortality, representing a grim clinical challenge for precision medicine in critical care. Objective: We aimed to extract reported sepsis biomarkers to provide users with comprehensive biomedical information and integrate retrieval augmented generation (RAG) and prompt engineering to enhance the accuracy, stability, and interpretability of clinical decisions recommended by large language models (LLMs). Methods: To address the challenge, we established and updated the first knowledge-enhanced platform, MetaSepsisKnowHub, comprising 427 sepsis biomarkers and 423 studies, aiming to systematically collect and annotate sepsis biomarkers to guide personalized clinical decision-making in the diagnosis and treatment of human sepsis. We curated a tailored LLM framework incorporating RAG and prompt engineering and incorporated 2 performance evaluation scales: the System Usability Scale and the Net Promoter Score. Results: The overall quantitative ratings of expert-reviewed clinical recommendations based on RAG surpassed baseline responses generated by 4 LLMs and showed a statistically significant improvement in textual questions (GPT-4: mean 75.79, SD 7.11 vs mean 81.59, SD 9.87; P=.02; GPT-4o: mean 70.36, SD 7.63 vs mean 77.98, SD 13.26; P=.02; Qwen2.5-instruct: mean 77.08 SD 3.75 vs mean 85.46, SD 7.27; P<.001; and DeepSeek-R1: mean 77.67, SD 3.66 vs mean 86.42, SD 8.56; P<.001), but no significant statistical differences could be measured in clinical scenarios. The RAG assessment score comparing RAG-based responses and expert-provided benchmark answers illustrated prominent factual correctness, accuracy, and knowledge recall compared to the baseline responses. After use, the average the System Usability Scale score was 82.20 (SD 14.17) and the Net Promoter Score was 72, demonstrating high user satisfaction and loyalty. Conclusions: We highlight the pioneering MetaSepsisKnowHub platform, and we show that combining MetaSepsisKnowHub with RAG can minimize limitations on precision and maximize the breadth of LLMs to shorten the bench-to-bedside distance, serving as a knowledge-enhanced paradigm for future application of artificial intelligence in critical care medicine.",1.0,1.0,all publisherfullgold repository repositoryam,All Open Access Gold Green,NNSF,32270690,National Natural Science Foundation of China
0,,Making the case for digital twins: Italian healthcare needs AI-driven predictive modeling for personalized medicine,10.1701/4573.45777,Article,,116,,"Ferro, Diana;Baglivo, Francesco;Angelis, LUIGI DE;Causio, Francesco Andrea;Pumpo, Marcello Di;Sacchi, Francesca Aurora;Diedenhofen, Giacomo;Pivetta, Alessio;Belpiede, Alessandro;Tozzi, Alberto Eugenio",00341193,Artificial intelligence | digital twins | personalized medicine,2-s2.0-105017606973,,41037361.0,ar,Ferro D.,60032350;60028868;60031984;60017905;60017517;131352612;100790103,"Sapienza Università di Roma;Università di Pisa;Università Cattolica del Sacro Cuore, Campus di Roma;IRCCS Ospedale Pediatrico Bambino Gesù;Istituto Nazionale Tumori IRCCS - Fondazione G Pascale, Napoli;Italian Society for Artificial Intelligence in Medicine (SIIAM - Società Italiana Intelligenza Artificiale in Medicina);Monroe University",Rome;Pisa;Rome;Rome;Naples;Rome;New York,Italy;Italy;Italy;Italy;Italy;Italy;United States,10.0,55070364200;57459202600;59721162400;7003278291;57215004824;60125585300;57195332774;60125615200;57223244232;7006852999,60017905-131352612;131352612-60028868;131352612-60028868;131352612-60031984;131352612-60031984;131352612-100790103;131352612-60032350;131352612;131352612-60017517;60017905-131352612,2025-10-01,October 2025,Recenti Progressi in Medicina,17760.0,20381840,Journal,10,,561-566,"Precision medicine seeks to tailor care by integrating genetic, clinical, and environmental data. Digital twins, dynamic, virtual replicas of patients that are updated with longitudinal information, represent a significant step in this direction. Enabled by artificial intelligence, they allow in silico experimentation to simulate therapies, disease trajectories, and adverse events, reducing risk and sharpening personalization. By bridging data and decisions, digital twins can promote earlier diagnosis, targeted treatments, and faster drug discovery, supporting a shift from reactive to predictive and participatory care. Nonetheless, challenges surrounding data integration, privacy, regulation, and equity persist and necessitate collaborative solutions. This viewpoint examines the opportunities and system-level requirements to integrate digital twins into Italian healthcare. Digital twins redefine medicine by turning episodic encounters into continuous, adaptive care. They can anticipate clinical events, simulate individualized treatments, and support shared decision-making, advancing the vision of predictive, preventive, personalized, and participatory medicine. Realizing this potential requires robust governance, interoperable infrastructures, and clinician training, alongside ethical frameworks that protect autonomy and fairness. Public-private partnerships and international collaboration will be crucial for the responsible, inclusive, and transparent adoption of these initiatives. Ultimately, digital twins inaugurate a paradigm in which simulation and clinical reality converge, fostering innovation that is both scientifically rigorous and deeply human.",1.0,0.0,,,,,
0,,Can Machine Learning from Real-World Data Support Drug Treatment Decisions? A Prediction Modeling Case for Direct Oral Anticoagulants,10.1177/0272989X211064604,Article,,42,,"Meid, Andreas D.;Wirbka, Lucas;Groll, Andreas;Haefeli, Walter E.",0272989X,claims data | clinical decision support system | direct oral anticoagulants | heterogeneous treatment effects | machine-learning | personalized medicine,2-s2.0-85131902415,,34911402.0,ar,Meid A.D.,60016908;60032991,Universität Heidelberg;Technische Universität Dortmund,Heidelberg;Dortmund,Germany;Germany,4.0,55218414400;57217037753;57218540725;7005036811,60016908;60016908;60032991;60016908,2022-07-01,July 2022,Medical Decision Making,17792.0,1552681X,Journal,5,,587-598,"Background: Decision making for the “best” treatment is particularly challenging in situations in which individual patient response to drugs can largely differ from average treatment effects. By estimating individual treatment effects (ITEs), we aimed to demonstrate how strokes, major bleeding events, and a composite of both could be reduced by model-assisted recommendations for a particular direct oral anticoagulant (DOAC). Methods: In German claims data for the calendar years 2014–2018, we selected 29 901 new users of the DOACs rivaroxaban and apixaban. Random forests considered binary events within 1 y to estimate ITEs under each DOAC according to the X-learner algorithm with 29 potential effect modifiers; treatment recommendations were based on these estimated ITEs. Model performance was evaluated by the c-for-benefit statistics, absolute risk reduction (ARR), and absolute risk difference (ARD) by trial emulation. Results: A significant proportion of patients would be recommended a different treatment option than they actually received. The stroke model significantly discriminated patients for higher benefit and thus indicated improved decisions by reduced outcomes (c-for-benefit: 0.56; 95% confidence interval [0.52; 0.60]). In the group with apixaban recommendation, the model also improved the composite endpoint (ARR: 1.69 % [0.39; 2.97]). In trial emulations, model-assisted recommendations significantly reduced the composite event rate (ARD: −0.78 % [−1.40; −0.03]). Conclusions: If prescribers are undecided about the potential benefits of different treatment options, ITEs can support decision making, especially if evidence is inconclusive, risk-benefit profiles of therapeutic alternatives differ significantly, and the patients’ complexity deviates from “typical” study populations. In the exemplary case for DOACs and potentially in other situations, the significant impact could also become practically relevant if recommendations were available in an automated way as part of decision making. It was possible to calculate individual treatment effects (ITEs) from routine claims data for rivaroxaban and apixaban, and the characteristics between the groups with recommendation for one or the other option differed significantly. ITEs resulted in recommendations that were significantly superior to usual (observed) treatment allocations in terms of absolute risk reduction, both separately for stroke and in the composite endpoint of stroke and major bleeding. When similar patients from routine data were selected (precision cohorts) for patients with a strong recommendation for one option or the other, those similar patients under the respective recommendation showed a significantly better prognosis compared with the alternative option. Many steps may still be needed on the way to clinical practice, but the principle of decision support developed from routine data may point the way toward future decision-making processes.",10.0,1.0,all publisherhybridgold repository repositoryam,All Open Access Hybrid Gold Green,,,Universitätsklinikum Heidelberg
1,,Effectiveness of CHA 2 DS 2 -VASc based decision support on stroke prevention in atrial fibrillation: A cluster randomised trial in general practice,10.1016/j.ijcard.2018.08.096,Article,,273,,"van Doorn, S.;Rutten, F. H.;O'Flynn, C. M.;Oudega, R.;Hoes, A. W.;Moons, K. G.M.;Geersing, G. J.",01675273,Anticoagulants | Atrial fibrillation | CHA 2 DS 2 -VASc | Decision support system,2-s2.0-85053300452,S0167527318336854,30224261.0,ar,van Doorn S.,60032724,University Medical Center Utrecht,Utrecht,Netherlands,7.0,55041707600;7005091114;57203879397;8529889900;35370614300;7004546169;57220909636,60032724;60032724;60032724;60032724;60032724;60032724;60032724,2018-12-15,15 December 2018,International Journal of Cardiology,23774.0,18741754,Journal,,,123-129,"Background: Guidelines on atrial fibrillation (AF) recommend the CHA <inf>2</inf> DS <inf>2</inf> -VASc rule for anticoagulant decision-making, but underuse exists. We studied the impact of an automated decision support on stroke prevention in patients with AF in a cluster randomised trial in general practice. Methods: Intervention practices were provided with a CHA <inf>2</inf> DS <inf>2</inf> -VASc based anticoagulant treatment recommendation. Reference practices provided care as usual. The primary outcome was incidence of ischaemic stroke, transient ischaemic attack (TIA) and/or thromboembolism (TE). Secondary outcomes were bleeding and the proportion of patients on guideline recommended anticoagulant treatment. Results: In total, 1129 AF patients were included in the 19 intervention practices and 1226 AF patients in the 19 reference practices. The median age was 77 (interquartile range (IQR) 68–75) years, the median CHA <inf>2</inf> DS <inf>2</inf> -VASc score was 3.0 (IQR 2.0–5.0). Underuse of anticoagulants in patients with CHA <inf>2</inf> DS <inf>2</inf> -VASc score ≥ 2 was 6.6%. After a median follow-up of 2.7 years (IQR 2.3–3.0), the incidence rate per 100 person-years of ischaemic stroke/TIA/TE was 1.96 in the intervention group and 1.42 in the reference group (hazard ratio (HR) 1.3, 95% C.I. 0.8–2.1). No difference was observed in the rate of bleeding (0.79 versus 0.82), or in the underuse (7.2% versus 8.2%) or overuse (8.0% versus 7.9%) of anticoagulation. Conclusions: In this study in patients with AF in general practice, underuse of anticoagulants was relatively low. Providing practitioners with CHA <inf>2</inf> DS <inf>2</inf> -VASc based decision support did not result in a reduction in stroke incidence, affect bleeding risk or anticoagulant over- or underuse.",22.0,0.0,,,BI,ZONMW 016.166.030,Boehringer Ingelheim
2,,A digital twin model for evidence-based clinical decision support in multiple myeloma treatment,10.3389/fdgth.2023.1324453,Article,,5,,"Grieb, Nora;Schmierer, Lukas;Kim, Hyeon Ung;Strobel, Sarah;Schulz, Christian;Meschke, Tim;Kubasch, Anne Sophie;Brioli, Annamaria;Platzbecker, Uwe;Neumuth, Thomas;Merz, Maximilian;Oeser, Alexander",,clinical decision support | digital twin | knowledge graph | multiple myeloma | treatment outcome simulation | value-based healthcare,2-s2.0-85181496621,,,ar,Grieb N.,60008042;60004692;60022786,Universität Leipzig;Universitätsklinikum Leipzig und Medizinische Fakultät;Universitätsmedizin Greifswald,Leipzig;Leipzig;Greifswald,Germany;Germany;Germany,12.0,57216209030;58793768800;58794496200;57194406685;58794736000;57962203400;56896099800;15130771200;6603836387;14023288300;7006080632;57201361347,60008042;60008042;60008042;60008042;60008042;60008042;60004692;60022786;60004692;60008042;60004692;60008042,2023-01-01,2023,Frontiers in Digital Health,21101090720.0,2673253X,Journal,,1324453,,"The treatment landscape for multiple myeloma (MM) has experienced substantial progress over the last decade. Despite the efficacy of new substances, patient responses tend to still be highly unpredictable. With increasing cognitive burden that is introduced through a complex and evolving treatment landscape, data-driven assistance tools are becoming more and more popular. Model-based approaches, such as digital twins (DT), enable simulation of probable responses to a set of input parameters based on retrospective observations. In the context of treatment decision-support, those mechanisms serve the goal to predict therapeutic outcomes to distinguish a favorable option from a potential failure. In the present work, we propose a similarity-based multiple myeloma digital twin (MMDT) that emphasizes explainability and interpretability in treatment outcome evaluation. We've conducted a requirement specification process using scientific literature from the medical and methodological domains to derive an architectural blueprint for the design and implementation of the MMDT. In a subsequent stage, we've implemented a four-layer concept where for each layer, we describe the utilized implementation procedure and interfaces to the surrounding DT environment. We further specify our solutions regarding the adoption of multi-line treatment strategies, the integration of external evidence and knowledge, as well as mechanisms to enable transparency in the data processing logic. Furthermore, we define an initial evaluation scenario in the context of patient characterization and treatment outcome simulation as an exemplary use case for our MMDT. Our derived MMDT instance is defined by 475 unique entities connected through 438 edges to form a MM knowledge graph. Using the MMRF CoMMpass real-world evidence database and a sample MM case, we processed a complete outcome assessment. The output shows a valid selection of potential treatment strategies for the integrated medical case and highlights the potential of the MMDT to be used for such applications. DT models face significant challenges in development, including availability of clinical data to algorithmically derive clinical decision support, as well as trustworthiness of the evaluated treatment options. We propose a collaborative approach that mitigates the regulatory and ethical concerns that are broadly discussed when automated decision-making tools are to be included into clinical routine.",16.0,1.0,all publisherfullgold repository repositoryam,All Open Access Gold Green,DFG,,Deutsche Forschungsgemeinschaft
3,,Adherence to an ehealth self-management intervention for patients with both copd and heart failure: Results of a pilot study,10.2147/COPD.S299598,Article,,16,,"Sloots, Joanne;Bakker, Mirthe;van der Palen, Job;Eijsvogel, Michiel;van der Valk, Paul;Linssen, Gerard;van Ommeren, Clara;Grinovero, Martijn;Tabak, Monique;Effing, Tanja;Lenferink, Anke",11769106,Chronic conditions | Disease management | Dry powder inhalers | Self-treatment | Telemedicine,2-s2.0-85111365318,,34290502.0,ar,Sloots J.,60020599;60189490;60005675;60027643;126374164;120809418,Universiteit Twente;College of Medicine and Public Health;Medisch Spectrum Twente (MST);Roessingh Research and Development;Hospital Group Twente;Amiko Digital Health Limited,Enschede;Adelaide;Enschede;Enschede;Almelo and Hengelo;London,Netherlands;Australia;Netherlands;Netherlands;Netherlands;United Kingdom,11.0,57193507374;57226379216;7003461768;16177112400;7103290288;6603445889;56447017300;57194234309;55543082200;13410185500;55795677100,60005675;60005675;60005675-60020599;60005675;60005675;126374164;60005675;120809418;60027643-60020599;60189490;60005675-60020599,2021-01-01,2021,International Journal of Copd,6200180178.0,11782005,Journal,,,2089-2103,"Background: Chronic obstructive pulmonary disease (COPD) and chronic heart failure (CHF) often coexist and share periods of symptom deterioration. Electronic health (eHealth) might play an important role in adherence to interventions for the self-management of COPD and CHF symptoms by facilitating and supporting home-based care. Methods: In this pilot study, an eHealth self-management intervention was developed based on paper versions of multi-morbid exacerbation action plans and evaluated in patients with both COPD and CHF. Self-reporting of increased symptoms in diaries was linked to an automated decision support system that generated self-management actions, which was communicated via an eHealth application on a tablet. After participating in self-management training sessions, patients used the intervention for a maximum of four months. Adherence to daily symptom diary completion and follow-up of actions were analyzed. An add-on sensorized (Respiro®) inhaler was used to analyze inhaled medication adherence and inhalation technique. Results: In total, 1148 (91%) of the daily diaries were completed on the same day by 11 participating patients (mean age 66.8 ± 2.9 years; moderate (55%) to severe (45%) COPD; 46% midrange left ventricular function (LVF) and 27% reduced LVF). Seven patients received a total of 24 advised actions because of increased symptoms of which 11 (46%) were followed-up. Of the 13 (54%) unperformed advised actions, six were “call the case manager”. Adherence to inhaled medication was 98.4%, but 51.9% of inhalations were performed incorrectly, with “inhaling too shortly” (<1.25 s) being the most frequent error (79.6%). Discussion: Whereas adherence to completing daily diaries was high, advised actions were inadequately followed-up, particularly the action “call the case manager”. Inhaled medication adherence was high, but inhalations were poorly performed. Future research is needed to identify adherence barriers, further tailor the intervention to the individual patient and analyse the intervention effects on health outcomes.",19.0,1.0,all publisherfullgold repository repositoryvor repositoryam,All Open Access Gold Green,,,
0,,ePRO symptom follow-up of colorectal cancer patients receiving oxaliplatin-based adjuvant chemotherapy is feasible and enhances the quality of patient care: a prospective multicenter study,10.1007/s00432-023-04622-4,Article,,149,,"Iivanainen, Sanna;Ravichandra, Ravi;Jekunen, Antti;Arokoski, Reetta;Mentu, Santeri;Lang, Laura;Ekström, Jussi;Virtanen, Henri;Kataja, Vesa;Koivunen, Jussi P.",01715216,Adjuvant therapy | Adverse event | Chemotherapy | CIPN | CRC | ePRO,2-s2.0-85148458808,,36809503.0,ar,Iivanainen S.,60025765;60016622;60012511;122005747,Turun Yliopistollinen Keskussairaala;Oulu University Hospital;Vasa Central Sjukhus;Kaiku Health Oy,Turku;Oulu;Vaasa;Helsinki,Finland;Finland;Finland;Finland,10.0,57204549908;58026090100;7006393791;57781208700;58025567900;58025307900;56542943700;57205513589;7003355623;6603055448,60016622;60012511;60012511-60025765;122005747;122005747;122005747;122005747;122005747;122005747;60016622,2023-08-01,August 2023,Journal of Cancer Research and Clinical Oncology,29930.0,14321335,Journal,10,,6875-6882,"Purpose: Electronic (e) patient-reported outcomes (PROs) have been shown to improve the quality of life and survival in chemotherapy treated advanced cancer patients. We hypothesized that multidimensional ePRO centered approach could improve symptom management, streamline patient flow, and optimize the use of healthcare resources. Methods: In this multicenter trial (NCT04081558), colorectal cancer (CRC) patients receiving oxaliplatin-based chemotherapy as adjuvant or in the first- or second-line setting in advanced disease were included in the prospective ePRO cohort, while a comparative retrospective cohort was collected from the same institutes. The investigated tool consisted of a weekly e-symptom questionnaire integrated to an urgency algorithm and laboratory value interface, which generated semi-automated decision support for chemotherapy cycle prescription and individualized symptom management. Results: Recruitment to the ePRO cohort occurred 1/2019–1/2021 (n = 43). The comparator group (n = 194) consisted of patients treated in the same institutes 1–7/2017. The analysis was limited to adjuvant treated (n = 36 and n = 35). The feasibility of the ePRO follow-up was good with 98% reporting easy usage and 86% improved care, while health care personnel valued the easy use and logical workflow. In the ePRO cohort, 42% needed a phone call before planned chemotherapy cycles, while this was 100% in the retrospective cohort (p = 1.4e−8). Peripheral sensory neuropathy was detected significantly earlier with ePRO followed (p = 1e−5) but did not translate to earlier dose reduction, delays, or unplanned therapy termination compared to the retrospective cohort. Conclusion: The results suggest that the investigated approach is feasible and streamlines workflow. Earlier symptom detection may improve the quality in cancer care.",2.0,1.0,all publisherhybridgold repository repositoryam,All Open Access Hybrid Gold Green,,,Roche Diagnostics
0,,Dynamic and interpretable deep learning model for predicting respiratory failure following cardiac surgery,10.1186/s12871-025-03239-z,Article,,25,,"Xu, Man;Liu, Hao;Dai, Anran;Tan, Qilian;Zhang, Xinlong;Ding, Rui;Chen, Chen;Zou, Jianjun;Li, Yongjun;Si, Yanna",,Cardiac surgery | Deep neural network | Dynamic assessment | Machine learning | Postoperative respiratory failure | Risk prediction | SHAP,2-s2.0-105012624827,,40764535.0,ar,Xu M.,60018310;60029310;60124157;131661873,Nanjing Medical University;Zhejiang University School of Medicine;State Key Laboratory of Natural Medicines;Lianshui County People’ Hospital,Nanjing;Hangzhou;Nanjing;Huai'an,China;China;China;China,10.0,57220113320;57402773100;58111756200;57203269205;58804368200;59414034600;57224917651;25642016600;60030395700;55614799500,60018310;60124157;60029310;60018310;60018310;60018310;60018310;60018310;131661873;60018310,2025-12-01,December 2025,BMC Anesthesiology,21855.0,14712253,Journal,1,394,,"Background: Postoperative respiratory failure following cardiac surgery (CS-PRF) remains a critical complication with substantial morbidity and mortality. Current risk prediction models are limited by static assessments and suboptimal accuracy. This study aimed to develop and validate a dynamic, machine learning–based model to enhance perioperative risk stratification for CS-PRF. Methods: We retrospectively analyzed 1,016 adult patients who underwent cardiac surgery. Feature selection was conducted via the Least Absolute Shrinkage and Selection Operator (LASSO) and Boruta algorithms. Five machine learning models, including logistic regression, multilayer perceptron, extreme gradient boosting, categorical boosting, and deep neural network (DNN), were trained using preoperative and intraoperative variables. Model performance was evaluated by the area under the receiver operating characteristic curve (AUROC), area under the precision–recall curve (AUPRC), and calibration metrics. Model interpretability was evaluated via SHapley additive exPlanation (SHAP), and restricted cubic spline (RCS) analyses were used to explore nonlinear associations. Results: The incidence of CS-PRF was 16.3%. In the validation cohort, the DNN model achieved superior performance, with an AUROC of 0.782 (95% CI 0.703–0.852) and an AUPRC of 0.496 based on preoperative variables, which improved to an AUROC of 0.855 (95% CI 0.796–0.906) and an AUPRC of 0.549 with the addition of intraoperative data. Calibration analysis demonstrated good agreement between predicted and observed risk. SHAP analysis of the preoperative model identified pulmonary artery pressure, age, and preoperative creatinine as key contributors. In the combined model, intraoperative features such as cardiopulmonary bypass duration and autologous blood transfusion volume emerged as additional important predictors. RCS analysis revealed a nonlinear association between age and CS-PRF. A web-based risk calculator integrating DNN predictions and individualized SHAP interpretation was deployed to support clinical decision-making. Conclusions: We developed a deep learning model that integrates perioperative variables to predict postoperative respiratory failure following cardiac surgery. Demonstrating high accuracy and interpretability, the model has been deployed as an accessible web-based calculator, offering a practical tool for personalized perioperative risk assessment. Trial registration: Not applicable. This study is a retrospective observational study and was not registered as a clinical trial.",1.0,1.0,all publisherfullgold repository repositoryam,All Open Access Gold Green,NSFC,81873954,National Natural Science Foundation of China
1,,Development of a deep learning model for guiding treatment decisions of acute variceal bleeding in patients with cirrhosis,10.3748/wjg.v31.i41.111361,Article,,31,,"Xiang, Yi;Yang, Na;Zheng, Tian Lei;Huang, Yi Fei;Liu, Tian Yu;Ma, De Qiang;Hu, Sheng Juan;Zhang, Wen Hui;Xiang, Hui Ling;Zhang, Li Yao;Yuan, Li Li;Wang, Xing;Dang, Tong;Zhang, Guo;Wu, Bin;Peng, Li Jun;Gao, Min;Xia, Dong Li;Liu, Zhen Bei;Li, Jia;Song, Ying;Zhou, Xi Qiao;Qi, Xing Si;Zeng, Jing;Tan, Xiao Yan;Deng, Ming Ming;Fang, Hai Ming;Qi, Sheng Lin;He, Song;He, Yong Feng;Ye, Bin;Wu, Wei;Shao, Jiang Bo;Wei, Wei;Hu, Jian Ping;Yong, Xin;He, Chao Hui;Bao, Jin Lun;Zhang, Yue Ning;Ji, Rui;Bo, Yang;Yan, Wei;Li, Hong Jiang;Li, Sheng Li;Geng, Shi;Zhao, Lei;Liu, Bin;Qi, Xiao Long",10079327,Acute variceal bleeding | Deep learning | Endoscopic therapy | Liver cirrhosis | Preemptive transjugular intrahepatic portosystemic shunt | Risk stratification,2-s2.0-105021935349,,41257275.0,ar,Xiang Y.,60005244;60023380;60028265;60001193;60073460;60018310;60029310;60030434;60069744;60014454;60013156;60102447;60022050;60122342;60104165;60017763;60122359;60090097;60019043;60000065;60122065;60025305;60112648;60089935;60122207;60122309;126147321;101341013;123149389;100346419;107929492;100876048;124469494;60122151;113077512;100505209;113404877;113018749;107907685;128258360;112923345;113213390;132370543,"Southeast University;Chongqing University;Lanzhou University;Tongji Medical College of Huazhong University of Science and Technology;China University of Mining and Technology;Nanjing Medical University;Zhejiang University School of Medicine;Qingdao University;General Hospital of People's Liberation Army;Anhui Medical University;Guangzhou Medical University;Jiangsu Province Hospital;Xuzhou Medical University;The First Affiliated Hospital of Wenzhou Medical University;Inner Mongolia University of Science and Technology;Ningxia Medical University;The Third Affiliated Hospital, Sun Yat-sen University;Affiliated Hospital of Southwest Medical University;Hubei University of Medicine;School of Medicine, Southeast University;The Second Affiliated Hospital of Chongqing Medical University;Gannan Medical College;Beijing YouAn Hospital, Capital Medical University;Linyi People's Hospital;Zhuhai People's Hospital;Lishui Central Hospital;Suining Central Hospital;Tianjin Third Central Hospital;Shanxi Bethune Hospital;Maoming People's Hospital;Tianjin Second People's Hospital;Ankang Central Hospital;The General Hospital of Western Theater Command;The Third People's Hospital of Zhenjiang;People's Hospital of Ningxia Hui Autonomous Region;First People's Hospital of Yinchuan;The Sixth People’s Hospital of Shenyang;Baoding People's Hospital;Beijing Daxing District People’s Hospital;Shannan People's Hospital;Dalian Sixth People's Hospital;People's Hospital;Xi’an Gaoxin Hospital",Nanjing;Chongqing;Lanzhou;Wuhan;Xuzhou;Nanjing;Hangzhou;Qingdao;Beijing;Hefei;Guangzhou;Nanjing;Xuzhou;Wenzhou;Baotou;Yinchuan;Guangzhou;Luzhou;Shiyan;Nanjing;Chongqing;Ganzhou;Beijing;Linyi;Zhuhai;Lishui;Suining;Tianjin;Taiyuan;Maoming;Tianjin;Ankang;Chengdu;Zhenjiang;Yinchuan;Yinchuan;Shenyang;Baoding;Beijing;Shannan;Dalian;Nanning;Xi'an,China;China;China;China;China;China;China;China;China;China;China;China;China;China;China;China;China;China;China;China;China;China;China;China;China;China;China;China;China;China;China;China;China;China;China;China;China;China;China;China;China;China;China,48.0,57224544027;58089863900;57486644400;57203995738;57875611900;57054640600;60196741200;57192222699;36128235400;57760889600;60196575100;57211221406;60196987300;7405270483;56428243700;59772792900;58378573200;57760447400;57760334300;56042346700;56034044100;17136505100;56399934200;57377321000;58527735300;59898117400;34770977500;57197848727;56675087300;57760666000;60196655200;57191254587;57224479726;57216873346;57981398500;57760666200;57194510772;58281034900;57203995983;56781008500;57226178361;56424605100;57760448700;56560367300;57962715400;59874471600;56337564400;55753297300,60000065-60005244-60025305;60018310-60022050;60022050-60073460;60122359;126147321;60019043;60017763;107907685-60069744;101341013;113404877;123149389;60122359;60104165;113213390;60122359;60089935;60029310;60023380;60023380;107929492;132370543;60102447;60030434;60013156;100346419;60090097;60014454;112923345;60122065;100876048;60122309;60122342;60122151;60029310;100505209;124469494;60122207;128258360;60112648;60028265;113077512;60001193;113018749;60022050;60022050;60022050;60018310;60000065-60005244,2025-11-07,7 November 2025,World Journal of Gastroenterology,25392.0,22192840,Journal,41,111361,,"BACKGROUND Acute variceal bleeding (AVB) in patients with cirrhosis remains life-threatening; moreover, the current risk stratification methods have certain limitations. Rebleeding and mortality after AVB remain major challenges. Although preemptive transjugular intrahepatic portosystemic shunt (p-TIPS) can improve outcomes, not all patients benefit equally. Accurate risk stratification is needed to guide treatment decisions and identify those most likely to benefit from p-TIPS. AIM To develop an artificial intelligence (AI)-driven model to guide AVB treatment decisions, and identify candidates eligible for p-TIPS. METHODS Patients with cirrhosis and AVB, from two multicenter retrospective cohorts in China, who received endoscopic variceal ligation plus pharmacotherapy (n = 1227) or p-TIPS (n = 1863) were included. Baseline data within 24 hours of hospital admission were obtained. The AI-AVB model, based on the six-week failure and one-year mortality rates, was developed to predict treatment efficacy and compared with standard risk scores. Outcomes and adverse events of the treatments were compared across the high- and low-risk subgroups stratified using the AI-AVB model. RESULTS The AI-AVB model demonstrated superior predictive performance compared to traditional risk stratification methods. In the internal validation cohort, the model achieved an area under the curve (AUC) of 0.842 for predicting six-week treatment failure and 0.954 for one-year mortality. In the external validation cohort, the AUCs were 0.814 and 0.889, respectively. The model effectively identified patients at high risk of first-line treatment failure who may benefit from aggressive interventions such as p-TIPS. In contrast, advancing the treatment strategy for low-risk patients did not notably improve the short-term prognosis. CONCLUSION The AI-AVB model can predict treatment outcomes, stratify the failure risk in cirrhotic patients with AVB, aid in clinical decisions, identify p-TIPS beneficiaries, and optimize personalized treatment strategies.",0.0,1.0,all publisherhybridgold repository repositoryam,All Open Access Hybrid Gold Green,XZMU,BE2023767,Xuzhou Medical University
0,,Use of artificial intelligence for decision-support to avoid high-risk behaviors during laparoscopic cholecystectomy,10.1007/s00464-023-10403-4,Article,,37,,"Khalid, Muhammad Uzair;Laplante, Simon;Masino, Caterina;Alseidi, Adnan;Jayaraman, Shiva;Zhang, Haochi;Mashouri, Pouria;Protserov, Sergey;Hunter, Jaryd;Brudno, Michael;Madani, Amin",09302794,Artificial intelligence | Bile duct injury | Deep learning | Intraoperative decision-support | Laparoscopic cholecystectomy | Machine learning,2-s2.0-85170388792,,37697115.0,ar,Khalid M.U.,60016849;60031970;60021600;60014468;60010568,University of Toronto;UCSF School of Medicine;University of Toronto Faculty of Medicine;University Health Network;St. Joseph’s Health Centre Toronto,Toronto;San Francisco;Toronto;Toronto;Toronto,Canada;United States;Canada;Canada;Canada,11.0,57654642600;57827899000;36876718200;6504477786;23985243800;58568894900;57207207926;58569538800;57224953983;55979741800;36059609000,60021600-60014468;60014468-60021600;60014468;60031970;60021600-60010568;60014468;60014468;60014468-60016849;60014468;60014468-60016849;60014468-60021600,2023-12-01,December 2023,Surgical Endoscopy,19196.0,14322218,Journal,12,,9467-9475,"Introduction: Bile duct injuries (BDIs) are a significant source of morbidity among patients undergoing laparoscopic cholecystectomy (LC). GoNoGoNet is an artificial intelligence (AI) algorithm that has been developed and validated to identify safe (“Go”) and dangerous (“No-Go”) zones of dissection during LC, with the potential to prevent BDIs through real-time intraoperative decision-support. This study evaluates GoNoGoNet's ability to predict Go/No-Go zones during LCs with BDIs. Methods and procedures: Eleven LC videos with BDI (BDI group) were annotated by GoNoGoNet. All tool-tissue interactions, including the one that caused the BDI, were characterized in relation to the algorithm’s predicted location of Go/No-Go zones. These were compared to another 11 LC videos with cholecystitis (control group) deemed to represent “safe cholecystectomy” by experts. The probability threshold of GoNoGoNet annotations were then modulated to determine its relationship to Go/No-Go predictions. Data is shown as % difference [99% confidence interval]. Results: Compared to control, the BDI group showed significantly greater proportion of sharp dissection (+ 23.5% [20.0–27.0]), blunt dissection (+ 32.1% [27.2–37.0]), and total interactions (+ 33.6% [31.0–36.2]) outside of the Go zone. Among injury-causing interactions, 4 (36%) were in the No-Go zone, 2 (18%) were in the Go zone, and 5 (45%) were outside both zones, after maximizing the probability threshold of the Go algorithm. Conclusion: AI has potential to detect unsafe dissection and prevent BDIs through real-time intraoperative decision-support. More work is needed to determine how to optimize integration of this technology into the operating room workflow and adoption by end-users.",7.0,0.0,,,,,
1,,Ethical and Legal Challenges in the Use of Robotics for Critical Surgical Interventions,10.56294/mw2024501,Article,,3,,"Vashisht, Nitish;Goyal, Wamika;Choudhary, Shivi;Jayakumar, Sujayaraj Samuel;Patil, Shashikant;Mohapatra, Chinmaya Kumar;Srividya, Aitha",,Artificial Intelligence | Legal Accountability | Machine Learning | Medical Robotics | Patient Autonomy | Robotic Surgery | Surgical Ethics,2-s2.0-105002796210,,,ar,Vashisht N.,60113205;60079572;60006536;60113206;60116002;60276006;60279647,"Chitkara University, Punjab;Siksha O Anusandhan (Deemed to be University);JAIN (Deemed-to-be University);Chitkara University, Himachal Pradesh;Anurag University;Noida International University;ATLAS SkillTech University",Rajpura;Bhubaneswar;Bengaluru;Baddi;Hyderabad;Greater Noida;Mumbai,India;India;India;India;India;India;India,7.0,58637510400;58934810000;59738928500;58506730600;57195064956;57195153635;59738928600,60113206;60113205;60276006;60006536;60279647;60079572;60116002,2024-01-01,1 January 2024,Seminars in Medical Writing and Education,21101283082.0,30088127,Journal,,501,,"Many significant operations now use robots, which has transformed contemporary medicine by enabling quicker, less intrusive therapies for patients that are more exact. Robotic-assisted surgical systems—powered by artificial intelligence (AI) and machine learning (ML)—have generated societal and legal questions as well as fresh avenues for medical outcome improvement. Privacy threats, judgements made by artificial intelligence, patient liberty, who is accountable for medical blunders, and equitable access to robotic surgical technology are among the most pressing concerns of individuals. It becomes more difficult to determine who is liable as the legislation evolves, particularly in cases where AI faults or failures lead to surgical blunders. Using artificial intelligence to perform real-time surgical decisions raises ethical questions about the requirement of human direction, the reality that machine learning systems could be biassed, and Robotic systems are also rather costly, hence they can only be employed in facilities with means to do so. This creates less equitable access to contemporary medical procedures. This article addresses these concerns by examining the new technology, risk-reducing tactics, legal frameworks, and policy recommendations required to guarantee moral and ethical use of robotically assisted surgical procedures. The research reveals that physicians must be extremely well educated, artificial intelligence must be very clear, and laws all around must be united if we want to make robotic surgery safer, more successful, and more accessible for more people. Strict legal employment criteria, clear ethical standards, and equitable healthcare procedures will direct future advancement in AI-driven robotic surgery to the highest degrees of patient safety and medical innovation.",1.0,1.0,all publisherfullgold,All Open Access Gold,,,
2,,Insulin dose optimization using an automated artificial intelligence-based decision support system in youths with type 1 diabetes,10.1038/s41591-020-1045-7,Article,,26,,"Nimri, Revital;Battelino, Tadej;Laffel, Lori M.;Slover, Robert H.;Schatz, Desmond;Weinzimer, Stuart A.;Dovc, Klemen;Danne, Thomas;Phillip, Moshe;Shalitin, Shlomit;Bello, Rachel;Nevo-Shenker, Michal;Fisch-Shvalb, Naama;Shiovitch-Mantzuri, Galit;Choresh, Orit;Drutz, Irit;Nava, Yehiel;Hemo, Alona;Hermon, Orna;Nave, Rachel;Bratina, Natasa;Smigoe-Schweiger, Darja;Mali, Brigita;Gianini, Ana;Sever, Urska;Berkopec, Barbara Murn;Laffel, Lori M.;Katz, Michelle;Isganaitis, Elvira;Mehta, Sanjeev;Quinn, Heidi;Naik, Nisha;Guo, Zijing;Volkening, Lisa;Forlenza, Gregory;Wadwa, R. Paul;Alonso, G. Todd;Messer, Laurel;Towers, Lindsey;Thivener, Katie;Berget, Cari;Lange, Samantha;Jost, Emily;Rossick-Solis, Maria;Haller, Michael;Hiers, Paul;Jacobsen, Laura;Smith, Madison;O’Neill, Anastasia;Hosford, Jennifer;Perry, Alexis;Cengiz, Eda;Sherr, Jennifer;Gibbons, Kathryn;Carria, Lori;Zgorski, Melinda;Biester, Torben;Kordonouri, Olga;von dem Berge, Thekla;Biester, Sarah;Remus, Kerstin",10788956,,2-s2.0-85090495186,,32908282.0,ar,Nimri R.,60002746;60005681;60017994;60028392;60007567;60015234;60073906;100393470,"Harvard Medical School;Tel Aviv University;Yale School of Medicine;University of Colorado Anschutz Medical Campus;University of Florida College of Medicine;Schneider Childrens Medical Center Israel;University Children's Hospital, Ljubljana;Children's Hospital Auf der Bult",Boston;Tel Aviv-Yafo;New Haven;Aurora;Gainesville;Petah Tiqwa;Ljubljana;Hannover,United States;Israel;United States;United States;United States;Israel;Slovenia;Germany,68.0,14021602300;8726399700;26643062800;35513226500;7102923175;13605423400;55992904400;7003794125;35493184100;6701426516;57192311068;57203088781;57196468872;57209122289;57218864181;57218864404;57218862694;57218863204;56373006900;57521103200;6503978370;57218864401;57211310838;57195053437;57218863331;57218864175;57206315966;55434208300;23392857500;24577016400;55931009200;57218864270;57194070750;6505650913;36093838100;8649063100;56125543700;15136589700;57195436576;57207846058;57188694256;57209339841;57194326447;57218862865;7102872661;57193538690;57189903173;57201078653;57218862870;55225878400;57218863510;24436008600;16426455500;57218863721;55366983700;26636216000;55607624500;56232127900;57202154966;57194243495;54397756000,60015234;60073906;60002746;60028392;60007567;60017994;60073906;100393470;60015234-60005681;60015234;60015234;60015234;60015234;60015234;60015234;60015234;60015234;60015234;60015234;60015234;60073906;60073906;60073906;60073906;60073906;60073906;60002746;60002746;60002746;60002746;60002746;60002746;60002746;60002746;60028392;60028392;60028392;60028392;60028392;60028392;60028392;60028392;60028392;60028392;60007567;60007567;60007567;60007567;60007567;60007567;60007567;60017994;60017994;60017994;60017994;60017994;100393470;100393470;100393470;100393470;100393470,2020-09-01,1 September 2020,Nature Medicine,15819.0,1546170X,Journal,9,,1380-1384,"Despite the increasing adoption of insulin pumps and continuous glucose monitoring devices, most people with type 1 diabetes do not achieve their glycemic goals<sup>1</sup>. This could be related to a lack of expertise or inadequate time for clinicians to analyze complex sensor-augmented pump data. We tested whether frequent insulin dose adjustments guided by an automated artificial intelligence-based decision support system (AI-DSS) is as effective and safe as those guided by physicians in controlling glucose levels. ADVICE4U was a six-month, multicenter, multinational, parallel, randomized controlled, non-inferiority trial in 108 participants with type 1 diabetes, aged 10–21 years and using insulin pump therapy (ClinicalTrials.gov no. NCT03003806). Participants were randomized 1:1 to receive remote insulin dose adjustment every three weeks guided by either an AI-DSS, (AI-DSS arm, n = 54) or by physicians (physician arm, n = 54). The results for the primary efficacy measure—the percentage of time spent within the target glucose range (70–180 mg dl<sup>−1</sup> (3.9–10.0 mmol l<sup>−1</sup>))—in the AI-DSS arm were statistically non-inferior to those in the physician arm (50.2 ± 11.1% versus 51.6 ± 11.3%, respectively, P < 1 × 10<sup>−7</sup>). The percentage of readings below 54 mg dl<sup>−1</sup> (<3.0 mmol l<sup>−1</sup>) within the AI-DSS arm was statistically non-inferior to that in the physician arm (1.3 ± 1.4% versus 1.0 ± 0.9%, respectively, P < 0.0001). Three severe adverse events related to diabetes (two severe hypoglycemia, one diabetic ketoacidosis) were reported in the physician arm and none in the AI-DSS arm. In conclusion, use of an automated decision support tool for optimizing insulin pump settings was non-inferior to intensive insulin titration provided by physicians from specialized academic diabetes centers.",191.0,0.0,,,NIDDK,P30DK036836,National Institute of Diabetes and Digestive and Kidney Diseases
2,,Artificial intelligence in health care: Accountability and safety,10.2471/BLT.19.237487,Article,,98,,"Habli, Ibrahim;Lawton, Tom;Porter, Zoe",00429686,,2-s2.0-85083207993,,32284648.0,ar,Habli I.,60016418;60016450,University of York;Bradford Teaching Hospitals NHS Foundation Trust,York;Bradford,United Kingdom;United Kingdom,3.0,23466763400;54585517800;57208588600,60016418;60016450;60016418,2020-04-01,April 2020,Bulletin of the World Health Organization,20913.0,15640604,Journal,4,,251-256,"The prospect of patient harm caused by the decisions made by an artificial intelligence-based clinical tool is something to which current practices of accountability and safety worldwide have not yet adjusted. We focus on two aspects of clinical artificial intelligence used for decision-making: moral accountability for harm to patients; and safety assurance to protect patients against such harm. Artificial intelligence-based tools are challenging the standard clinical practices of assigning blame and assuring safety. Human clinicians and safety engineers have weaker control over the decisions reached by artificial intelligence systems and less knowledge and understanding of precisely how the artificial intelligence systems reach their decisions. We illustrate this analysis by applying it to an example of an artificial intelligence-based system developed for use in the treatment of sepsis. The paper ends with practical suggestions for ways forward to mitigate these concerns. We argue for a need to include artificial intelligence developers and systems safety engineers in our assessments of moral accountability for patient harm. Meanwhile, none of the actors in the model robustly fulfil the traditional conditions of moral accountability for the decisions of an artificial intelligence system. We should therefore update our conceptions of moral accountability in this context. We also need to move from a static to a dynamic model of assurance, accepting that considerations of safety are not fully resolvable during the design of the artificial intelligence system before the system has been deployed.",195.0,1.0,all publisherfullgold repository repositoryam,All Open Access Gold Green,,,University of York
0,,Accuracy of Prospective Assessments of 4 Large Language Model Chatbot Responses to Patient Questions About Emergency Care: Experimental Comparative Study,10.2196/60291,Article,,26,,"Yau, Jonathan Yi Shin;Saadat, Soheil;Hsu, Edmund;Murphy, Linda Suk Ling;Roh, Jennifer S.;Suchard, Jeffrey;Tapia, Antonio;Wiechmann, Warren;Langdorf, Mark I.",,AI | artificial intelligence | chatbot | chatbots | consumer health information | emergency care information | generative AI | health care | literacy | medical consultation | misinformation | natural language processing | patient education,2-s2.0-85208517225,,39496149.0,ar,Yau J.Y.S.,60007278;60029526;60016081;60142558,"University of California, Irvine;University of California, Riverside;Harbor-UCLA Medical Center;Department of Emergency Medicine, University of California Irvine",Irvine;Riverside;Torrance;Orange,United States;United States;United States;United States,9.0,59401868100;16310355800;54893479600;7201572507;57195031843;6603802193;59401884800;8338408600;6603064152,60029526;60142558;60142558;60007278;60016081;60142558;60142558;60142558;60142558,2024-01-01,2024,Journal of Medical Internet Research,23709.0,14388871,Journal,,e60291,,"Background: Recent surveys indicate that 48% of consumers actively use generative artificial intelligence (AI) for health-related inquiries. Despite widespread adoption and the potential to improve health care access, scant research examines the performance of AI chatbot responses regarding emergency care advice. Objective: We assessed the quality of AI chatbot responses to common emergency care questions. We sought to determine qualitative differences in responses from 4 free-access AI chatbots, for 10 different serious and benign emergency conditions. Methods: We created 10 emergency care questions that we fed into the free-access versions of ChatGPT 3.5 (OpenAI), Google Bard, Bing AI Chat (Microsoft), and Claude AI (Anthropic) on November 26, 2023. Each response was graded by 5 board-certified emergency medicine (EM) faculty for 8 domains of percentage accuracy, presence of dangerous information, factual accuracy, clarity, completeness, understandability, source reliability, and source relevancy. We determined the correct, complete response to the 10 questions from reputable and scholarly emergency medical references. These were compiled by an EM resident physician. For the readability of the chatbot responses, we used the Flesch-Kincaid Grade Level of each response from readability statistics embedded in Microsoft Word. Differences between chatbots were determined by the chi-square test. Results: Each of the 4 chatbots’ responses to the 10 clinical questions were scored across 8 domains by 5 EM faculty, for 400 assessments for each chatbot. Together, the 4 chatbots had the best performance in clarity and understandability (both 85%), intermediate performance in accuracy and completeness (both 50%), and poor performance (10%) for source relevance and reliability (mostly unreported). Chatbots contained dangerous information in 5% to 35% of responses, with no statistical difference between chatbots on this metric (P=.24). ChatGPT, Google Bard, and Claud AI had similar performances across 6 out of 8 domains. Only Bing AI performed better with more identified or relevant sources (40%; the others had 0%-10%). Flesch-Kincaid Reading level was 7.7-8.9 grade for all chatbots, except ChatGPT at 10.8, which were all too advanced for average emergency patients. Responses included both dangerous (eg, starting cardiopulmonary resuscitation with no pulse check) and generally inappropriate advice (eg, loosening the collar to improve breathing without evidence of airway compromise). Conclusions: AI chatbots, though ubiquitous, have significant deficiencies in EM patient advice, despite relatively consistent performance. Information for when to seek urgent or emergent care is frequently incomplete and inaccurate, and patients may be unaware of misinformation. Sources are not generally provided. Patients who use AI to guide health care decisions assume potential risks. AI chatbots for health should be subject to further research, refinement, and regulation. We strongly recommend proper medical consultation to prevent potential adverse outcomes.",20.0,1.0,all publisherfullgold repository repositoryvor,All Open Access Gold Green,,,Google
0,,Exploring transparency: A comparative analysis of explainable artificial intelligence techniques in retinography images to support the diagnosis of glaucoma,10.1016/j.compbiomed.2024.109556,Article,,185,,"Vieira, Cleverson;Rocha, Leonardo;Guimarães, Marcelo;Dias, Diego",00104825,Artificial intelligence | Convolutional neural networks | Explainable artificial intelligence | Glaucoma | Machine learning,2-s2.0-85212313217,S001048252401641X,39700858.0,ar,Vieira C.,60014992;60028426;60028351,Universidade Federal de São Paulo;Universidade Federal do Espírito Santo;Universidade Federal de Sao Joao del-Rei,Sao Paulo;Vitoria;Sao Joao del Rei,Brazil;Brazil;Brazil,4.0,58489685300;8202419000;6507640953;36782058600,60028351;60028351;60014992;60028426,2025-02-01,February 2025,Computers in Biology and Medicine,17957.0,18790534,Journal,,109556,,"Machine learning models are widely applied across diverse fields, including nearly all segments of human activity. In healthcare, artificial intelligence techniques have revolutionized disease diagnosis, particularly in image classification. Although these models have achieved significant results, their lack of explainability has limited widespread adoption in clinical practice. In medical environments, understanding AI model decisions is essential not only for healthcare professionals’ trust but also for regulatory compliance, patient safety, and accountability in case of failures. Glaucoma, a neurodegenerative eye disease, can lead to irreversible blindness, making early detection crucial for preventing vision loss. Automated glaucoma detection has been a focus of intensive research in computer vision, with numerous studies proposing the use of convolutional neural networks (CNNs) to analyze retinal fundus images and diagnose the disease automatically. However, these models often lack the necessary explainability, which is essential for ophthalmologists to understand and justify their decisions to patients. This paper explores and applies explainable artificial intelligence (XAI) techniques to different CNN architectures for glaucoma classification, comparing which explanation technique offers the best interpretive resources for clinical diagnosis. We propose a new approach, SCIM (SHAP-CAM Interpretable Mapping), which has shown promising results. The experiments were conducted with an ophthalmology specialist who highlighted that CAM-based interpretability, applied to the VGG16 and VGG19 architectures, stands out as the most effective resource for promoting interpretability and supporting diagnosis.",2.0,0.0,,,CAPES,,Coordenação de Aperfeiçoamento de Pessoal de Nível Superior
0,,Put me in the game coach! Resident participation in high-risk surgery in the era of big data,10.1016/j.jss.2018.06.041,Article,,232,,"Cobb, Adrienne N.;Eguia, Emanuel;Janjua, Haroon;Kuo, Paul C.",00224804,Operative experience | Resident participation | Surgery residency | Surgical education,2-s2.0-85049775031,S002248041830444X,30463734.0,ar,Cobb A.N.,60003545;60011951;60017216,Loyola University Chicago;Morsani College of Medicine;Loyola University Medical Center,Chicago;Tampa;Maywood,United States;United States;United States,4.0,56669451500;57201216450;57202914708;7201622499,60017216-60003545;60017216-60003545;60017216-60003545;60003545-60011951,2018-12-01,December 2018,Journal of Surgical Research,21728.0,10958673,Journal,,,308-317,"Background: With the emphasis on quality metrics guiding reimbursement, concerns have emerged regarding resident participation in patient care. This study aimed to evaluate whether resident participation in high-risk elective general surgery procedures is safe. Materials and methods: The American College of Surgeons National Surgical Quality Improvement Program database (2005-2012) was used to identify patients undergoing one of five high-risk general surgery procedures. Resident and nonresident groups were created using a 2:1 propensity score match. Postoperative outcomes were calculated using univariate statistics and multivariable logistic regression for the two groups. Predictors of mortality and morbidity were identified using machine learning in the form of decision trees. Results: Twenty-five thousand three hundred sixty three patients met our inclusion criteria. Following matching, each group contained 500 patients and was comparable for matched characteristics. Thirty-day mortality was similar between the groups (2.4% versus 2.6%; P = 0.839). Deep surgical site infection (0% versus 1.6%; P = 0.005), urinary tract infection (5% versus 2.5%; P = 0.029), and operative time (275.6 min versus 250 min; P = 0.0064) were significantly higher with resident participation. Resident participation was not predictive of mortality or complications, while age, American society of anesthesiologists class, and functional status were leading predictors of both. Conclusions: Despite growing time constraints and pressure to perform, surgical resident participation remains safe. Residents should be given active roles in the operating room, even in the most challenging cases.",13.0,0.0,,,NIH,T32GM008750,National Institutes of Health
0,,Performance of machine learning models in predicting difficult laryngoscopy in the emergency department: a single-centre retrospective study comparing with conventional regression method,10.1186/s12873-025-01185-0,Article,,25,,"Srivilaithon, Winchana;Thanasarnpaiboon, Pichamon",,Difficult laryngoscope | Endotracheal intubation | Machine learning model,2-s2.0-85218681531,,39984841.0,ar,Srivilaithon W.,60013939,"Faculty of Medicine, Thammasat University",Pathum Thani,Thailand,2.0,56741360200;59647417600,60013939;60013939,2025-12-01,December 2025,BMC Emergency Medicine,15237.0,1471227X,Journal,1,28,,"Background: Emergency endotracheal intubation is a critical skill for managing airway emergencies in the emergency department (ED). Accurate prediction of difficult laryngoscopy is essential for improving first-attempt success, minimizing complications, optimizing resource utilization, and enhancing patient outcomes. Traditional methods, such as the LEMON criteria, have limited predictive accuracy. Machine learning (ML) offers advanced predictive capabilities by analyzing large datasets and identifying complex variable interactions. This study aimed to develop and validate the performance of ML models for predicting difficult laryngoscopy in the ED, comparing it with a conventional regression model. Methods: A retrospective cohort study was conducted on 4,370 adult patients who underwent intubation in the ED at Thammasat University Hospital. Difficult laryngoscopy was defined as a Cormack-Lehane grade III or IV. Patients were divided into development (training, 70%) and validation (testing, 30%) cohorts. Predictors of difficult laryngoscopy were identified using multivariable stepwise backward elimination logistic regression and were used to develop ML models, including Logistic Regression, Decision Tree, Random Forest, and XGBoost. Model performance was evaluated using the area under the receiver operating characteristic curve (AuROC), accuracy, precision, recall, and F1-score. Validation was performed on the validation cohort to confirm model accuracy. Results: Nine significant predictors were identified: male sex, trauma, absence of neuromuscular blocking agents, large incisors, large tongue, limited mouth opening, short thyrohyoid distance, obstructed airway, and poor neck mobility. The Random Forest model demonstrated the highest predictive performance, with an AuROC of 0.82 (95% CI: 0.78–0.85), accuracy of 0.89, recall of 0.89, and F1-score of 0.87, outperforming conventional regression (AuROC 0.76, 95% CI: 0.73–0.78) and other ML models. DeLong’s test confirmed a statistically significant difference in AuROC between the two models (p = 0.002). The Decision Tree showed limited performance due to overfitting, while XGBoost demonstrated strong precision. No significant differences were found when comparing the two models with conventional regression (p = 0.498 and 0.496, respectively). Conclusion: The Random Forest model provides the most robust prediction of difficult laryngoscopy, outperforming both conventional and other ML methods. While ML models improve predictive accuracy, logistic regression remains a practical option in resource-limited settings. Integrating ML into clinical workflows could enhance decision-making, resource allocation, and patient safety in emergency airway management. Future research should prioritize external validation and real-world implementation.",4.0,1.0,all publisherfullgold repository repositoryam,All Open Access Gold Green,TU,,Thammasat University
0,,Machine Learning Predicts Unplanned Care Escalations for Post-Anesthesia Care Unit Patients during the Perioperative Period: A Single-Center Retrospective Study,10.1007/s10916-024-02085-9,Article,,48,,"Barker, Andrew B.;Melvin, Ryan L.;Godwin, Ryan C.;Benz, David;Wagener, Brant M.",01485598,Artificial Intelligence | Patient Safety | Precision Medicine | Predictive Analytics | Risk Stratification,2-s2.0-85199319787,,39042285.0,ar,Barker A.B.,60004659;60341456,Department of Anesthesiology and Perioperative Medicine;Division of Critical Care Medicine,Birmingham;Birmingham,United States;United States,5.0,56912861000;57220875047;56589634100;57216896827;6601961474,60341456;60004659;60004659;60004659;60341456,2024-12-01,December 2024,Journal of Medical Systems,23710.0,1573689X,Journal,1,69,,"Background: Despite low mortality for elective procedures in the United States and developed countries, some patients have unexpected care escalations (UCE) following post-anesthesia care unit (PACU) discharge. Studies indicate patient risk factors for UCE, but determining which factors are most important is unclear. Machine learning (ML) can predict clinical events. We hypothesized that ML could predict patient UCE after PACU discharge in surgical patients and identify specific risk factors. Methods: We conducted a single center, retrospective analysis of all patients undergoing non-cardiac surgery (elective and emergent). We collected data from pre-operative visits, intra-operative records, PACU admissions, and the rate of UCE. We trained a ML model with this data and tested the model on an independent data set to determine its efficacy. Finally, we evaluated the individual patient and clinical factors most likely to predict UCE risk. Results: Our study revealed that ML could predict UCE risk which was approximately 5% in both the training and testing groups. We were able to identify patient risk factors such as patient vital signs, emergent procedure, ASA Status, and non-surgical anesthesia time as significant variable. We plotted Shapley values for significant variables for each patient to help determine which of these variables had the greatest effect on UCE risk. Of note, the UCE risk factors identified frequently by ML were in alignment with anesthesiologist clinical practice and the current literature. Conclusions: We used ML to analyze data from a single-center, retrospective cohort of non-cardiac surgical patients, some of whom had an UCE. ML assigned risk prediction for patients to have UCE and determined perioperative factors associated with increased risk. We advocate to use ML to augment anesthesiologist clinical decision-making, help decide proper disposition from the PACU, and ensure the safest possible care of our patients.",5.0,1.0,all publisherhybridgold repository repositoryam,All Open Access Hybrid Gold Green,NIH,,National Institutes of Health
0,,Automated temperature management during cardiopulmonary bypass: a step toward safety and precision perfusion,10.1051/ject/2025021,Article,,57,,"El Dsouki, Youssef;Condello, Ignazio",,Automated systems | Cardiopulmonary bypass | Intelligent automation | Patient safety | Perfusion systems | Temperature management,2-s2.0-105016371718,,40953241.0,ar,El Dsouki Y.,60001422;60005400,Sorbonne Université;Università degli Studi dell'Insubria,Paris;Varese,France;Italy,2.0,60026061300;57209209750,60001422;60005400,2025-09-01,1 September 2025,Journal of Extra Corporeal Technology,15900.0,29698960,Journal,3,,137-146,"Precise temperature management during cardiopulmonary bypass (CPB) is crucial for optimizing patient outcomes, and influencing metabolic rate, organ protection, and neurological integrity. Traditionally, temperature control during CPB has relied on manual adjustments by perfusionists, a practice fraught with potential for human error and variability in outcomes. Such variability can lead to severe complications, including cerebral hyperthermia and inflammatory responses, which significantly impact patient recovery and morbidity. This paper introduces a novel, fully automated temperature management system, which integrates with existing heater-cooler units (HCUs) and advanced perfusion systems to enhance precision and reliability. By utilizing real-time physiological monitoring and intelligent automation, the system dynamically adjusts temperature phases based on continuous patient feedback. Preliminary simulation data are presented to validate the system’s feasibility and responsiveness. Ethical considerations regarding automated decision-making in surgery are also briefly discussed.",1.0,1.0,all publisherfullgold repository repositoryam,All Open Access Gold Green,,,
0,,Reliability of COVID-19 symptom checkers as national triage tools: An international case comparison study,10.1136/bmjhci-2021-100448,Article,,28,,"Mansab, Fatma;Bhatti, Sohail;Goyal, Daniel",,clinical governance | computer-assisted | COVID-19 | decision making | delivery of health care,2-s2.0-85117861033,,34663637.0,ar,Mansab F.,60111693;60073025;100465214,University of Gibraltar;Gibraltar Health Authority;Lorn and Islands Hospital,Gibraltar;Gibraltar;Oban,Gibraltar;Gibraltar;United Kingdom,3.0,57221319656;57217181567;57217180412,60111693-60073025;60111693-60073025;60111693-100465214,2021-10-18,18 October 2021,BMJ Health and Care Informatics,21100909462.0,26321009,Journal,1,e100448,,"Objectives Triage is a critical component of the pandemic response. It affects morbidity, mortality and how effectively the available healthcare resources are used. In a number of nations the pandemic has sponsored the adoption of novel, online, patient-led triage systems-often referred to as COVID-19 symptom checkers. The current safety and reliability of these new automated triage systems remain unknown. Methods We tested six symptom checkers currently in use as triage tools at a national level against 52 cases simulating COVID-19 of various severities to determine if the symptom checkers appropriately triage time-critical cases onward to healthcare contact. We further analysed and compared each symptom checker to determine the discretionary aspects of triage decision-making that govern the automated advice generated. Results Of the 52 clinical presentations, the absolute rate of onward referral to any form of healthcare contact was: Singapore 100%, the USA 67%, Wales 65%, England 62%, Scotland 54% and Northern Ireland 46%. Triage decisions were broadly based on either estimates of 'risk' or 'disease severity'. Risk-based symptom checkers were more reliable, with severity-based symptom checkers often triaging time-critical cases to stay home without clinical contact or follow-up. Conclusion The COVID-19 symptom checkers analysed here were unable to reliably discriminate between mild and severe COVID-19. Risk-based symptom checkers may hold some promise of contributing to pandemic case management, while severity-based symptom checkers-the CDC and NHS 111 versions-confer too much risk to both public and healthcare services to be deemed a viable option for COVID-19 triage.",6.0,1.0,all publisherfullgold repository repositoryvor,All Open Access Gold Green,,,
1,,Machine Learning for Predicting Complications in Head and Neck Microvascular Free Tissue Transfer,10.1002/lary.28508,Article,,130,,"Formeister, Eric J.;Baum, Rachel;Knott, P. Daniel;Seth, Rahul;Ha, Patrick;Ryan, William;El-Sayed, Ivan;George, Jonathan;Larson, Andrew;Plonowska, Karolina;Heaton, Chase",0023852X,artificial intelligence | head and neck cancer | Machine learning | microvascular free flap,2-s2.0-85078726045,,31990084.0,ar,Formeister E.J.,60023691;60016639,"University of California, San Francisco;UNC Gillings School of Global Public Health",San Francisco;Chapel Hill,United States;United States,11.0,26635056200;55552135900;7007145697;57195615300;7004103189;7202583571;55613880000;15026490500;57191842608;56290214600;42261615100,60023691;60016639;60023691;60023691;60023691;60023691;60023691;60023691;60023691;60023691;60023691,2020-12-01,December 2020,Laryngoscope,13801.0,15314995,Journal,12,,E843-E849,"Objectives/Hypothesis: Machine learning (ML) is a type of artificial intelligence wherein a computer learns patterns and associations between variables to correctly predict outcomes. The objectives of this study were to 1) use a ML platform to identify factors important in predicting surgical complications in patients undergoing head and neck free tissue transfer, and 2) compare ML outputs to traditionally employed logistic regression models. Study Design: Retrospective cohort study. Methods: Using a dataset of 364 consecutive patients who underwent head and neck microvascular free tissue transfer at a single institution, 14 clinicopathologic characteristics were analyzed using a supervised ML algorithm of ensemble decision trees to predict surgical complications. The relative importance values of each variable in the ML analysis were then compared to logistic regression models. Results: There were 166 surgical complications, which included bleeding or hematoma in 30 patients (8.2%), fistulae in 25 patients (6.9%), and infection or dehiscence in 52 patients (14.4%). There were 59 take-backs (16.2%), and six total (1.6%) and five partial (1.4%) flap failures. ML models were able to correctly classify outcomes with an accuracy of 65% to 75%. Factors that were identified in ML analyses as most important for predicting complications included institutional experience, flap ischemia time, age, and smoking pack-years. In contrast, the significant factors most frequently identified in traditional logistic regression analyses were patient age (P =.03), flap type (P =.03), and primary site of reconstruction (P =.06). Conclusions: In this single-institution dataset, ML algorithms identified factors for predicting complications after free tissue transfer that were distinct from traditional regression models. Level of Evidence: 2c Laryngoscope, 2020.",48.0,0.0,,,,,
0,,Assessing the need for coronary angiography in high-risk non-ST-elevation acute coronary syndrome patients using artificial intelligence and computed tomography,10.1007/s10554-024-03283-9,Article,,41,,"Cagnina, Aurelien;Salihu, Adil;Meier, David;Luangphiphat, Wongsakorn;Faltin, Benjamin;Skalidis, Ioannis;Zimmerli, Aurelia;Rotzinger, David;Dine Qanadli, Salah;Muller, Olivier;Abbe, Emmanuel;Fournier, Stephane",15695794,Artificial intelligence | ChatGPT | large language models | machine learning,2-s2.0-85208779041,,39514142.0,ar,Cagnina A.,60028186;60000239;60023561,École Polytechnique Fédérale de Lausanne;Université de Lausanne (UNIL);Centre Hospitalier Universitaire Vaudois,Lausanne;Lausanne;Lausanne,Switzerland;Switzerland;Switzerland,12.0,58317280900;57720841100;57544925900;57196238304;59407580400;57202189991;57223254373;56194702300;57222654174;12776369000;16237841500;54947346400,60000239;60000239;60000239;60000239;60028186;60000239;60000239;60023561;60023561;60000239;60028186;60000239,2025-01-01,January 2025,International Journal of Cardiovascular Imaging,37971.0,18758312,Journal,1,,55-61,"Purpose: This study aimed to evaluate the efficacy of the Chat Generative Pre-trained Transformer (ChatGPT) in guiding the need for invasive coronary angiography (ICA) in high-risk non-ST-elevation (NSTE) acute coronary syndrome (ACS) patients based on both standard clinical data and coronary computed tomography angiography (CCTA) findings. Methods: This investigation is a sub-study of a larger prospective multicentric double blinded project where high-risk NSTE-ACS patients underwent CCTA prior to ICA to compare coronary lesion by both modalities. ChatGPT analyzed clinical vignettes containing patient data, electrocardiograms, troponin levels, and CCTA results to determine the necessity of ICA. The AI’s recommendations were then compared to actual ICA findings to assess its decision-making accuracy. Results: In total, 86 patients (age: 62 ± 13 years old, female 27%) were included. ChatGPT recommended against ICA for 19 patients, 16 of whom indeed had no significant findings. For 67 patients, ChatGPT advised proceeding with ICA, and a significant lesion was confirmed in 58 of them. Consequently, ChatGPT’s overall accuracy stood at 86%, with a sensitivity of 95% (95% confidence interval (CI) 0.76–0.92) and a specificity of 64% (95% CI 0.62–0.94). The model’s negative predictive value was 84% (95% CI 0.44–0.79), and its positive predictive value was 87% 95% CI 0.86–0.97). Conclusion: Preliminary evidence suggests that ChatGPT can effectively assist in making ICA decisions for high-risk NSTE-ACS patients, potentially reducing unnecessary procedures. However, the study underscores the importance of data accuracy and calls for larger, more diverse investigations to refine artificial intelligence’s role in clinical decision-making.",2.0,1.0,all publisherhybridgold repository repositoryvor repositoryam,All Open Access Hybrid Gold Green,UNIL,,Université de Lausanne
3,,Artificial Neural Network Learns Clinical Assessment of Spasticity in Modified Ashworth Scale,10.1016/j.apmr.2019.03.016,Article,,100,,"Park, Jeong Ho;Kim, Yushin;Lee, Kwang Jae;Yoon, Yong Soon;Kang, Si Hyun;Kim, Heesang;Park, Hyung Soon",00039993,Artificial intelligence | Muscle spasticity | Outcomes assessment | Rehabilitation,2-s2.0-85065904959,S0003999319302461,31009599.0,ar,Park J.H.,60032144;60008072;60007522;116013290,Korea Advanced Institute of Science and Technology;College of Medicine;Cheongju University;Presbyterian Medical Center,Daejeon;Seoul;Cheongju;Jeonju,South Korea;South Korea;South Korea;South Korea,7.0,57202928274;55636319968;55737513000;55245793300;55985527400;57202754919;55703108500,60032144;60007522;116013290;116013290;60008072;60008072;60032144,2019-10-01,October 2019,Archives of Physical Medicine and Rehabilitation,16270.0,1532821X,Journal,10,,1907-1915,"Objective: To propose an artificial intelligence (AI)-based decision-making rule in modified Ashworth scale (MAS) that draws maximum agreement from multiple human raters and to analyze how various biomechanical parameters affect scores in MAS. Design: Prospective observational study. Setting: Two university hospitals. Participants: Hemiplegic adults with elbow flexor spasticity due to acquired brain injury (N=34). Intervention: Not applicable. Main Outcome Measures: Twenty-eight rehabilitation doctors and occupational therapists examined MAS of elbow flexors in 34 subjects with hemiplegia due to acquired brain injury while the MAS score and biomechanical data (ie, joint motion and resistance) were collected. Nine biomechanical parameters that quantify spastic response described by the joint motion and resistance were calculated. An AI algorithm (or artificial neural network) was trained to predict the MAS score from the parameters. Afterwards, the contribution of each parameter for determining MAS scores was analyzed. Results: The trained AI agreed with the human raters for the majority (82.2%, Cohen's kappa=0.743) of data. The MAS scores chosen by the AI and human raters showed a strong correlation (correlation coefficient=0.825). Each biomechanical parameter contributed differently to the different MAS scores. Overall, angle of catch, maximum stretching speed, and maximum resistance were the most relevant parameters that affected the AI decision. Conclusions: AI can successfully learn clinical assessment of spasticity with good agreement with multiple human raters. In addition, we could analyze which factors of spastic response are considered important by the human raters in assessing spasticity by observing how AI learns the expert decision. It should be noted that few data were collected for MAS3; the results and analysis related to MAS3 therefore have limited supporting evidence.",29.0,1.0,,,MSIP,2017002,"Ministry of Science, ICT and Future Planning"
4,,"Clinical validation of an artificial intelligence-based decision support system for diagnosis and risk stratification of heart failure (STRATIFYHF): a protocol for a prospective, multicentre longitudinal study",10.1136/bmjopen-2024-091793,Article,,15,,"Charman, Sarah Jane;Okwose, Nduka C.;Groenewegen, Amy;Del Franco, Annamaria;Tafelmeier, Maria;Preveden, Andrej;Garcia Sebastian, Cristina;Fuller, Amy S.;Sinclair, David;Edwards, Duncan;Nelissen, Anne Pauline;Malitas, Petros;Zisaki, Aikaterini;Darba, Josep;Bosnic, Zoran;Vracar, Petar;Barlocco, Fausto;Fotiadis, Dimitris;Banerjee, Prithwish;Macgowan, Guy A.;Fernandez, Oscar;Zamorano, José;Jiménez-Blanco Bravo, Marta;Maier, Lars S.;Olivotto, Iacopo;Rutten, Frans H.;Mant, Jonathan;Velicki, Lazar;Seferović, Petar M.;Filipovic, Nenad;Jakovljevic, Djordje G.;Fatima, Bano;Kate, Williams;Alessandra, Fornaro;Aleksandra, Milovancev;Meritxell, Ascanio;Ainoa, Aguera;Matej, Pičulin;Borut, Flis;Dimitrios, Boucharas;Dimitris, Manousos;Manolis, Tsiknakis;Thomas, Kassiotis;Tijana, Sustersic;Bogdan, Milicevic;Richard, Hobbs Fd;Onno, Kaagman",,Artificial Intelligence | Clinical Decision-Making | Heart failure | Risk management,2-s2.0-85214697741,,39773784.0,ar,Charman S.J.,60026851;60001576;60006222;60068815;60032724;60031106;60021609;60017326;60021921;60020016;60019181;60068809;60008804;60001239;60068805;60006343;60104562;60120011;60159688;108128425;126777881;126340339;122268187;132131260;127127150,"University of Oxford;Universitat de Barcelona;Newcastle University;University of Belgrade;University Medical Center Utrecht;Univerza v Ljubljani;Hospital Universitario Ramón y Cajal;Coventry University;Azienda Ospedaliera Careggi;Klinikum der Universität Regensburg und Medizinische Fakultät;Foundation for Research and Technology-Hellas;University of Kragujevac;Università degli Studi di Firenze, Facoltà di Medicina e Chirurgia;The Newcastle Upon Tyne Hospitals NHS Foundation Trust;Faculty of Medicine, University of Novi Sad;University Hospitals Coventry and Warwickshire NHS Trust;Centro de Investigación Biomédica en Red;Department of Public Health and Primary Care;University Hospital Coventry;Bioengineering Research and Development Center;Institute of Cardiovascular Diseases of Vojvodina;BioIRC;Institute of Cardiovascular Diseases Voivodina;European Primary Care Cardiovascular Society;PKNM SOLUTIONS SARL",Oxford;Barcelona;Newcastle;Belgrade;Utrecht;Ljubljana;Madrid;Coventry;Florence;Regensburg;Heraklion;Kragujevac;Florence;Newcastle;Novi Sad;Coventry;Madrid;Cambridge;Coventry;Kragujevac;Sremska Kamenica;Kragujevac;Sremska Kamenica;;Colombier,United Kingdom;Spain;United Kingdom;Serbia;Netherlands;Slovenia;Spain;United Kingdom;Italy;Germany;Greece;Serbia;Italy;United Kingdom;Serbia;United Kingdom;Spain;United Kingdom;United Kingdom;Serbia;Serbia;Serbia;Serbia;Netherlands;Switzerland,47.0,57190248908;57194427179;57191462997;54879399100;55763927700;57210067874;57216978229;57222711728;57210822938;56042649400;57219118030;6507503811;12807605900;6603161118;23566763400;36976546800;57193757760;55938920100;9434852100;7003514409;57215559746;7101735283;57211928309;7006758541;7005289080;7005091114;57213087308;22942501300;55873742100;35749660900;23034947300;59509970400;59509011300;59509970500;59509286100;59509970600;59509286200;59509970700;59509011400;59509286300;59509149900;59509553800;59509422500;59509011500;59509692300;58944431300;59509553900,60006222-60001239;60017326-60006343;60032724;60021921;60020016;60068805-126777881;60021609;60017326-60006343;60006222;60120011;60032724;127127150;127127150;60001576;60031106;60031106;60021921;60019181;60159688;60001239-60006222;60001239;60021609-60104562;60021609-60104562;60020016;60008804;60032724;60120011;60068805-126777881;60068815;108128425-60068809;60006222-60001239-60017326-60006343;60017326;60120011;60021921;60068809;60017326;60120011;60021921;60068805;122268187;60001576;60031106;;126340339;60068809;132131260;60026851,2025-01-07,7 January 2025,BMJ Open,19800188003.0,20446055,Journal,1,e091793,,"Introduction Heart failure (HF) is a complex clinical syndrome. Accurate risk stratification and early diagnosis of HF are challenging as its signs and symptoms are non-specific. We propose to address this global challenge by developing the STRATIFYHF artificial intelligence-driven decision support system (DSS), which uses novel analytical methods in determining the risk, diagnosis and prognosis of HF. The primary aim of the present study is to collect prospective clinical data to validate the STRATIFYHF DSS (in terms of diagnostic accuracy, sensitivity and specificity) as a tool to predict the risk, diagnosis and progression of HF. The secondary outcomes are the demographic and clinical predictors of risk, diagnosis and progression of HF. Methods and analysis STRATIFYHF is a prospective, multicentre, longitudinal study that will recruit up to 1600 individuals (n=800 suspected/at risk of HF and n=800 diagnosed with HF) aged ≥45 years old, with up to 24 months of follow-up observations. Individuals suspected of HF will be divided into two categories based on current definitions and predefined inclusion criteria. All participants will have their medical history recorded, along with data on physical examination (signs and symptoms), blood tests including serum natriuretic peptides levels, ECG and echocardiogram results, as well as demographic, socioeconomic and lifestyle data, and use of complete novel technologies (cardiac output response to stress test and voice recognition biomarkers). All measurements will be recorded at baseline and at 12-month follow-up, with medical history and hospitalisation also recorded at 24-month follow-up. Cardiovascular MRI assessment will be completed in a subset of participants (n=20-40) from eligible clinical centres only at baseline. Each clinical centre will recruit a subset of participants (n=30) who will complete a 6-month home-based monitoring of clinical characteristics and accelerometry (wrist-worn monitor) to determine the feasibility and acceptability of the STRATIFYHF mobile application. Focus groups and semistructured interviews will be conducted with up to 15 healthcare professionals and up to 20 study participants (10 at risk of HF and 10 diagnosed with HF) to explore the needs of patients and healthcare professionals prior to the development of the STRATIFYHF DSS and to evaluate the acceptability of this mobile application. Ethics and dissemination Ethical approval has been granted by the East Midlands - Leicester Central Research Ethics Committee (24/EM/0101). Dissemination activities will include journal publications and presentations at conferences, as well as development of training materials and delivery of focused training on the STRATIFYHF DSS and mobile application. We will develop and propose policy guidelines for integration of the STRATIFYHF DSS and mobile application into the standard of care in the HF care pathway.",0.0,1.0,all publisherfullgold repository repositoryam,All Open Access Gold Green,SBFI,101080905,"Staatssekretariat für Bildung, Forschung und Innovation"
3,,Use of artificial intelligence in submucosal vessel detection during third-space endoscopy,10.1055/a-2534-1164,Article,,,,"Scheppach, Markus W.;Mendel, Robert;Muzalyova, Anna;Rauber, David;Probst, Andreas;Nagl, Sandra;Römmele, Christoph;Yip, Hon Chi;Lau, Louis H.S.;Gölder, Stefan K.;Schmidt, Arthur;Kouladouros, Konstantinos;Abdelhafez, Mohamed;Walter, Benjamin M.;Meinikheim, Michael;Chiu, Philip W.Y.;Palm, Christoph;Messmann, Helmut;Ebigbo, Alanna",0013726X,,2-s2.0-105003221115,,39909396.0,ar,Scheppach M.W.,60103459;60010819;60001972;60086464;60078337;60007494;122918694;60014960,"Klinikum Rechts der Isar;Universitätsklinikum Ulm;Universitätsklinikum Mannheim;Chinese University of Hong Kong, Faculty of Medicine;Robert Bosch Krankenhaus Stuttgart;Ostbayerische Technische Hochschule Regensburg;University Hospital Augsburg;Ostalb-Klinikum Aalen",Munich;Ulm;Mannheim;Hong Kong;Stuttgart;Regensburg;Augsburg;Aalen,Germany;Germany;Germany;Hong Kong;Germany;Germany;Germany;Germany,19.0,57211108816;57194379047;57205469179;57201068491;16550751500;57224164408;36465646700;36776083000;57202792204;8380884700;16310914800;27368032700;56406664800;55212435800;57401976200;7103182534;23474896800;7006379074;55978253700,122918694;60007494;122918694;60007494;122918694;122918694;122918694;60086464;60086464;60014960;60078337;60001972;60103459;60010819;122918694;60086464;60007494;122918694;122918694,2025-01-01,2025,Endoscopy,28308.0,14388812,Journal,,,,"Background While artificial intelligence (AI) shows high potential in decision support for diagnostic gastrointestinal endoscopy, its role in therapeutic endoscopy remains un- clear. Third-space endoscopic procedures pose the risk of intraprocedural bleeding. Therefore, we aimed to develop an AI algorithm for intraprocedural blood vessel detection. Methods Using a test dataset of 101 standardized video clips containing 200 predefined submucosal blood vessels, 19 endoscopists were evaluated for vessel detection rate (VDR) and time (VDT) with and without support of an AI al- gorithm. Endoscopists were grouped according to experi- ence in endoscopic submucosal dissection. Results With AI support, endoscopist VDR increased from 56.4% (95%CI CI 54.1–58.6) to 72.4% (95%CI CI 70.3– 74.4). Endoscopist VDT dropped from 6.7 seconds (95%CI 6.2–7.1) to 5.2 seconds (95%CI 4.8–5.7). False-positive readings appeared in 4.5% of frames and were marked for a significantly shorter time than true positives (0.7 seconds [95%CI 0.55–0.87] vs. 6.0 seconds [95%CI 5.28–6.70]). Conclusions AI improved the VDR and VDT of endoscopists during third-space endoscopy. While these data need to be corroborated by clinical trials, AI may prove to be an invalu- able tool for improving safety and speed of endoscopic in- terventions.",7.0,0.0,,,BSC,,Boston Scientific Corporation
5,,The Contribution of Real-Time Artificial Intelligence Segmentation in Maxillofacial Trauma Emergencies,10.3390/diagnostics15080984,Article,,15,,"Shhadeh, Amjad;Daoud, Shadi;Redenski, Idan;Oren, Daniel;Zoabi, Adeeb;Kablan, Fares;Srouji, Samer",,AI in clinical decision support | AI-based diagnostic imaging | AI-supported treatment planning | artificial intelligence | auto-segmentation | emergency medicine | maxillofacial trauma | real-time imaging,2-s2.0-105003565909,,,ar,Shhadeh A.,60002765;60003703,Bar-Ilan University;Western Galilee Hospital,Ramat Gan;Nahariya,Israel;Israel,7.0,59950448100;57612820200;57220246895;57191646441;57191663889;6507608518;6508322798,60003703-60002765;60003703-60002765;60003703-60002765;60003703-60002765;60003703-60002765;60003703-60002765;60003703-60002765,2025-04-01,April 2025,Diagnostics,21100852989.0,20754418,Journal,8,984,,"Background/Objectives: Maxillofacial trauma poses significant challenges in emergency medicine, requiring rapid interventions to minimize morbidity and mortality. Traditional segmentation methods are time-consuming and error-prone, particularly in high-pressure settings. Real-time artificial intelligence (AI) segmentation offers a transformative solution to streamline workflows and enhance clinical decision-making. This study evaluated the potential of real-time AI segmentation to improve diagnostic efficiency and support decision-making in maxillofacial trauma emergencies. Methods: This study evaluated 53 trauma patients with moderate to severe maxillofacial injuries treated over 16 months at Galilee Medical Center. AI-assisted segmentation using Materialise Mimics Viewer and Romexis Smart Tool was compared to semi-automated methods in terms of time and accuracy. The clinical impact of AI on diagnosis and treatment planning was also assessed. Results: AI segmentation was significantly faster than semi-automated methods (9.87 vs. 63.38 min) with comparable accuracy (DSC: 0.92–0.93 for AI; 0.95 for semi-automated). AI tools provided rapid 3D visualization of key structures, enabling faster decisions for airway management, fracture assessment, and foreign body localization. Specific trauma cases illustrate the potential of real-time AI segmentation to enhance the efficiency of diagnosis, treatment planning, and overall management of maxillofacial emergencies. The highest clinical benefit was observed in complex cases, such as orbital injuries or combined mandible and midface fractures. Conclusions: Real-time AI segmentation has the potential to enhance efficiency and clinical utility in managing maxillofacial trauma by providing precise, actionable data in time-sensitive scenarios. However, the expertise of oral and maxillofacial surgeons remains critical, with AI serving as a complementary tool to aid, rather than replace, clinical decision-making.",1.0,1.0,all publisherfullgold repository repositoryam,All Open Access Gold Green,,,
6,,Artificial intelligence-based novel wearables for noninvasive point-of-care assessment of high sensitivity cardiac troponins in patients with acute coronary syndrome,10.14744/IJMB.2024.55707,Article,,8,,"Surapaneni, Krishna Mohan",25872362,Artificial intelligence | machine learning | non-invasive diagnostics | point-of-care testing | wearable technology,2-s2.0-86000496871,,,ar,Surapaneni K.M.,60288643,Panimalar Medical College Hospital & Research Institute,Chennai,India,1.0,15069776300,60288643,2025-01-01,2025,International Journal of Medical Biochemistry,21101121914.0,2618642X,Journal,2,,151-154,"The timely and accurate diagnosis of acute coronary syndrome (ACS) is essential for improving patient outcomes, as delayed treatment can result in irreversible myocardial damage and increased mortality. Many studies investigated the feasibility and efficacy of artificial intelligence (AI)-based wearable technologies for the non-invasive, point-of-care assessment of high-sensitivity cardiac troponins (hs-cTn), a critical biomarker for myocardial injury. These wearables combine advanced biosensors with machine learning algorithms to deliver real-time, accurate hs-cTn measurements, enabling faster and more effective clinical decision-making. Clinical trials reveal that AI-powered wearables achieve diagnostic accuracy comparable to traditional laboratory assays while significantly reducing diagnostic time and resource burden. Additionally, their portability and cost-effectiveness make them suitable for diverse healthcare settings, including remote and resource-limited environments. This opinion paper seeks to elaborate on the insights gained from this study, emphasizing the transformative potential of AI-driven wearables in enhancing ACS diagnosis, streamlining patient care, and reducing strain on healthcare systems.",0.0,1.0,all publisherfullgold,All Open Access Gold,,,
4,,Classification tree obtained by artificial intelligence for the prediction of heart failure after acute coronary syndromes,10.1016/j.medcli.2024.01.040,Article,,163,,"Cordero, Alberto;Bertomeu-Gonzalez, Vicente;Segura, José V.;Morales, Javier;Álvarez-Álvarez, Belén;Escribano, David;Rodríguez-Manero, Moisés;Cid-Alvarez, Belén;García-Acuña, José M.;González-Juanatey, José Ramón;Martínez-Mayoral, Asunción",00257753,Acute coronary syndrome | Artificial intelligence | Decision tree model | Heart failure | Machine learning,2-s2.0-85194769186,S0025775324001866,38821830.0,ar,Cordero A.,60028419;60029767;60271914;60031313;130324860;130032233,Universidade de Santiago de Compostela;Universidad Miguel Hernández de Elche;Centro de Investigación en Red en Enfermedades Cardiovasculares;Hospital Universitario San Juan;Hospital IMED Elche;Hospital Clínica Benidorm,Santiago de Compostela;Elche;Madrid;Alicante;Elche;Benidorm,Spain;Spain;Spain;Spain;Spain;Spain,11.0,10043917400;55967422500;11440308400;59150490500;55490428900;57190659586;26428505100;24068549200;57220556812;7005529659;57212192565,130324860-60029767-60271914;60029767-60271914-130032233;60029767;60029767;60271914-60028419;60031313;60271914-60028419;60271914-60028419;60271914-60028419;60271914-60028419;60029767,2024-08-30,30 August 2024,Medicina Clinica,18369.0,15788989,Journal,4,,167-174,"Background: Coronary heart disease is the leading cause of heart failure (HF), and tools are needed to identify patients with a higher probability of developing HF after an acute coronary syndrome (ACS). Artificial intelligence (AI) has proven to be useful in identifying variables related to the development of cardiovascular complications. Methods: We included all consecutive patients discharged after ACS in two Spanish centers between 2006 and 2017. Clinical data were collected and patients were followed up for a median of 53 months. Decision tree models were created by the model-based recursive partitioning algorithm. Results: The cohort consisted of 7,097 patients with a median follow-up of 53 months (interquartile range: 18-77). The readmission rate for HF was 13.6% (964 patients). Eight relevant variables were identified to predict HF hospitalization time: HF at index hospitalization, diabetes, atrial fibrillation, glomerular filtration rate, age, Charlson index, hemoglobin, and left ventricular ejection fraction. The decision tree model provided 15 clinical risk patterns with significantly different HF readmission rates. Conclusions: The decision tree model, obtained by AI, identified 8 leading variables capable of predicting HF and generated 15 differentiated clinical patterns with respect to the probability of being hospitalized for HF. An electronic application was created and made available for free.",2.0,0.0,,,,,
5,,Enhancing Patient Selection in Sepsis Clinical Trials Design Through an AI Enrichment Strategy: Algorithm Development and Validation,10.2196/54621,Article,,26,,"Yang, Meicheng;Zhuang, Jinqiang;Hu, Wenhan;Li, Jianqing;Wang, Yu;Zhang, Zhongheng;Liu, Chengyu;Chen, Hui",,artificial intelligence | conformal prediction | disease progression trajectories | enrichment strategy | predictive modeling | sepsis,2-s2.0-85203269349,,39231425.0,ar,Yang M.,60005244;60018310;60029310;60007381;60000065,"Southeast University;Nanjing Medical University;Zhejiang University School of Medicine;Yangzhou University;School of Medicine, Southeast University",Nanjing;Nanjing;Hangzhou;Yangzhou;Nanjing,China;China;China;China;China,8.0,57215599996;57205998318;57563389500;55971506700;58855567800;36761802400;55680778400;57211679824,60005244;60007381;60000065;60005244-60018310;60007381;60029310;60005244;60000065,2024-01-01,2024,Journal of Medical Internet Research,23709.0,14388871,Journal,,e54621,,"Background: Sepsis is a heterogeneous syndrome, and enrollment of more homogeneous patients is essential to improve the efficiency of clinical trials. Artificial intelligence (AI) has facilitated the identification of homogeneous subgroups, but how to estimate the uncertainty of the model outputs when applying AI to clinical decision-making remains unknown. Objective: We aimed to design an AI-based model for purposeful patient enrollment, ensuring that a patient with sepsis recruited into a trial would still be persistently ill by the time the proposed therapy could impact patient outcome. We also expected that the model could provide interpretable factors and estimate the uncertainty of the model outputs at a customized confidence level. Methods: In this retrospective study, 9135 patients with sepsis requiring vasopressor treatment within 24 hours after sepsis onset were enrolled from Beth Israel Deaconess Medical Center. This cohort was used for model development, and 10-fold cross-validation with 50 repeats was used for internal validation. In total, 3743 patients with sepsis from the eICU Collaborative Research Database were used as the external validation cohort. All included patients with sepsis were stratified based on disease progression trajectories: rapid death, recovery, and persistent ill. A total of 148 variables were selected for predicting the 3 trajectories. Four machine learning algorithms with 3 different setups were used. We estimated the uncertainty of the model outputs using conformal prediction (CP). The Shapley Additive Explanations method was used to explain the model. Results: The multiclass gradient boosting machine was identified as the best-performing model with good discrimination and calibration performance in both validation cohorts. The mean area under the receiver operating characteristic curve with SD was 0.906 (0.018) for rapid death, 0.843 (0.008) for recovery, and 0.807 (0.010) for persistent ill in the internal validation cohort. In the external validation cohort, the mean area under the receiver operating characteristic curve (SD) was 0.878 (0.003) for rapid death, 0.764 (0.008) for recovery, and 0.696 (0.007) for persistent ill. The maximum norepinephrine equivalence, total urine output, Acute Physiology Score III, mean systolic blood pressure, and the coefficient of variation of oxygen saturation contributed the most. Compared to the model without CP, using the model with CP at a mixed confidence approach reduced overall prediction errors by 27.6% (n=62) and 30.7% (n=412) in the internal and external validation cohorts, respectively, as well as enabled the identification of more potentially persistent ill patients. Conclusions: The implementation of our model has the potential to reduce heterogeneity and enroll more homogeneous patients in sepsis clinical trials. The use of CP for estimating the uncertainty of the model outputs allows for a more comprehensive understanding of the model’s reliability and assists in making informed decisions based on the predicted outcomes.",2.0,1.0,all publisherfullgold repository repositoryam,All Open Access Gold Green,YZU,YBK 202208,Yangzhou University
0,,Machine learning to predict the risk of incident heart failure hospitalization among patients with diabetes: The WATCH-DM risk score,10.2337/dc19-0587,Article,,42,,"Segar, Matthew W.;Vaduganathan, Muthiah;Patel, Kershaw V.;McGuire, Darren K.;Butler, Javed;Fonarow, Gregg C.;Basit, Mujeeb;Kannan, Vaishnavi;Grodin, Justin L.;Everett, Brendan;Willett, Duwayne;Berry, Jarett;Pandey, Ambarish",01495992,,2-s2.0-85075814170,,31519694.0,ar,Segar M.W.,60016782;60026695;60014739;60013794;60032023,Brigham and Women's Hospital;UT Southwestern Medical Center;UT Southwestern Medical School;University of Mississippi School of Medicine;Ronald Reagan UCLA Medical Center,Boston;Dallas;Dallas;Jackson;Los Angeles,United States;United States;United States;United States;United States,13.0,56357925000;16417973600;56844364300;7102964392;57203521637;7004451284;56700055000;57189294779;54381593000;14038681100;7006668693;35793755900;55253491200,60014739;60016782;60014739;60014739;60013794;60032023;60014739;60026695;60014739;60016782;60014739;60014739;60014739,2019-12-01,1 December 2019,Diabetes Care,25491.0,19355548,Journal,12,,2298-2306,"OBJECTIVE To develop and validate a novel, machine learning–derived model to predict the risk of heart failure (HF) among patients with type 2 diabetes mellitus (T2DM). RESEARCH DESIGN AND METHODS Using data from 8,756 patients free at baseline of HF, with <10% missing data, and enrolled in the Action to Control Cardiovascular Risk in Diabetes (ACCORD) trial, we used random survival forest (RSF) methods, a nonparametric decision tree machine learning approach, to identify predictors of incident HF. The RSF model was externally validated in a cohort of individuals with T2DM using the Antihypertensive and Lipid-Lowering Treatment to Prevent Heart Attack Trial (ALLHAT). RESULTS Over a median follow-up of 4.9 years, 319 patients (3.6%) developed incident HF. The RSF models demonstrated better discrimination than the best performing Cox-based method (C-index 0.77 [95% CI 0.75–0.80] vs. 0.73 [0.70–0.76] respectively) and had acceptable calibration (Hosmer-Lemeshow statistic x<sup>2</sup> 5 9.63, P 5 0.29) in the internal validation data set. From the identified predictors, an integer-based risk score for 5-year HF incidence was created: the WATCH-DM (Weight [BMI], Age, hyperTension, Creatinine, HDL-C, Diabetes control [fasting plasma glucose], QRS Duration, MI, and CABG) risk score. Each 1-unit increment in the risk score was associated with a 24% higher relative risk of HF within 5 years. The cumulative 5-year incidence of HF increased in a graded fashion from 1.1% in quintile 1 (WATCH-DM score £7) to 17.4% in quintile 5 (WATCH-DM score ‡14). In the external validation cohort, the RSF-based risk prediction model and the WATCH-DM risk score performed well with good discrimination (C-index 5 0.74 and 0.70, respectively), acceptable calibration (P ‡0.20 for both), and broad risk stratification (5-year HF risk range from 2.5 to 18.7% across quintiles 1–5). CONCLUSIONS We developed and validated a novel, machine learning–derived risk score that integrates readily available clinical, laboratory, and electrocardiographic variables to predict the risk of HF among outpatients with T2DM.",212.0,2.0,all repository repositoryvor,All Open Access Green,NIH,UL 1TR002541,National Institutes of Health
0,,Machine-learning model for predicting left atrial thrombus in patients with paroxysmal atrial fibrillation,10.1186/s12872-025-04847-w,Article,,25,,"Xiong, Wanli;Cao, Qiqi;Jia, Lu;Chen, Min;Liu, Tao;Zhao, Qingyan;Tang, Yanhong;Yang, Bo;Li, Li;Shi, Shaobo;Huang, He;Huang, Congxin",,Left atrial thrombus | Machine-learning model | Paroxysmal atrial fibrillation | Transesophageal echocardiography,2-s2.0-105008264432,,40457228.0,ar,Xiong W.,60029306;60080982;102069191;125159999,"Wuhan University;Renmin Hospital of Wuhan University;Wuhan Leitai Technologies Co., Ltd.;Key Laboratory of Cardiovascular Disease",Wuhan;Wuhan;Wuhan;Wuhan,China;China;China;China,12.0,57388121400;58777331100;59948682600;59948692300;56190752100;7402763751;37038603100;56925738200;59948750300;55850881000;55738228700;57206479471,60080982-60029306-125159999;60080982-60029306-125159999;60080982-60029306-125159999;102069191;60080982-60029306-125159999;60080982-60029306-125159999;60080982-60029306-125159999;60080982-60029306-125159999;60029306;60080982-60029306-125159999;60080982-60029306-125159999;60080982-60029306-125159999,2025-12-01,December 2025,BMC Cardiovascular Disorders,22487.0,14712261,Journal,1,429,,"Objective: Left atrial thrombus (LAT) poses a significant risk for stroke and other thromboembolic complication in patients with atrial fibrillation (AF). This study aimed to evaluate the incidence and predictors of LAT in patients with paroxysmal AF, utilizing machine learning techniques based on data from the Chinese Atrial Fibrillation study. Methods: A large-scale multi-center retrospective study was conducted involving patients diagnosed with non-valvular paroxysmal AF. LAT incidence was assessed, and potential risk factors were analyzed. Machine learning algorithms, including decision tree, random forest, AdaBoost, k-Nearest Neighbor, and logistic regression, were employed to develop a predictive model for LAT. Results: Of the 49,515 patients with paroxysmal AF, 1,058 patients (2.1%, 95% CI 2.0%-2.3%) were identified with LAT. Sixty-one variables were initially included to train machine learning models, with the random forest algorithm demonstrating the best predictive performance (AUC 0.833, 95%CI 0.730–0.924). The final model, refined to include nine essential features, achieved an AUC of 0.787 (95%CI 0.670–0.883). Calibration analysis indicated no significant difference between predicted and observed values (p = 0.181). The median predicted probabilities of LAT across quintiles were 2.3%, 7.0%, 11.8%, 16.6%, and 21.5%. Conclusion: This simplified prediction model effectively identifies the risk of LAT in patients with paroxysmal AF, providing a valuable tool for clinical decision-making. Further studies are needed to explore AF management and risk stratification in other AF subtypes.",0.0,1.0,all publisherfullgold repository repositoryam,All Open Access Gold Green,RHWU,JCRCZN-2022–003,Renmin Hospital of Wuhan University
2,,Development and Validation of a Novel Nomogram Risk Prediction Model for In-Hospital Death Following Extended Aortic Arch Repair for Acute Type A Aortic Dissection,10.31083/RCM26943,Article,,26,,"Chen, Qiyi;Wang, Yulin;Zhang, Yixiao;Liu, Fangyu;Shao, Kejie;Lai, Hao;Wang, Chunsheng;Ji, Qiang",15306550,acute type A aortic dissection | extended aortic arch repair | machine learning | nomogram | prediction model,2-s2.0-105003939566,,,ar,Chen Q.,60073655;100355080,Zhongshan Hospital;Shanghai Institute of Cardiovascular Diseases,Shanghai;Shanghai,China;China,8.0,59224402400;56206626100;58019682300;57262537400;59224402500;9746683900;57207369337;35483954300,60073655;60073655;60073655;60073655;60073655;60073655;100355080;60073655,2025-04-01,April 2025,Reviews in Cardiovascular Medicine,20560.0,21538174,Journal,4,26943,,"Background: Extended aortic arch repair (EAR) is increasingly adopted for treating acute type A aortic dissection (ATAAD). However, existing prediction models may not be suitable for assessing the in-hospital death risk in ATAAD patients undergoing EAR. This study aims to develop a comprehensive risk prediction model for in-hospital death following EAR based on patient’s preoperative status and surgical data, which may contribute to identification of high-risk individuals and improve outcomes following EAR. Methods: We reviewed clinical records of consecutive adult ATAAD patients undergoing EAR at our institute between January 2015 and December 2022. Utilizing data from 925 ATAAD patients undergoing EAR, we employed multivariable logistic regression and machine learning techniques, respectively, to develop nomograms for in-hospital mortality. Employed machine learning techniques included simple decision tree, random forest (RF), eXtreme Gradient Boosting (XGBoost), and support vector machine (SVM). Results: The nomogram based on SVM outperformed others, achieving a mean area under the receiver operating characteristic (ROC) curve (AUC) of 0.842 on training dataset and a mean AUC of 0.782 on testing dataset, accompanied by a Brier score of 0.058. Key risk factors included cerebral malperfusion, mesenteric malperfusion, preoperative critical station, Marfan syndrome, platelet count, D-dimer, coronary artery bypass grafting, and cardiopulmonary bypass time. A web-based application was developed for clinical use. Conclusions: We develop a novel nomogram risk prediction model based on SVM algorithm for in-hospital death following extended aortic arch repair for ATAAD with good discrimination and accuracy. Clinical Trial Registration: Registration number ChiCTR2200066414, https://www.chictr.org.cn/showproj.html?proj=187074.",1.0,1.0,all publisherfullgold repository repositoryam,All Open Access Gold Green,,,
3,,Machine learning and decision making in aortic arch repair,10.1016/j.jtcvs.2023.11.032,Article,,169,,"Nedadur, Rashmi;Bhatt, Nitish;Chung, Jennifer;Chu, Michael W.A.;Ouzounian, Maral;Wang, Bo",00225223,aortic arch surgery | hypothermic circulatory arrest | machine learning | neuroprotection strategy | Shapley additive explanations | XGBoost,2-s2.0-85181067803,S002252232301108X,38016622.0,ar,Nedadur R.,60030222;60112419,London Health Sciences Centre;Peter Munk Cardiac Centre,London;Toronto,Canada;Canada,6.0,56840858300;57231506900;56402259700;57202938242;15048602600;58788670000,60112419;60112419;60112419;60030222;60112419;60112419,2025-01-01,January 2025,Journal of Thoracic and Cardiovascular Surgery,21731.0,1097685X,Journal,1,,59-67.e4,"Background: Decision making during aortic arch surgery regarding cannulation strategy and nadir temperature are important in reducing risk, and there is a need to determine the best individualized strategy in a data-driven fashion. Using machine learning (ML), we modeled the risk of death or stroke in elective aortic arch surgery based on patient characteristics and intraoperative decisions. Methods: The study cohort comprised 1323 patients from 9 institutions who underwent an elective aortic arch procedure between 2002 and 2021. A total of 69 variables were used in developing a logistic regression and XGBoost ML model trained for binary classification of mortality and stroke. Shapely additive explanations (SHAP) values were studied to determine the importance of intraoperative decisions. Results: During the study period, 3.9% of patients died and 5.4% experienced stroke. XGBoost (area under the curve [AUC], 0.77 for death, 0.87 for stroke) demonstrated better discrimination than logistic regression (AUC, 0.65 for death, 0.75 for stroke). From SHAP analysis, intraoperative decisions are 3 of the top 20 predictors of death and 6 of the top 20 predictors of stroke. Predictor weights are patient-specific and reflect the patient's preoperative characteristics and other intraoperative decisions. Patient-level simulation also demonstrates the variable contribution of each decision in the context of the other choices that are made. Conclusions: Using ML, we can more accurately identify patients at risk of death and stroke, as well as the strategy that better reduces the risk of adverse events compared to traditional prediction models. Operative decisions made may be tailored based on a patient's specific characteristics, allowing for maximized, personalized benefit.",4.0,0.0,,,,,
4,,The Machine Learning Model for Predicting Inadequate Bowel Preparation Before Colonoscopy: A Multicenter Prospective Study,10.14309/ctg.0000000000000694,Article,,15,,"Gu, Feng;Xu, Jianing;Du, Lina;Liang, Hejun;Zhu, Jingyi;Lin, Lanhui;Ma, Lei;He, Boyuan;Wei, Xinxin;Zhai, Huihong",2155384X,bowel preparation | colonoscopy | decision trees | machine learning | predicting model,2-s2.0-85187131451,,38441136.0,ar,Gu F.,60080985;60073435;60073731;60073458,"Xuanwu Hospital, Capital Medical University;Beijing Friendship Hospital, Capital Medical University;Henan University of Chinese Medicine;China Aerospace Science and Industry Corporation",Beijing;Beijing;Zhengzhou;Beijing,China;China;China;China,10.0,57802714700;57802366800;58925979900;57223370183;57802484600;57802484700;58603615800;58569009200;58926186800;7202968258,60080985;60073435;60073458;60080985;60080985;60080985;60080985;60080985;60073731;60080985,2024-03-05,5 March 2024,Clinical and Translational Gastroenterology,21100203121.0,,Journal,5,,e00694,"INTRODUCTION:Colonoscopy is a critical diagnostic tool for colorectal diseases; however, its effectiveness depends on adequate bowel preparation (BP). This study aimed to develop a machine learning predictive model based on Chinese adults for inadequate BP.METHODS:A multicenter prospective study was conducted on adult outpatients undergoing colonoscopy from January 2021 to May 2023. Data on patient characteristics, comorbidities, medication use, and BP quality were collected. Logistic regression and 4 machine learning models (support vector machines, decision trees, extreme gradient boosting, and bidirectional projection network) were used to identify risk factors and predict inadequate BP.RESULTS:Of 3,217 patients, 21.14% had inadequate BP. The decision trees model demonstrated the best predictive capacity with an area under the receiver operating characteristic curve of 0.80 in the validation cohort. The risk factors at the nodes included body mass index, education grade, use of simethicone, diabetes, age, history of inadequate BP, and longer interval.DISCUSSION:The decision trees model we created and the identified risk factors can be used to identify patients at higher risk of inadequate BP before colonoscopy, for whom more polyethylene glycol or auxiliary medication should be used.",2.0,1.0,all publisherfullgold repository repositoryam,All Open Access Gold Green,NSFC,8197031585,National Natural Science Foundation of China
5,,Using machine learning to optimize selection of elderly patients for endovascular thrombectomy,10.1136/neurintsurg-2018-014381,Article,,11,,"Alawieh, Ali;Zaraket, Fadi;Alawieh, Mohamed Baker;Chatterjee, Arindam Rano;Spiotta, Alejandro",17598478,stroke | thrombectomy,2-s2.0-85061079115,,30712013.0,ar,Alawieh A.,60023222;60150401;60005447;60068761,Medical University of South Carolina;Cockrell School of Engineering;College of Medicine;American University of Beirut,Charleston;Austin;Charleston;Beirut,United States;United States;United States;Lebanon,5.0,55696563500;54943435900;36615132100;56506225800;12143624700,60023222-60005447;60068761;60150401;60005447;60005447,2019-08-01,1 August 2019,Journal of Neurointerventional Surgery,19700201513.0,17598486,Journal,8,,847-851,"Background Endovascular thrombectomy (ET) is the standard of care for treatment of acute ischemic stroke (AIS) secondary to large vessel occlusion. The elderly population has been under-represented in clinical trials on ET, and recent studies have reported higher morbidity and mortality in elderly patients than in their younger counterparts. Objective To use machine learning algorithms to develop a clinical decision support tool that can be used to select elderly patients for ET. Methods We used a retrospectively identified cohort of 110 patients undergoing ET for AIS at our institution to train a regression tree model that can predict 90-day modified Rankin Scale (mRS) scores. The identified algorithm, termed SPOT, was compared with other decision trees and regression models, and then validated using a prospective cohort of 36 patients. Results When predicting rates of functional independence at 90 days, SPOT showed a sensitivity of 89.36% and a specificity of 89.66% with an area under the receiver operating characteristic curve of 0.952. Performance of SPOT was significantly better than results obtained using National Institutes of Health Stroke Scale score, Alberta Stroke Program Early CT score, or patients' baseline deficits. The negative predictive value for SPOT was >95%, and in patients who were SPOT-negative, we observed higher rates of symptomatic intracerebral hemorrhage after thrombectomy. With mRS scores prediction, the mean absolute error for SPOT was 0.82. Conclusions SPOT is designed to aid clinical decision of whether to undergo ET in elderly patients. Our data show that SPOT is a useful tool to determine which patients to exclude from ET, and has been implemented in an online calculator for public use.",26.0,0.0,,,,,
1,,Machine Learning (ML) Algorithm to Predict Mortality of Trauma Patients Admitted to the Intensive Care Units (ICU) in Northwest Ethiopia,10.1111/nicc.70190,Article,,30,,"Messelu, Mengistu Abebe;Ayenew, Temesgen;Amha, Haile;Amlak, Baye Tsegaye;Gedfew, Mihretie;Tiruneh, Bekele Getenet;Teym, Abraham;Degu, Tilahun;Dessie, Tadesse Miretie;Tewelgne, Makda Fekadie;Getahun, Daniel Shitu;Mengistu, Abraham Keffale",13621017,intensive care units | machine learning | mortality | prediction | trauma,2-s2.0-105018253333,,41065001.0,ar,Messelu M.A.,60087393;60109514;60292959,University of Gondar;Debre Markos University;Injibara University,Gondar;Debra Marcos;Injibara,Ethiopia;Ethiopia;Ethiopia,12.0,58133714800;57202544869;57219772472;57357684900;57214795534;59231018500;57224093604;57997560900;58933540700;59239819700;57204783271;59554308100,60109514;60109514;60109514;60109514;60109514;60109514;60109514;60292959;60292959;60087393;60109514;60109514,2025-11-01,November 2025,Nursing in Critical Care,28839.0,14785153,Journal,6,e70190,,"Background: Predicting mortality among trauma patients is a critical task that can guide clinical decision-making, better management and resource allocation in Intensive Care Units (ICU). Machine learning has been increasingly employed in clinical practice to effectively predict the mortality of critically ill patients. Aim: This study aimed to develop and evaluate the machine learning models for predicting the mortality of trauma patients. Study Design and Methods: A multicentre cross-sectional study was conducted. The data were collected retrospectively from 613 trauma patients admitted to the ICU between January 1, 2020, and December 30, 2021, in comprehensive specialised hospitals of Northwest Ethiopia. The Kampala trauma score (KTS II) and revised trauma score (RTS) were calculated for each patient on admission, and the scores range from 5 to 10 and 0 to 7.84, respectively, with lower scores indicating more severe trauma and a higher risk of mortality. Pre-processing, feature selection and model fitting were done using Python version 3.12. Seven Machine Learning (ML) models, Decision Tree (DT), Random Forest (RF), Naive Bayes (NB), K-Nearest Neighbours (KNN), Logistic Regression (LR), Support Vector Machine (SVM) and Extreme Gradient Boosting (XGBoost), were developed to predict mortality among trauma patients at the time of hospital discharge. The dataset was divided into training (80%) and testing sets (20%), and a 10-fold cross-validation technique was employed to improve model performance. The models' prediction accuracy was measured using metrics derived from the confusion matrix, such as sensitivity, specificity, precision and Receiver Operating Characteristics (ROC). Results: Of 613 trauma patients admitted to the intensive care units, 248 (40.5%) died. Among the different variables included, the Kampala trauma score (KTS II), Glasgow Coma Scale (GCS) score and presence of complications were the most reliable features for predicting mortality among trauma patients. This study found that the Random Forest (RF) algorithm outperformed other machine learning algorithms, achieving an accuracy of 95%, sensitivity of 96%, precision of 93%, F1 score of 94% and a Receiver Operating Characteristics (ROC) score of 99%. Moreover, Support Vector Machines (SVM) and XGBoost also performed exceptionally well, with AUC scores of 0.98 and 0.97, respectively. Conclusions: We found the Random Forest (RF) to be the best-performing machine learning model in predicting the mortality among trauma patients. This is the first machine learning model developed specifically for mortality prediction of trauma patients in Ethiopia. The application of machine learning algorithms is warranted to stratify the risk of mortality, enabling evidence-based intervention and maximising resource utilisation. Thus, further external validation on independent data from prospective studies is needed to evaluate the universal applicability of the model to clinical practice. Relevance to Clinical Practice: This study holds substantial value for clinical practice by enhancing decision support, enabling early identification of high-risk patients and supporting proactive surveillance and timely interventions. The integration of machine learning for mortality prediction is particularly impactful, as it facilitates remote monitoring and telemedicine, helping to bridge gaps in healthcare access. Additionally, it aids in optimising treatment strategies through patient-centred data, informs health planning and resource allocation, supports personalised care and advances data-driven research and policy-making.",0.0,0.0,,,,,
3,,Dynamic Predictive Models of Cardiogenic Shock in STEMI: Focus on Interventional and Critical Care Phases,10.3390/jcm14103503,Article,,14,,"Stamate, Elena;Culea-Florescu, Anisia Luiza;Miron, Mihaela;Piraianu, Alin Ionut;Dumitrascu, Adrian George;Fulga, Iuliu;Fulga, Ana;Patrascanu, Octavian Stefan;Iancu, Doriana;Ciobotaru, Octavian Catalin;Ciobotaru, Oana Roxana",,cardiac intensive care units | cardiogenic shock | dynamic risk | machine learning | post-revascularization monitoring | predictive models | STEMI,2-s2.0-105006660508,,,ar,Stamate E.,60002333;60008717,"Mayo Clinic in Jacksonville, Florida;Universitatea Dunarea de Jos din Galati",Jacksonville;Galati,United States;Romania,11.0,57841809600;55361191900;57193057659;57842994400;56115857200;36344533900;57213592953;59188539500;58143996200;57211362267;57223953178,60008717;60008717;60008717;60008717;60002333;60008717;60008717;60008717;60008717;60008717;60008717,2025-05-01,May 2025,Journal of Clinical Medicine,21101054449.0,20770383,Journal,10,3503,,"Background: While early risk stratification in STEMI is essential, the threat of cardiogenic shock (CS) persists after revascularization due to reperfusion injury and evolving instability. However, risk prediction in later phases—after revascularization—is less explored, despite its importance in guiding intensive care decisions. This study evaluates machine learning (ML) models for dynamic risk assessment in interventional cardiology and cardiac intensive care unit (CICU) phases, where timely detection of deterioration can guide treatment escalation. Methods: We retrospectively analyzed clinical and procedural data from 158 patients diagnosed with STEMI complicated by cardiogenic shock, treated between 2019 and 2022 at the Cardiology Department of the University Emergency Hospital of Bucharest, Romania. Machine learning models—Random Forest (RF), and Quadratic Discriminant Analysis (QDA)—were developed and tested specifically for the interventional cardiology and CICU phases. Model performance was evaluated using area under the receiver operating characteristic curve (ROC-AUC), accuracy (ACC), sensitivity, specificity, and F1-score. Results: In the interventional phase, RF and QDA achieved the highest accuracy, both reaching 87.50%. In the CICU, RF and QDA demonstrate the best performance, reaching ACCs of 0.843. QDA maintained consistent performance across phases. Relevant predictors included reperfusion strategy, TIMI flow before percutaneous coronary intervention (PCI), Killip class, creatinine, and Creatine Kinase Index (CKI)—all parameters routinely assessed in STEMI patients. These models effectively identified patients at risk for post-reperfusion complications and hemodynamic decline, supporting decisions regarding extended monitoring and ICU-level care. Conclusions: Predictive models implemented in advanced STEMI phases can contribute to dynamic, phase-specific risk reassessment and optimize CICU resource allocation. These findings support the integration of ML-based tools into post-PCI workflows, enabling earlier detection of clinical decline and more efficient deployment of intensive care resources. When combined with earlier-stage models, the inclusion of interventional and CICU phases forms a dynamic, end-to-end risk assessment framework. With further refinement, this system could be implemented as a mobile application to support clinical decisions throughout the STEMI care continuum.",3.0,1.0,all publisherfullgold repository repositoryam,All Open Access Gold Green,DJUG,VAT RO50411550,Universitatea 'Dunărea de Jos' Galați
4,,Supervised Machine Learning Models for Predicting Sepsis-Associated Liver Injury in Patients With Sepsis: Development and Validation Study Based on a Multicenter Cohort Study,10.2196/66733,Article,,27,,"Lei, Jingchao;Zhai, Jia;Zhang, Yao;Qi, Jing;Sun, Chuanzheng",,clinical decision support | machine learning | sepsis | sepsis-associated liver injury | stacking ensemble model,2-s2.0-105006519549,,40418571.0,ar,Lei J.,60121899,Third Xiangya Hospital of Central South University,Changsha,China,5.0,57991135900;59181507900;58310755300;56194752600;56254971300,60121899;60121899;60121899;60121899;60121899,2025-01-01,2025,Journal of Medical Internet Research,23709.0,14388871,Journal,,e66733,,"Background: Sepsis-associated liver injury (SALI) is a severe complication of sepsis that contributes to increased mortality and morbidity. Early identification of SALI can improve patient outcomes; however, sepsis heterogeneity makes timely diagnosis challenging. Traditional diagnostic tools are often limited, and machine learning techniques offer promising solutions for predicting adverse outcomes in patients with sepsis. Objective: This study aims to develop an explainable machine learning model, incorporating stacking techniques, to predict the occurrence of liver injury in patients with sepsis and provide decision support for early intervention and personalized treatment strategies. Methods: This retrospective multicenter cohort study adhered to the TRIPOD+AI (Transparent Reporting of a Multivariable Prediction Model for Individual Prognosis or Diagnosis, Extended for Artificial Intelligence) guidelines. Data from 8834 patients with sepsis in the Medical Information Mart for Intensive Care IV (MIMIC-IV) database were used for training and internal validation, while data from 4236 patients in the eICU-Collaborative Research Database (eICU-CRD) database were used for external validation. SALI was defined as an international normalized ratio >1.5 and total bilirubin >2 mg/dL within 1 week of intensive care unit admission. Nine machine learning models—decision tree, random forest (RF), extreme gradient boosting (XGBoost), light gradient boosting machine (LightGBM), support vector machine, elastic net, logistic regression, multilayer perceptron, and k-nearest neighbors—were trained. A stacking ensemble model, using LightGBM, XGBoost, and RF as base learners and Lasso regression as the meta-model, was optimized via 10-fold cross-validation. Hyperparameters were tuned using grid search and Bayesian optimization. Model performance was evaluated using accuracy, balanced accuracy, Brier score, detection prevalence, F1-score, Jaccard index, κ coefficient, Matthews correlation coefficient, negative predictive value, positive predictive value, precision, recall, area under the receiver operating characteristic curve (ROC-AUC), precision-recall AUC, and decision curve analysis. Shapley additive explanations (SHAP) values were used to quantify feature importance. Results: In the training set, LightGBM, XGBoost, and RF demonstrated the best performance among all models, with ROC-AUCs of 0.9977, 0.9311, and 0.9847, respectively. These models exhibited minimal variance in cross-validation, with tightly clustered ROC-AUC and precision-recall area under the curve distributions. In the internal validation set, LightGBM (ROC-AUC 0.8401) and XGBoost (ROC-AUC 0.8403) outperformed all other models, while RF achieved an ROC-AUC of 0.8193. In the external validation set, LightGBM (ROC-AUC 0.7077), XGBoost (ROC-AUC 0.7169), and RF (ROC-AUC 0.7081) maintained strong performance, although with slight decreases in ROC-AUC compared with the training set. The stacking model achieved ROC-AUCs of 0.995, 0.838, and 0.721 in the training, internal validation, and external validation sets, respectively. Key predictors—total bilirubin, lactate, prothrombin time, and mechanical ventilation status—were consistently identified across models, with SHAP analysis highlighting their significant contributions to the model’s predictions. Conclusions: The stacking ensemble model developed in this study yields accurate and robust predictions of SALI in patients with sepsis, demonstrating potential clinical utility for early intervention and personalized treatment strategies.",4.0,1.0,all publisherfullgold repository repositoryam,All Open Access Gold Green,NNSFC,82470617,National Natural Science Foundation of China
3,,Construction and validation of a machine learning-based prediction model for short-term mortality in critically ill patients with liver cirrhosis,10.1016/j.clinre.2024.102507,Article,,49,,"Wang, Zhan Jin;Li, Fu Yuan;Cai, Jun Jie;Xue, Zhang Tuo;Zhou, Ying;Wang, Zhan",22107401,Critically ill patients with liver cirrhosis | Intensive care unit (ICU) | Machine learning | Prediction model | Short-term mortality,2-s2.0-85211199040,S2210740124002286,39622289.0,ar,Wang Z.J.,60023133,Qinghai University,Xining,China,6.0,58979285700;59461053500;59131034800;58980174200;57194333947;58608120100,60023133;60023133;60023133;60023133;60023133;60023133,2025-01-01,January 2025,Clinics and Research in Hepatology and Gastroenterology,21100213800.0,2210741X,Journal,1,102507,,"Objective: Critically ill patients with liver cirrhosis generally have a poor prognosis due to complications such as multiple organ failure. This study aims to develop a machine learning-based prediction model to forecast short-term mortality in critically ill cirrhotic patients in the intensive care unit (ICU), thereby assisting clinical decision-making for intervention and treatment. Methods: Machine learning models were developed using clinical data from critically ill cirrhotic patients in the MIMIC database, with multicenter validation performed using data from the eICU database and Qinghai University Affiliated Hospital(QUAH). Various machine learning models, including a Stacking ensemble model, were employed, with the SHAP method used to enhance model interpretability. Results: The Stacking ensemble model demonstrated superior predictive performance through internal and external validation, with AUC and AP values surpassing those of individual algorithms. The AUC values were 0.845 in the internal validation set, 0.819 in the eICU external validation, and 0.761 in the QUAH validation set. Additionally, the SHAP method highlighted key prognostic variables such as INR, bilirubin, and urine output. The model was ultimately deployed as a web-based calculator for bedside decision-making. Conclusion: The machine learning model effectively predicts short-term mortality risk in critically ill cirrhotic patients in the ICU, showing strong predictive performance and generalizability. The model's robust interpretability and its deployment as a web-based calculator suggest its potential as a valuable tool for assessing the prognosis of cirrhotic patients.",5.0,1.0,,,NSFC,82160131,National Natural Science Foundation of China
4,,Do Individual Differences in Self-regulated Learning Predict Digital Health Intervention Engagement? A Decision Tree Analysis Approach,10.1007/s41347-025-00553-8,Article,,,,"Liu, Claudia;Fuller-Tyszkiewicz, Matthew;Linardon, Jake;Jarman, Hannah K.;Messer, Mariel",,Decision tree analysis | Digital health interventions | Engagement | Self-regulated learning,2-s2.0-105015678280,,,ar,Liu C.,60018805,Deakin University,Geelong,Australia,5.0,57680817500;26631590000;57191472805;57016567900;57204789238,60018805;60018805;60018805;60018805;60018805,2025-01-01,2025,Journal of Technology in Behavioral Science,21101113246.0,23665963,Journal,,,,"Engagement is a well-known challenge in digital health interventions (DHIs); therefore, being able to accurately distinguish those who do versus do not engage with these interventions is of critical importance. However, efforts to predict DHI engagement have been limited for two main reasons: (1) the narrow range of generic predictor variables explored and (2) failure to consider how putative predictors may interact to influence engagement. Self-regulated learning (SRL) is the process of actively controlling one’s cognitions, motivations, and behaviours to improve learning outcomes, and it provides a novel, albeit highly relevant, framework for exploring DHI engagement, particularly for programmes that deliver content as self-guided psychoeducation. Nevertheless, its predictive value has yet to be empirically tested. In this study, we apply decision tree analysis (a machine-learning-based approach) to explore whether key SRL variables interact to predict higher or lower engagement in a randomised controlled trial of a smartphone app intervention for individuals with recurrent binge eating (n = 474). Decision trees revealed complex interactions between several SRL variables, including social support, self-efficacy, self-control, task interest, and motivation. Importantly, the analysis identified potential trade-off and amplification effects among these variables that explained individual differences across two key engagement outcomes (i.e. number intervention modules completed and skill activities unlocked). These findings highlight the complexity of DHI engagement, suggesting that it is not shaped by any one predictor in isolation but by the complex interplay of multiple underlying psychological processes. Nevertheless, given the exploratory nature of this analytical approach, further testing is still needed to validate this pattern of findings. Clinical Trial Number. This clinical trial is registered with the Australian New Zealand Clinical Trials Registry (ACTRN12624000158561).",0.0,1.0,all publisherhybridgold,All Open Access Hybrid Gold,,,
5,,Development and external validation of a machine learning model for cardiac valve calcification early screening in dialysis patients: a multicenter study,10.1080/0886022X.2025.2491656,Article,,47,,"Wang, Xiaoxu;Li, Yinfang;Cao, Zixin;Li, Yunuo;Cao, Jingyuan;Wang, Yao;Li, Min;Zheng, Jing;Peng, Siqi;Shi, Wen;Wu, Qianqian;Yang, Junlan;Fang, Yaping;Zhang, Aiqing;Zhang, Xiaoliang;Wang, Bin",0886022X,Cardiac valve calcification | cardiovascular | dialysis | independent risk factors | machine learning | prediction,2-s2.0-105003998894,,40275572.0,ar,Wang X.,60018310;60007381;60000065;60102076;60122407,"Nanjing Medical University;Yangzhou University;School of Medicine, Southeast University;Third Affiliated Hospital of Soochow University;The Second Affiliated Hospital of Nanjing Medical University",Nanjing;Yangzhou;Nanjing;Changzhou;Nanjing,China;China;China;China;China,16.0,59208044600;58849055100;59762659000;57479580200;57204941793;57193319457;58364063800;57437777900;59272225600;57226181119;59762659100;57393378800;58866552700;55461719100;35550397000;57215198317,60000065;60122407;60000065;60000065;60018310;60007381;60102076;60000065;60000065;60000065;60000065;60000065;60000065;60018310;60000065;60000065,2025-01-01,2025,Renal Failure,20495.0,15256049,Journal,1,2491656,,"Background: Cardiac valve calcification (CVC) is common in dialysis patients and associated with increased cardiovascular risk. However, early screening has been limited by cost concerns. This study aimed to develop and validate a machine learning model to enhance early detection of CVC. Methods: Data were collected at four centers between 2020 and 2023, including 852 dialysis patients in the development dataset and 661 in the external validation dataset. Predictive factors were selected using LASSO regression combined with univariate and multivariate analyses. Machine learning models including CatBoost, XGBoost, decision tree, support vector machine, random forest, and logistic regression were used to develop the CVC risk model. Model performance was evaluated in both validation sets. Risk thresholds were defined using the Youden index and validated in the external dataset. Results: In the development dataset, 32.9% of patients were diagnosed with CVC. Age, dialysis duration, alkaline phosphatase, apolipoprotein A1, and intact parathyroid hormone were selected to construct the CVC risk prediction model. CatBoost exhibited the best performance in the training dataset. The logistic regression model demonstrated the best predictive performance in both internal and external validation sets, with AUROCs of 0.806 (95% CI 0.750–0.863) and 0.757 (95% CI 0.720–0.793), respectively. Calibration curves and decision curves confirmed its predictive accuracy and clinical applicability. The logistic regression model was selected as the optimal model and achieved excellent risk stratification in CVC risk prediction. Conclusion: The predictive model effectively identifies CVC risk in dialysis patients and offers a robust tool for early detection and improved management.",1.0,1.0,all publisherfullgold repository repositoryam,All Open Access Gold Green,SEU,BE2023770,Southeast University
7,,Interpretable machine learning-based prediction of 28-day mortality in ICU patients with sepsis: a multicenter retrospective study,10.3389/fcimb.2024.1500326,Article,,14,,"Shen, Li;Wu, Jiaqiang;Lan, Jianger;Chen, Chao;Wang, Yi;Li, Zhiping",,28-day mortality | machine learning | multicenter retrospective study | sepsis | XGBoost,2-s2.0-85215431387,,39844844.0,ar,Shen L.,60033100;60007269;60121912,Nanjing University;Shenyang Pharmaceutical University;Children’s Hospital of Fudan University,Nanjing;Shenyang;Shanghai,China;China;China,6.0,57253333300;59138276600;57908790100;56161403200;56179434300;57190184023,60121912-60033100;60007269;60121912;60121912;60121912;60121912,2024-01-01,2024,Frontiers in Cellular and Infection Microbiology,21100255109.0,22352988,Journal,,1500326,,"Background: Sepsis is a major cause of mortality in intensive care units (ICUs) and continues to pose a significant global health challenge, with sepsis-related deaths contributing substantially to the overall burden on healthcare systems worldwide. The primary objective was to construct and evaluate a machine learning (ML) model for forecasting 28-day all-cause mortality among ICU sepsis patients. Methods: Data for the study was sourced from the eICU Collaborative Research Database (eICU-CRD) (version 2.0). The main outcome was 28-day all-cause mortality. Predictor selection for the final model was conducted using the least absolute shrinkage and selection operator (LASSO) regression analysis and the Boruta feature selection algorithm. Five machine learning algorithms including logistic regression (LR), decision tree (DT), extreme gradient boosting (XGBoost), support vector machine (SVM), and light gradient boosting machine (lightGBM) were employed to construct models using 10-fold cross-validation. Model performance was evaluated using AUC, accuracy, sensitivity, specificity, recall, and F1 score. Additionally, we performed an interpretability analysis on the model that showed the most stable performance. Results: The final study cohort comprised 4564 patients, among whom 568 (12.4%) died within 28 days of ICU admission. The XGBoost algorithm demonstrated the most reliable performance, achieving an AUC of 0.821, balancing sensitivity (0.703) and specificity (0.798). The top three risk predictors of mortality included APACHE score, serum lactate levels, and AST. Conclusion: ML models reliably predicted 28-day mortality in critically ill sepsis patients. Of the models evaluated, the XGBoost algorithm exhibited the most stable performance in identifying patients at elevated mortality risk. Model interpretability analysis identified crucial predictors, potentially informing clinical decisions for sepsis patients in the ICU.",8.0,1.0,all publisherfullgold repository repositoryam,All Open Access Gold Green,SHMHDF,20221128,Shanghai Municipal Human Resources and Social Security Bureau
11,,Group IIA secreted phospholipase A2 is associated with the pathobiology leading to COVID-19 mortality,10.1172/JCI149236,Article,,131,,"Snider, Justin M.;You, Jeehyun Karen;Wang, Xia;Snider, Ashley J.;Hallmark, Brian;Zec, Manja M.;Seeds, Michael C.;Sergeant, Susan;Johnstone, Laurel;Wang, Qiuming;Sprissler, Ryan;Carr, Tara F.;Lutrick, Karen;Parthasarathy, Sairam;Bime, Christian;Zhang, Hao Helen;Luberto, Chiara;Kew, Richard R.;Hannun, Yusuf A.;Guerra, Stefano;McCall, Charles E.;Yao, Guang;Del Poeta, Maurizio;Chilton, Floyd H.",00219738,,2-s2.0-85116217822,,34428181.0,ar,Snider J.M.,60014232;60010065;60026415;60031437;60014454;60021334;60150063;60101642;60001805;60028786;60020301;60150113;60141798,VA Medical Center;The University of Arizona;Stony Brook University;Wake Forest University School of Medicine;Anhui Medical University;University of Arizona College of Medicine – Tucson;College of Science;Renaissance School of Medicine at Stony Brook University;The University of Arizona Health Sciences;College of Agriculture and Life Sciences;University of Arizona Cancer Center;BIO5 Institute;Stony Brook Medicine,North Chicago;Tucson;Stony Brook;Winston Salem;Hefei;Tucson;Tucson;Stony Brook;Tucson;Tucson;Tucson;Tucson;Stony Brook,United States;United States;United States;United States;China;United States;United States;United States;United States;United States;United States;United States;United States,24.0,35325383500;57218774666;59651346600;7005159098;22979412600;36674035800;6701760661;6701539772;7004343113;57222623541;49862383400;55802437700;57193540147;7101695307;54384977500;35489709800;6701748695;7003836852;35450714600;7006371299;7101952064;35212226900;6603814179;7005377008,60028786;60101642;60014454-60150063;60028786;60150113;60028786;60031437;60031437;60010065;60028786;60010065-60001805;60001805;60021334;60010065;60010065;60150063-60010065;60101642-60141798;60141798-60026415;60141798-60026415-60014232;60001805;60031437;60150063-60020301;60101642-60014232-60026415;60028786-60150113,2021-10-01,October 2021,Journal of Clinical Investigation,15870.0,15588238,Journal,19,e149236,,"There is an urgent need to identify the cellular and molecular mechanisms responsible for severe COVID-19 that results in death. We initially performed both untargeted and targeted lipidomics as well as focused biochemical analyses of 127 plasma samples and found elevated metabolites associated with secreted phospholipase A2 (sPLA2) activity and mitochondrial dysfunction in patients with severe COVID-19. Deceased COVID-19 patients had higher levels of circulating, catalytically active sPLA2 group IIA (sPLA2-IIA), with a median value that was 9.6-fold higher than that for patients with mild disease and 5.0-fold higher than the median value for survivors of severe COVID-19. Elevated sPLA2-IIA levels paralleled several indices of COVID-19 disease severity (e.g., kidney dysfunction, hypoxia, multiple organ dysfunction). A decision tree generated by machine learning identified sPLA2-IIA levels as a central node in the stratification of patients who died from COVID-19. Random forest analysis and least absolute shrinkage and selection operator-based (LASSO-based) regression analysis additionally identified sPLA2-IIA and blood urea nitrogen (BUN) as the key variables among 80 clinical indices in predicting COVID-19 mortality. The combined PLA-BUN index performed significantly better than did either one alone. An independent cohort (n = 154) confirmed higher plasma sPLA2-IIA levels in deceased patients compared with levels in plasma from patients with severe or mild COVID-19, with the PLA-BUN index-based decision tree satisfactorily stratifying patients with mild, severe, or fatal COVID-19. With clinically tested inhibitors available, this study identifies sPLA2-IIA as a therapeutic target to reduce COVID-19 mortality.",82.0,1.0,all publisherfree2read repository repositoryam,All Open Access Bronze Green,NIH,P30 CA023074,National Institutes of Health
0,,Multimodal Visualization and Explainable Machine Learning-Driven Markers Enable Early Identification and Prognosis Prediction for Symptomatic Aortic Stenosis and Heart Failure With Preserved Ejection Fraction After Transcatheter Aortic Valve Replacement: Multicenter Cohort Study,10.2196/70587,Article,,27,,"Wang, Jun;Zhu, Jiajun;Li, Hui;Wu, Shili;Li, Siyang;Yao, Zhuoya;Zhu, Tongjian;Tang, Bi;Tang, Shengxing;Liu, Jinjun",,heart failure with preserved ejection fraction | interpretable models | machine learning | major adverse cardiovascular and cerebrovascular events | symptomatic aortic stenosis | transcatheter aortic valve replacement,2-s2.0-105004193186,,40310672.0,ar,Wang J.,60022554;60025244;114986413;120464149;131878799;129001889,Xinjiang Medical University;Wannan Medical College;Bengbu Medical University;The People’s Hospital of Bozhou;The First Affiliated Hospital of Bengbu Medical University;Xiangyang Central Hospital,Urumqi;Wuhu;Bengbu;Bozhou;Bengbu;Xiangyang,China;China;China;China;China;China,10.0,57208305270;57194552901;59768960500;59767804300;59721392300;59720860000;57216716561;59768135100;57192687570;59466006400,131878799-114986413;60022554;131878799;131878799-120464149;129001889;131878799;129001889;131878799-114986413;60025244;131878799-114986413,2025-01-01,2025,Journal of Medical Internet Research,23709.0,14388871,Journal,1,e70587,,"Background: Currently, there is a paucity of literature addressing personalized risk stratification using multimodal data in patients with symptomatic aortic stenosis and heart failure with preserved ejection fraction (HFpEF) following transcatheter aortic valve replacement (TAVR). Objective: This study aimed to enhance the performance of risk assessment models in this patient population by developing a predictive model for adverse outcomes using various machine learning (ML) techniques. Methods: This multicenter cohort study included 326 patients diagnosed with severe AS and HFpEF who underwent TAVR between January 2017 and December 2023. Patients were allocated to training (n=195) and independent validation (n=131) sets based on hospital affiliation. A dual-phase feature selection process, combining least absolute shrinkage and selection operator logistic regression and the Boruta algorithm, was used to identify relevant variables from the multimodal dataset. A total of 5 ML model-decision trees, K-nearest neighbors, random forest, support vector machine, and extreme gradient boosting were used to construct a visualization and explainable predictive framework to elucidate model decision-making processes. Results: The primary features identified included age, N-terminal pro-brain natriuretic peptide, fasting blood glucose, triglyceride/high-density lipoprotein cholesterol ratio, triglyceride glucose index, triglyceride glucose-BMI index, atherogenic index of plasma index, and Apolipoprotein B. Among the 5 models, the support vector machine demonstrated the best predictive performance for major adverse cardiovascular and cerebrovascular events in patients with severe AS and HFpEF following TAVR, achieving an area under the curve of 0.756 (95% CI 0.631-0.881) in the independent validation set. The model exhibited good calibration and robust predictive power in both training and validation sets and demonstrated the highest net benefit in decision curve analysis compared to other models. To extract significant variables influencing the algorithm and ensure model appropriateness, we interpreted cohort and personalized model predictions using Shapley Additive Explanations values. Conclusions: Our ML-based multimodal model, incorporating 8 readily accessible predictors, demonstrated robust predictive capability for 12 months of major adverse cardiovascular and cerebrovascular events risk. This model can be used to identify high-risk individuals with AS and HFpEF following TAVR, potentially aiding in risk stratification and personalized treatment strategies.",5.0,1.0,all publisherfullgold repository repositoryam,All Open Access Gold Green,XJMU,2024AH051187,Anhui Provincial Department of Education
3,,Optimal cut points of plasma and urine neutrophil gelatinase-associated lipocalin for the prediction of acute kidney injury among critically ill adults: Retrospective determination and clinical validation of a prospective multicentre study,10.1136/bmjopen-2017-016028,Article,,7,,"Tecson, Kristen M.;Erhardtsen, Elisabeth;Eriksen, Peter M.;Gaber, A. Osama;Germain, Michael;Golestaneh, Ladan;De Los Angeles Lavoria, Maria;Moore, Linda W.;McCullough, Peter A.",,acute kidney injury | neutrophil gelatinase associated lipocalin | risk prediction | sensitivity | specificity,2-s2.0-85023601606,,28698338.0,ar,Tecson K.M.,60002388;60014933;60102356;60012172;60031742;60012651;60074469;118816033,Albert Einstein College of Medicine;Houston Methodist Hospital;Texas A&M University School of Medicine;Scott and White;Baylor University Medical Center at Dallas;Baystate Medical Center;Baylor Jack and Jane Hamilton Heart and Vascular Hospital;BiPorto Diagnostics A/S,New York;Houston;Bryan;Temple;Dallas;Springfield;Dallas;Copenhagen,United States;United States;United States;United States;United States;United States;United States;Denmark,9.0,57074159800;6602547956;57194852428;7102197048;7201845377;6507902020;49961304400;7401847577;56173692300,60074469-60012172-60102356;118816033;118816033;60014933;60012651;60002388;118816033;60014933;60074469-60102356-60031742,2017-07-01,1 July 2017,BMJ Open,19800188003.0,20446055,Journal,7,e016028,,"Objectives To determine the optimal threshold of blood and urine neutrophil gelatinase-associated lipocalin (NGAL) to predict moderate to severe acute kidney injury (AKI) and persistent moderate to severe AKI lasting at least 48 consecutive hours, as defined by an adjudication panel. Methods A multicentre prospective observational study enrolled intensive care unit (ICU) patients and recorded daily ethylenediaminetetraacetic acid (EDTA) plasma, heparin plasma and urine NGAL. We used natural log-transformed NGAL in a logistic regression model to predict stage 2/3 AKI (defined by Kidney Disease International Global Organization). We performed the same analysis using the NGAL value at the start of persistent stage 2/3 AKI. Results Of 245 subjects, 33 (13.5%) developed stage 2/3 AKI and 25 (10.2%) developed persistent stage 2/3 AKI. Predicting stage 2/3 AKI revealed the optimal NGAL cutoffs in EDTA plasma (142.0 ng/mL), heparin plasma (148.3 ng/mL) and urine (78.0 ng/mL) and yielded the following decision statistics: sensitivity (SN)=78.8%, specificity (SP)=73.0%, positive predictive value (PPV)=31.3%, negative predictive value (NPV)=95.7%, diagnostic accuracy (DA)=73.8% (EDTA plasma); SN=72.7%, SP=73.8%, PPV=30.4%, NPV=94.5%, DA=73.7% (heparin plasma); SN=69.7%, SP=76.8%, PPV=32.9%, NPV=94%, DA=75.8% (urine). The optimal NGAL cutoffs to predict persistent stage 2/3 AKI were similar: 148.3 ng/mL (EDTA plasma), 169.6 ng/mL (heparin plasma) and 79.0 ng/mL (urine) yielding: SN=84.0%, SP=73.5%, PPV=26.6%, NPV=97.6, DA=74.6% (EDTA plasma), SN=84%, SP=76.1%, PPV=26.8%, NPV=96.5%, DA=76.1% (heparin plasma) and SN=75%, SP=75.8%, PPV=26.1, NPV=96.4%, DA=75.7% (urine). Conclusion Blood and urine NGAL predicted stage 2/3 AKI, as well as persistent 2/3 AKI in the ICU with acceptable decision statistics using a single cut point in each type of specimen.",40.0,1.0,all publisherfullgold repository repositoryam,All Open Access Gold Green,,,
0,,Machine Learning-Based Algorithm to Predict Procedural Success in a Large European Cohort of Hybrid Chronic Total Occlusion Percutaneous Coronary Interventions,10.1016/j.amjcard.2025.04.001,Article,,248,,"Moroni, Alice;Mascaretti, Andrea;Dens, Jo;Knaapen, Paul;Nap, Alexander;Somsen, Yvemarie B.O.;Bennett, Johan;Ungureanu, Claudiu;Bataille, Yoann;Haine, Steven;Coussement, Patrick;Kayaert, Peter;Avran, Alexander;Sonck, Jeroen;Collet, Carlos;Carlier, Stéphane;Vescovo, Giovanni;Avesani, Giacomo;Egred, Mohaned;Spratt, James C.;Diletti, Roberto;Goktekin, Omer;Boudou, Nicolas;Di Mario, Carlo;Mashayekhi, Kambis;Agostoni, Pierfrancesco;Zivelonghi, Carlo",00029149,artificial intelligence | chronic total occlusion | machine learning | percutaneous coronary intervention | procedural success,2-s2.0-105004208833,S0002914925002334,40204173.0,ar,Moroni A.,60008734;60032114;60031069;60029329;60073799;60021921;60012227;60013703;60018514;60068598;60068582;60069992;60009364;60103321;60068613;60068937;60004713;112833625;113158306;127212359;132071073;132534400,"Vrije Universiteit Amsterdam;Erasmus MC;KU Leuven– University Hospital Leuven;St George’s, University of London;Fondazione Policlinico Universitario Agostino Gemelli IRCCS;Azienda Ospedaliera Careggi;Scuola Internazionale Superiore di Studi Avanzati;Universitair Ziekenhuis Antwerpen;Freeman Hospital;Ziekenhuis Oost-Limburg;Cardiovascular Center of Aalst;Imelda Hospital;Centre Hospitalier de Valenciennes;Ospedale dell'Angelo;Hospital de Jolimont;Clinique Saint Augustin;Centre Hospitalier Universitaire Ambroise Pare;Jessa Ziekenhuis;AZ Sint-Jan Brugge;Memorial Bahcelievler Hospital;HartCentrum;II University Heart Center",Amsterdam;Rotterdam;Leuven;London;Rome;Florence;Trieste;Edegem;Newcastle;Genk;Aalst;Bonheiden;Valenciennes;Mestre;Haine-Saint-Paul;Bordeaux;Mons;Hasselt;Brugge;Istanbul;Antwerpen;Freiburg Bad Krozingen,Netherlands;Netherlands;Belgium;United Kingdom;Italy;Italy;Italy;Belgium;United Kingdom;Belgium;Belgium;Belgium;France;Italy;Belgium;France;Belgium;Belgium;Belgium;Turkey;Belgium;Germany,27.0,57212277074;57789180700;6603775734;6602836006;57204822283;57205245003;57214306754;55917895400;6507131833;15065233100;6603611287;8611945400;57191835867;24077304100;57189342058;35401744700;57213935058;57191904320;13006459000;35597798500;36542096100;7003402250;25644193800;7101723312;36915264400;57226223987;54410021100,60069992;60012227;60068598;60008734;60008734;60008734;60031069;60068613;112833625;60013703;113158306;112833625;60009364;60068582;60068582;60004713;60103321;60073799;60018514;60029329;60032114;127212359;60068937;60021921;132534400;132071073;132071073,2025-08-01,1 August 2025,American Journal of Cardiology,22415.0,18791913,Journal,,,50-57,"CTOs are frequently encountered in patients undergoing invasive coronary angiography. Even though technical progress in CTO-PCI and enhanced skills of dedicated operators have led to substantial procedural improvement, the success of the intervention is still lower than in non-CTO PCI. Moreover, the scores developed to appraise lesion complexity and predict procedural outcomes have shown suboptimal discriminatory performance when applied to unselected cohorts. Accordingly, we sought to develop a machine learning (ML)-based model integrating clinical and angiographic characteristics to predict procedural success of chronic total occlusion (CTO)-percutaneous coronary intervention(PCI). Different ML-models were trained on a European multicenter cohort of 8904 patients undergoing attempted CTO-PCI according to the hybrid algorithm (randomly divided into a training set [75%] and a test set [25%]). Sixteen clinical and 16 angiographic variables routinely assessed were used to inform the models; procedural volume of each center was also considered together with 3 angiographic complexity scores (namely, J-CTO, PROGRESS-CTO and RECHARGE scores). The area under the curve (AUC) of the receiver operating characteristic curve was employed, as metric score. The performance of the model was also compared with that of 3 existing complexity scores. The best selected ML-model (Light Gradient Boosting Machine [LightGBM]) for procedural success prediction showed an AUC of 0.82 and 0.73 in the training and test set, respectively. The accuracy of the ML-based model outperformed those of the conventional scores (J-CTO AUC 0.66, PROGRESS-CTO AUC 0.62, RECHARGE AUC 0.64, p-value <0.01 for all the pairwise comparisons). In conclusion, the implementation of a ML-based model to predict procedural success in CTO-PCIs showed good prediction accuracy, thus potentially providing new elements for a tailored management. Prospective validation studies should be conducted in real-world settings, integrating ML-based model into operator decision-making processes in order to validate this new approach.",0.0,0.0,,,,,
1,,Tree-based ensemble machine learning models in the prediction of acute respiratory distress syndrome following cardiac surgery: a multicenter cohort study,10.1186/s12967-024-05395-1,Article,,22,,"Zhang, Hang;Qian, Dewei;Zhang, Xiaomiao;Meng, Peize;Huang, Weiran;Gu, Tongtong;Fan, Yongliang;Zhang, Yi;Wang, Yuchen;Yu, Min;Yuan, Zhongxiang;Chen, Xin;Zhao, Qingnan;Ruan, Zheng",,Acute respiratory distress syndrome | Cardiac surgery | Machine learning | Prediction model | SHAP value,2-s2.0-85201401579,,39148090.0,ar,Zhang H.,60025084;60018310;60122016;60031584,Shanghai Jiao Tong University;Nanjing Medical University;Shanghai Sixth People's Hospital;Shanghai General Hospital,Shanghai;Nanjing;Shanghai;Shanghai,China;China;China;China,14.0,57196154975;57457931300;56494893000;58768267000;59262968100;57316972900;55938422000;59071905100;58855485200;55866199900;8279040200;57112846300;55969366900;36885197800,60031584;60031584;60031584;60031584;60025084;60122016;60031584;60031584;60031584;60031584;60031584;60018310;60031584;60031584,2024-12-01,December 2024,Journal of Translational Medicine,16440.0,14795876,Journal,1,772,,"Background: Acute respiratory distress syndrome (ARDS) after cardiac surgery is a severe respiratory complication with high mortality and morbidity. Traditional clinical approaches may lead to under recognition of this heterogeneous syndrome, potentially resulting in diagnosis delay. This study aims to develop and external validate seven machine learning (ML) models, trained on electronic health records data, for predicting ARDS after cardiac surgery. Methods: This multicenter, observational cohort study included patients who underwent cardiac surgery in the training and testing cohorts (data from Nanjing First Hospital), as well as those patients who had cardiac surgery in a validation cohort (data from Shanghai General Hospital). The number of important features was determined using the sliding windows sequential forward feature selection method (SWSFS). We developed a set of tree-based ML models, including Decision Tree, GBDT, AdaBoost, XGBoost, LightGBM, Random Forest, and Deep Forest. Model performance was evaluated using the area under the receiver operating characteristic curve (AUC) and Brier score. The SHapley Additive exPlanation (SHAP) techinque was employed to interpret the ML model. Furthermore, a comparison was made between the ML models and traditional scoring systems. ARDS is defined according to the Berlin definition. Results: A total of 1996 patients who had cardiac surgery were included in the study. The top five important features identified by the SWSFS were chronic obstructive pulmonary disease, preoperative albumin, central venous pressure_T4, cardiopulmonary bypass time, and left ventricular ejection fraction. Among the seven ML models, Deep Forest demonstrated the best performance, with an AUC of 0.882 and a Brier score of 0.809 in the validation cohort. Notably, the SHAP values effectively illustrated the contribution of the 13 features attributed to the model output and the individual feature's effect on model prediction. In addition, the ensemble ML models demonstrated better performance than the other six traditional scoring systems. Conclusions: Our study identified 13 important features and provided multiple ML models to enhance the risk stratification for ARDS after cardiac surgery. Using these predictors and ML models might provide a basis for early diagnostic and preventive strategies in the perioperative management of ARDS patients.",7.0,1.0,all publisherfullgold repository repositoryam,All Open Access Gold Green,NMU,YG2024QNA30,Nanjing Medical University
0,,Directional forecasting for eight forex pairs against the US dollar using machine learning techniques,10.1007/s44163-025-00424-4,Article,,5,,"López-Herrera, Francisco;Jiménez, Jaime González Maiz;Santiago, Adán Reyes",,Directional forecasting | Feature engineering | Forex forecasting | Interpretability | Machine learning | MADL | Transaction costs | Value-at-risk,2-s2.0-105014182331,,,ar,López-Herrera F.,60032442;60031120;60116188,Universidad Nacional Autónoma de México;Universidad de las Américas Puebla;EGADE Business School,Mexico;Cholula;San Pedro Garza Garcia,Mexico;Mexico;Mexico,3.0,56556515900;57105526900;57732269900,60032442;60031120;60116188,2025-12-01,December 2025,Discover Artificial Intelligence,21101215114.0,27310809,Journal,1,224,,"This paper evaluates machine learning (ML) algorithms for forex trading based on directional forecasting over the 2018–2023 period. We conduct a rigorous comparative analysis of seven ML techniques—Logistic Regression, Decision Trees, Random Forest, Gradient Boosting, AdaBoost, XGBoost, and Neural Networks—across eight currency pairs against the US dollar, including major (EUR, JPY, CHF, AUD), managed float (CNY), and emerging market (MXN, ZAR, TRY) currencies. Our methodology implements comprehensive hyperparameter optimization through time series cross-validation, realistic dynamic transaction costs based on institutional spreads, and extends evaluation to future validation periods. Uniquely, we compare traditional accuracy-based optimization with the profit-aware Mean Absolute Directional Loss (MADL) function for model selection for the Logistic Regression model. Results demonstrate that simpler, interpretable models achieve superior risk-adjusted returns, with Logistic Regression optimized using MADL obtaining the highest Risk-Adjusted Performance Index (RAPI) scores of 1.45–1.58. All ML strategies show statistical significance after multiple testing corrections (Hansen’s SPA test, t-statistics: 2.96–2.89), with medium to large economic effect sizes (Cohen’s d: 0.47–0.60). However, performance varies dramatically with transaction costs—while major pairs remain profitable with round-trip costs below 0.4%, emerging market currencies become unviable at institutional spreads exceeding 1.0%. Value-at-Risk backtesting reveals that ML models calibrated for directional prediction fail catastrophically for risk estimation (29.1% average violations versus 5% expected), mandating separate risk management frameworks. Our findings challenge the complexity bias in financial ML, demonstrating that interpretable models with proper profit-aware optimization outperform black-box approaches in real-world trading conditions. Clinical trial number: not applicable.",1.0,1.0,all publisherfullgold,All Open Access Gold,,,
2,,Supervised classification techniques for prediction of mortality in adult patients with sepsis,10.1016/j.ajem.2020.09.013,Article,,45,,"Rodríguez, Andrés;Mendoza, Deibie;Ascuntar, Johana;Jaimes, Fabián",07356757,Artificial neural networks | In-hospital mortality | Random Forest | Sepsis | Vector support machines,2-s2.0-85092213231,S073567572030807X,33036848.0,ar,Rodríguez A.,60055833;60052098;112905489,Universidad de Antioquia;Universidad Nacional de Colombia Medellin;Hospital Universitario San Vicente Fundación,Medellin;Medellin;Medellin,Colombia;Colombia;Colombia,4.0,57217484096;57217794990;36503530200;55891750800,60052098;60055833;60055833;60055833-112905489,2021-07-01,July 2021,American Journal of Emergency Medicine,15207.0,15328171,Journal,,,392-397,"Background: Sepsis mortality is still unacceptably high and an appropriate prognostic tool may increase the accuracy for clinical decisions. Objective: To evaluate several supervised techniques of Artificial Intelligence (AI) for classification and prediction of mortality, in adult patients hospitalized by emergency services with sepsis diagnosis. Methods: Secondary data analysis of a prospective cohort in three university hospitals in Medellín, Colombia. We included patients >18 years hospitalized for suspected or confirmed infection and any organ dysfunction according to the Sepsis-related Organ Failure Assessment. The outcome variable was hospital mortality and the prediction variables were grouped into those related to the initial clinical treatment and care or to the direct measurement of physiological disturbances. Four supervised classification techniques were analyzed: the C4.5 Decision Tree, Random Forest, artificial neural networks (ANN) and support vector machine (SVM) models. Their performance was evaluated by the concordance between the observed and predicted outcomes and by the discrimination according to AUC-ROC. Results: A total of 2510 patients with a median age of 62 years (IQR = 46–74) and an overall hospital mortality rate of 11.5% (n = 289). The best discrimination was provided by the SVM and ANN using physiological variables, with an AUC-ROC of 0.69 (95%CI: 0.62; 0.76) and AUC-ROC of 0.69 (95%CI: 0.61; 0.76) respectively. Conclusion: Deep learning and AI are increasingly used as support tools in clinical medicine. Their performance in a syndrome as complex and heterogeneous as sepsis may be a new horizon in clinical research. SVM and ANN seem promising for improving sepsis classification and prognosis.",28.0,0.0,,,UdeA,111556933362,"Departamento Administrativo de Ciencia, Tecnología e Innovación (COLCIENCIAS)"
1,,Integration of the Renal Angina Index and Urine Neutrophil Gelatinase-Associated Lipocalin Improves Severe Acute Kidney Injury Prediction in Critically Ill Children and Young Adults,10.1016/j.ekir.2022.05.021,Article,,7,,"Goldstein, Stuart L.;Krallman, Kelli A.;Kirby, Cassie;Roy, Jean Philippe;Collins, Michaela;Fox, Kaylee;Schmerge, Alexandra;Wilder, Sarah;Gerhardt, Bradley;Chima, Ranjit;Basu, Rajit K.;Chawla, Lakhmir;Fei, Lin",24680249,acute kidney injury | neutrophil gelatinase-associated lipocalin | renal angina index | severe AKI,2-s2.0-85135401453,S246802492201419X,,ar,Goldstein S.L.,60014232;60017412;60030440;60017031;60005610,VA Medical Center;University of Cincinnati College of Medicine;Cincinnati Children's Hospital Medical Center;Children's Memorial Hospital;CHU Sainte-Justine - Le Centre Hospitalier Universitaire Mère-Enfant,North Chicago;Cincinnati;Cincinnati;Chicago;Montreal,United States;United States;United States;United States;Canada,13.0,7402140713;25221838400;12242024100;57209836409;57810960600;57829893300;57221788012;57223627989;57223948266;22033278800;36597783600;7004277331;56732526800,60030440;60030440;60030440;60005610;60030440;60030440;60030440;60030440;60030440;60030440;60017031;60014232;60030440-60017412,2022-08-01,August 2022,Kidney International Reports,21100786208.0,,Journal,8,,1842-1849,"Introduction: Acute kidney injury (AKI) occurs in one-fourth of children and young adults admitted to pediatric intensive care unit (PICU). Severe AKI (sAKI; Kidney Disease: Improving Global Outcomes stage 2 or 3) is associated with morbidity and mortality. An AKI risk stratification system, the Renal Angina Index (RAI) calculated at 12 hours of admission, exhibits excellent performance to rule out sAKI at 72 hours of admission. We found that integration of urine neutrophil gelatinase-associated lipocalin (NGAL) with RAI improves prediction of sAKI. We now report the first-year results after implementation of our prospective automated RAI-NGAL clinical decision support (CDS) program. Methods: Patients 3 months to 25 years of age were eligible. Admission order sets have a conditional order for urine NGAL released when a 12-hour RAI ≥8. The primary outcome was sAKI any time at days 2 to 4 of admission. We assessed performance of the RAI and RAI+/NGAL to predict the primary outcome. Results: A total of 1427 unique patients accounted for 1575 admissions. In 147 admissions, RAI was ≥8. RAI <8 had negative predictive value (NPV) of 0.98 (95% CI 0.97–0.99); RAI ≥ 8 had positive predictive value (PPV) of 0.37 (95% CI 0.30–0.46) to predict days 2 to 4 sAKI (area under the receiver operating characteristic curve [AUC-ROC] 0.88 [95% CI 0.84–0.92]). Of 147 RAI+ patients, 89 had NGAL available. RAI/NGAL combination improved PPV (0.64, 95% CI 0.50–0.79) without decrement in NPV (0.98, 95% CI 0.97–0.98). Conclusion: AKI biomarker assessment directed by risk stratification improves prediction of sAKI in critically ill children and young adults. This CDS process has potential to enrich the population for interventional study, although improvement to adherence to CDS is needed.",20.0,1.0,all publisherfullgold repository repositoryam,All Open Access Gold Green,NIH,UL1TR000077,National Institutes of Health
2,,Acute kidney injury and its progression in hospitalized patients-Results from a retrospective multicentre cohort study with a digital decision support system,10.1371/journal.pone.0254608,Article,,16,,"Kister, Thea Sophie;Remmler, Johannes;Schmidt, Maria;Federbusch, Martin;Eckelt, Felix;Isermann, Berend;Richter, Heike;Wehner, Markus;Krause, Uwe;Halbritter, Jan;Cundius, Carina;Voigt, Markus;Kehrer, Alexander;Telle, Jörg Michael;Kaiser, Thorsten",,,2-s2.0-85109700011,,34252151.0,ar,Kister T.S.,60008042;124202481;126395107,Universität Leipzig;Xantas AG;Hospital Grimma and Wurzen,Leipzig;Leipzig;Grimma,Germany;Germany;Germany,15.0,57225899896;57197829939;57224538248;57193972912;57207117073;6603064657;57216257998;57224534383;57225911736;23481887500;56104161600;57216248631;57216260565;57216250209;12142177300,60008042;60008042;60008042;60008042;60008042;60008042;126395107;126395107;126395107;60008042;60008042;60008042;124202481;124202481;60008042,2021-07-01,July 2021,Plos One,10600153309.0,19326203,Journal,7 July,e0254608,,"In this retrospective multicentric cohort study, we evaluate the potential benefits of a clinical decision support system (CDSS) for the automated detection of Acute kidney injury (AKI). A total of 80,389 cases, hospitalized from 2017 to 2019 at a tertiary care hospital (University of Leipzig Medical Center (ULMC)) and two primary care hospitals (Muldentalkliniken (MTL)) in Germany, were enrolled. AKI was defined and staged according to the Kidney disease: improving global outcomes (KDIGO) guidelines. Clinical and laboratory data was automatically collected from electronic patient records using the frameworks of the CDSS. In our cohort, we found an overall AKI incidence proportion of 12.1%. We identified 6,393/1,703/ 1,604 cases as AKI stage 1/2/3 (8.0%/2.1%/2.0%, respectively). Administrative coding with N17 (ICD-10-GM) was missing in 55.8% of all AKI cases with the potential for additional diagnosis related groups (DRG) reimbursement of 1,204,200 € in our study. AKI was associated with higher hospital mortality, increased length of hospitalisation and more frequent need of renal replacement therapy. A total of 19.1% of AKI cases (n = 1,848) showed progression to higher AKI stages (progressive AKI) during hospitalization. These cases presented with considerably longer hospitalization, higher rates of renal replacement therapy and increased mortality (p<0.001, respectively). Furthermore, progressive AKI was significantly associated with sepsis, shock, liver cirrhosis, myocardial infarction, and cardiac insufficiency. AKI, and especially its progression during hospitalization, is strongly associated with adverse outcomes. Our automated CDSS enables timely detection and bears potential to improve AKI outcomes, notably in cases of progressive AKI.",11.0,1.0,all publisherfullgold repository repositoryam,All Open Access Gold Green,,100331796,
2,,Development and Performance of the Pulmonary Embolism Result Forecast Model (PERFORM) for Computed Tomography Clinical Decision Support,10.1001/jamanetworkopen.2019.8719,Article,,2,,"Banerjee, Imon;Sofela, Miji;Yang, Jaden;Chen, Jonathan H.;Shah, Nigam H.;Ball, Robyn;Mushlin, Alvin I.;Desai, Manisha;Bledsoe, Joseph;Amrhein, Timothy;Rubin, Daniel L.;Zamanian, Roham;Lungren, Matthew P.",,,2-s2.0-85070545629,,31390040.0,ar,Banerjee I.,60012708;60032838;60007997;60005200;60004654;60101963,Stanford University;Stanford University School of Medicine;Weill Cornell Medicine;Duke University School of Medicine;Duke University Health System;Intermountain Medical Center,Stanford;Stanford;New York;Durham;Durham;Murray,United States;United States;United States;United States;United States;United States,13.0,36095937900;57210389992;57210149768;57112911000;7401823709;57194281693;7006727270;22633366200;40260987600;55480415900;7202307112;57210097645;36729660500,60012708-60032838;60004654;60012708;60012708;60012708;60012708;60007997;60012708;60101963;60005200;60012708-60032838;60032838;60032838,2019-08-07,7 August 2019,JAMA Network Open,21100900345.0,25743805,Journal,8,e198719,,"Importance: Pulmonary embolism (PE) is a life-threatening clinical problem, and computed tomographic imaging is the standard for diagnosis. Clinical decision support rules based on PE risk-scoring models have been developed to compute pretest probability but are underused and tend to underperform in practice, leading to persistent overuse of CT imaging for PE. Objective: To develop a machine learning model to generate a patient-specific risk score for PE by analyzing longitudinal clinical data as clinical decision support for patients referred for CT imaging for PE. Design, Setting, and Participants: In this diagnostic study, the proposed workflow for the machine learning model, the Pulmonary Embolism Result Forecast Model (PERFORM), transforms raw electronic medical record (EMR) data into temporal feature vectors and develops a decision analytical model targeted toward adult patients referred for CT imaging for PE. The model was tested on holdout patient EMR data from 2 large, academic medical practices. A total of 3397 annotated CT imaging examinations for PE from 3214 unique patients seen at Stanford University hospitals and clinics were used for training and validation. The models were externally validated on 240 unique patients seen at Duke University Medical Center. The comparison with clinical scoring systems was done on randomly selected 100 outpatient samples from Stanford University hospitals and clinics and 101 outpatient samples from Duke University Medical Center. Main Outcomes and Measures: Prediction performance of diagnosing acute PE was evaluated using ElasticNet, artificial neural networks, and other machine learning approaches on holdout data sets from both institutions, and performance of models was measured by area under the receiver operating characteristic curve (AUROC). Results: Of the 3214 patients included in the study, 1704 (53.0%) were women from Stanford University hospitals and clinics; mean (SD) age was 60.53 (19.43) years. The 240 patients from Duke University Medical Center used for validation included 132 women (55.0%); mean (SD) age was 70.2 (14.2) years. In the samples for clinical scoring system comparisons, the 100 outpatients from Stanford University hospitals and clinics included 67 women (67.0%); mean (SD) age was 57.74 (19.87) years, and the 101 patients from Duke University Medical Center included 59 women (58.4%); mean (SD) age was 73.06 (15.3) years. The best-performing model achieved an AUROC performance of predicting a positive PE study of 0.90 (95% CI, 0.87-0.91) on intrainstitutional holdout data with an AUROC of 0.71 (95% CI, 0.69-0.72) on an external data set from Duke University Medical Center; superior AUROC performance and cross-institutional generalization of the model of 0.81 (95% CI, 0.77-0.87) and 0.81 (95% CI, 0.73-0.82), respectively, were noted on holdout outpatient populations from both intrainstitutional and extrainstitutional data. Conclusions and Relevance: The machine learning model, PERFORM, may consider multitudes of applicable patient-specific risk factors and dependencies to arrive at a PE risk prediction that generalizes to new population distributions. This approach might be used as an automated clinical decision-support tool for patients referred for CT PE imaging to improve CT use.",57.0,1.0,all publisherfullgold repository repositoryam,All Open Access Gold Green,NIH,UL1 TR001085,National Institutes of Health
3,,Smart Care Based on Telemonitoring and Telemedicine for Type 2 Diabetes Care: Multi-Center Randomized Controlled Trial,10.1089/tmj.2017.0203,Article,,24,,"Jeong, Ji Yun;Jeon, Jae Han;Bae, Kwi Hyun;Choi, Yeon Kyung;Park, Keun Gyu;Kim, Jung Guk;Won, Kyu Chang;Cha, Bong Soo;Ahn, Chul Woo;Kim, Dong Won;Lee, Chang Hee;Lee, In Kyu",15305627,behavioral health | education | Telehealth | telemedicine | telenursing,2-s2.0-85051376714,,29341843.0,ar,Jeong J.Y.,60012704;60016728;60021052;121099321,Kyungpook National University (KNU);Yonsei University College of Medicine;School of Medicine;Future IT RandD Lab,Daegu;Seoul;Gyeongsan;Seoul,South Korea;South Korea;South Korea;South Korea,12.0,35976205900;36910340400;55385532300;35335932600;57202558343;16506485900;7005951406;7007118478;35268155500;56953647800;57196253714;36071537600,60012704;60012704;60012704;60012704;60012704;60012704;60021052;60016728;60016728;121099321;121099321;60012704,2018-08-01,August 2018,Telemedicine and E Health,23728.0,15563669,Journal,8,,604-613,"Background: This study was performed to determine the effectiveness of the Smart Care service on glucose control based on telemedicine and telemonitoring compared with conventional treatment in patients with type 2 diabetes. Materials and Methods: This 24-week prospective multi-center randomized controlled trial involved 338 adult patients with type 2 diabetes at four university hospitals in South Korea. The patients were randomly assigned to a control group (group A, n = 113), a telemonitoring group (group B, n = 113), or a telemedicine group (group C, n = 112). Patients in the telemonitoring group visited the outpatient clinic regularly, accompanied by an additional telemonitoring service that included remote glucose monitoring with automated patient decision support by text. Remote glucose monitoring was identical in the telemedicine group, but assessment by outpatient visits was replaced by video conferencing with an endocrinologist. Results: The adjusted net reductions in HbA1c concentration after 24 weeks were similar in the conventional, telemonitoring, and telemedicine groups (-0.66% ± 1.03% vs.-0.66% ± 1.09% vs.-0.81% ± 1.05%; p > 0.05 for each pairwise comparison). Fasting glucose concentrations were lower in the telemonitoring and telemedicine groups than in the conventional group. Rates of hypoglycemia were lower in the telemedicine group than in the other two groups, and compliance with medication was better in the telemonitoring and telemedicine than in the conventional group. No serious adverse events were associated with telemedicine. Conclusions: Telehealthcare was as effective as conventional care at improving glycemia in patients with type 2 diabetes without serious adverse effects.",45.0,0.0,,,MOTIE,HI16C1501,"Ministry of Trade, Industry and Energy"
0,,Clinical evaluation of a deep-learning model for automatic scoring of the Alberta stroke program early CT score on non-contrast CT,10.1136/jnis-2022-019970,Article,,16,,"Lee, Seong Joon;Park, Gyuha;Kim, Dohyun;Jung, Sumin;Song, Soohwa;Hong, Ji Man;Shin, Dong Hoon;Lee, Jin Soo",17598478,CT | stroke | thrombectomy | thrombolysis,2-s2.0-85160216040,,37015781.0,ar,Lee S.J.,60199632;60029305;126437889,Gachon University;Ajou University School of Medicine;Ltd,Seongnam;Suwon;Incheon,South Korea;South Korea;South Korea,8.0,57218256679;58289546100;58288894400;58288894500;56896509500;55729426200;57222389564;55963063300,60029305;126437889;126437889;126437889;126437889;60029305;126437889-60199632;60029305,2023-04-04,4 April 2023,Journal of Neurointerventional Surgery,19700201513.0,17598486,Journal,1,,61-66,"Background Automated measurement of the Alberta Stroke Program Early Computed Tomography Score (ASPECTS) can support clinical decision making. Based on a deep learning algorithm, we developed an automated ASPECTS scoring system (Heuron ASPECTS) and validated its performance in a prespecified clinical trial. Methods For model training, we used non-contrast computed tomography images of 487 patients with acute ischemic stroke (AIS). For the clinical trial, 326 patients (87 with AIS, 56 with other acute brain diseases, and 183 with no brain disease) were enrolled. The results of Heuron ASPECTS were compared with the consensus generated by two stroke experts using the Bland-Altman agreement. A mean difference of less than 0.35 and a maximum allowed difference of less than 3.8 were considered the primary outcome target. The sensitivity and specificity of the model for the 10 regions of interest and dichotomized ASPECTS were calculated. Results The Bland-Altman agreement had a mean difference of 0.03 [95% confidence interval (CI): -0.08 to 0.14], and the upper and lower limits of agreement were 2.80 [95% CI: 2.62 to 2.99] and -2.74 [95% CI: -2.92 to -2.55], respectively. For ASPECTS calculation, sensitivity and specificity to detect the early ischemic change for 10 ASPECTS regions were 62.78% [95% CI: 58.50 to 67.07] and 96.63% [95% CI: 96.18 to 97.09], respectively. Furthermore, in a dichotomized analysis (ASPECTS >4 vs. ≤4), the sensitivity and specificity were 94.01% [95% CI: 91.26 to 96.77] and 61.90% [95% CI: 47.22 to 76.59], respectively. Conclusions The current trial results show that Heuron ASPECTS reliably measures the ASPECTS for use in clinical practice.",8.0,1.0,all publisherfree2read repository repositoryam,All Open Access Bronze Green,,,
