,uid,title,doi,subtypeDescription,year,volume,issue,author_names,issn,authkeywords
0,WOS:001236483000010,"The role of artificial intelligence in nuclear crisis decision making: a complement, not a substitute",10.1080/10357718.2024.2333814,Article,2024,78,2,"Holmes, Marcus; Wheeler, Nicholas J.",1035-7718,Artificial intelligence (AI)| nuclear crisis management| security dilemma sensibility| empathy in diplomacy| human-AI collaboration
1,WOS:001274838000001,Uncertainty-Aware and Explainable Human Error Detection in the Operation of Nuclear Power Plants,10.1080/00295450.2024.2372217,Article,2024,210,12,"Reddy, Bhavya; Gursel, Ezgi; Daniels, Katy; Khojandi, Anahita; Baalis Coble, Jamie; Agarwal, Vivek; Boring, Ronald; Yadav, Vaibhav; Madadi, Mahboubeh",0029-5450,Explainable artificial intelligence| uncertainty quantification| multiclass classification| human error| nuclear power plants
2,WOS:000772050500001,The need for and conceptual design of an AI model-based Integrated Flight Advisory System,10.1177/1748006X221083379,Article,2023,237,2,"Ramos, Marilia A.; Sankaran, Karthik; Guarro, Sergio; Mosleh, Ali; Ramezani, Ramin; Arjounilla, Adrian",1748-006X,Aviation| autonomy| automation| decision-support| artificial intelligence
3,WOS:000844438800011,Graph neural network based multiple accident diagnosis in nuclear power plants: Data optimization to represent the system configuration,10.1016/j.net.2022.02.024,Article,2022,54,8,"Chae, Young Ho; Lee, Chanyoung; Han, Sang Min; Seong, Poong Hyun",1738-5733,Multiple accident| Nuclear power plant| Graph| Graph neural network
4,WOS:001198738300001,Machine learning -based decision support framework for CBRN protection,10.1016/j.heliyon.2024.e25946,Article,2024,10,4,"Kegyes, Tamas; Sule, Zoltan; Abonyi, Janos",,CBRN protection framework| Machine learning| Predictive analytics| Information management| Decision support system
5,WOS:001332633000001,Human-machine cooperation in safety management: An intelligent decision-making framework for cooling water intake reliability,10.1016/j.pnucene.2024.105452,Article,2024,177,,"Zhao, Nan; Han, Rui; Ying, Fei; Rong, Hua",0149-1970,Human-machine cooperation| Intelligence| Decision-making| Safety management| Water intake reliability
6,WOS:000414699200004,Nuclear energy system's behavior and decision making using machine learning,10.1016/j.nucengdes.2017.08.020,Article,2017,324,,"Fernandez, Mario Gomez; Tokuhiro, Akira; Welter, Kent; Wu, Qiao",0029-5493,Decision-making optimization| Nuclear energy systems| Machine learning| Small modular reactors
7,WOS:000710899900001,Using Machine Learning to Predict the Fuel Peak Cladding Temperature for a Large Break Loss of Coolant Accident,10.3389/fenrg.2021.755638,Article,2021,9,,"Sallehhudin, Wazif; Diab, Aya",2296-598X,nuclear safety| large break LOCA| artificial neural network| machine learning| uncertainty quantification| peak cladding temperature
8,WOS:000807122300002,Evaluation of optimized machine learning models for nuclear reactor accident prediction,10.1016/j.pnucene.2022.104263,Article,2022,149,,"Racheal, Suubi; Liu, Yongkuo; Ayodeji, Abiodun",0149-1970,Machine learning| Support vector machines| Decision trees and MLP| Accident prediction| Neural network| Nuclear power plants
9,WOS:001001592100050,Distinctive physical insights driven from machine learning modelling of nuclear power plant severe accident scenario propagation,10.1038/s41598-023-28205-y,Article,2023,13,1,"Hossny, K.; Villanueva, W.; Wang, H. D.",2045-2322,
10,WOS:000807122300002,Evaluation of optimized machine learning models for nuclear reactor accident prediction,10.1016/j.pnucene.2022.104263,Article,2022,149,,"Racheal, Suubi; Liu, Yongkuo; Ayodeji, Abiodun",0149-1970,Machine learning| Support vector machines| Decision trees and MLP| Accident prediction| Neural network| Nuclear power plants
11,WOS:001179581500001,A novel machine learning-derived four-gene signature predicts STEMI and post-STEMI heart failure,10.17305/bb.2023.9629,Article,2024,24,2,"Yao, Jialu; Zhou, Yujia; Yao, Zhichao; Meng, Ye; Yu, Wangjianfei; Yang, Xinyu; Zhou, Dayong; Yang, Xiaoqin; Zhou, Yafeng",2831-0896,ST-elevation myocardial infarction (STEMI)| heart failure (HF)| monocyte| machine learning| prediction model
12,WOS:001259070900001,A unified creep and fatigue life prediction approach for 316 austenitic stainless steel using machine and deep learning,10.1111/ffe.14379,Article,2024,47,9,"Bhardwaj, Harsh Kumar; Shukla, Mukul",8756-758X,316 austenitic stainless steel| classical models| creep life| deep learning| fatigue life| machine learning
13,WOS:001336191000001,"Mechanical behaviors and internal pressure bearing capacity of nuclear containment using UHPC and ECC: From numerical simulation, machine learning prediction to fragility analysis",10.1016/j.nucengdes.2024.113617,Article,2024,429,,"Yao, Di; Gao, Ge; Yang, Qingyu; Fan, Feng; Yan, Jiachuan",0029-5493,Containment| UHPC| ECC| Finite element analysis| Machine learning| Internal pressure bearing capacity
14,WOS:001340194900001,A comparative study of machine learning approaches for identification of perturbed fuel assemblies in WWER-type nuclear reactors,10.1016/j.anucene.2024.110992,Article,2025,211,,"Kamkar, A.; Abbasi, M.",0306-4549,Neutron noise| Machine learning classifiers| Perturbed fuel assemblies| WWER-type reactors| Core monitoring and diagnostics
15,WOS:001436207400001,Fault detection in thermocouples: Unveiling anomalies with machine learning and signal processing,10.1016/j.nucengdes.2025.113955,Article,2025,435,,"Kumar, Valipi Dinesh; Bhattacharyya, Anindya; Behera, Rajendra Prasad; Prabakar, K.",0029-5493,K-type thermocouple| Accelerated aging| Statistical features| Empirical mode decomposition| Feature extraction| Fault detection| Machine learning
16,WOS:001496305200001,Machine Learning-Based Prediction of Fatigue Fracture Locations in 7075-T651 Aluminum Alloy Friction Stir Welded Joints,10.3390/met15050569,Article,2025,15,5,"Mi, Guangming; Sun, Guoqin; Yang, Shuai; Liu, Xiaodong; Chen, Shujun; Kang, Wei",,fatigue fracture| machine learning| friction stir welding| artificial neural network
17,WOS:001582840600001,Delamination-informed lifecycle decisions: A dielectric and machine learning framework for composite sorting and recycling,10.1016/j.compositesb.2025.113007,Article,2026,308,,"Rabby, Monjur Morshed; Oni, Tahmid Hasan; Das, Partha Pratim; Vadlamudi, Vamsee; Hassen, Ahmed Arabi; Raihan, Rassel",1359-8368,Polymer composite| Lifecycle decisions| Machine learning| Dielectric variables| Pyrolysis
18,WOS:000610242100004,"Study protocol for a prospective, double-blinded, observational study investigating the diagnostic accuracy of an app-based diagnostic health care application in an emergency room setting: the eRadaR trial",10.1136/bmjopen-2020-041396,Article,2021,11,1,"Faqar-Uz-Zaman, S. Fatima; Filmann, Natalie; Mahkovic, Dora; von Wagner, Michael; Detemble, Charlotte; Kippke, Ulf; Marschall, Ursula; Anantharajah, Luxia; Baumartz, Philipp; Sobotta, Paula; Bechstein, Wolf O.; Schnitzbauer, Andreas A.",2044-6055,accident &amp| emergency medicine| adult gastroenterology| adult surgery
19,WOS:001429684200001,RTACompensator: Leveraging AraBERT and XGBoost for Automated Road Accident Compensation,10.3390/asi8010019,Article,2025,8,1,"El Moussaoui, Taoufiq; Karim, Awatif; Loqman, Chakir; Boumhidi, Jaouad",,road traffic accidents| indemnification| part of responsibility| XGBoost| AraBERT| data augmentation| Gemini
20,WOS:000619607900005,"Comparison of an Artificial Intelligence-Enabled Patient Decision Aid vs Educational Material on Decision Quality, Shared Decision-Making, Patient Experience, and Functional Outcomes in Adults With Knee Osteoarthritis A Randomized Clinical Trial",10.1001/jamanetworkopen.2020.37107,Article,2021,4,2,"Jayakumar, Prakash; Moore, Meredith G.; Furlough, Kenneth A.; Uhler, Lauren M.; Andrawis, John P.; Koenig, Karl M.; Aksan, Nazan; Rathouz, Paul J.; Bozic, Kevin J.",2574-3805,
21,WOS:000683415800001,"A riddle, wrapped in a mystery, inside an enigma: How semantic black boxes and opaque artificial intelligence confuse medical decision-making",10.1111/bioe.12924,Article,2022,36,2,"Pierce, Robin; Sterckx, Sigrid; Van Biesen, Wim",0269-9702,algorithms| clinical care| decision support| e-alerts| medical AI| medical semantics
22,WOS:000737118300001,Does Artificial Intelligence Make Clinical Decision Better? A Review of Artificial Intelligence and Machine Learning in Acute Kidney Injury Prediction,10.3390/healthcare9121662,Article,2021,9,12,"Lee, Tao Han; Chen, Jia-Jin; Cheng, Chi-Tung; Chang, Chih-Hsiang",,artificial intelligence| machine learning| acute kidney injury| prediction model
23,WOS:000952044200007,"Development and training of a machine learning algorithm to identify patients at risk for recurrence following an arthroscopic Bankart repair (CLEARER): protocol for a retrospective, multicentre, cohort study",10.1136/bmjopen-2021-055346,Article,2022,12,9,"van Spanning, Sanne H.; Verweij, Lukas P. E.; Allaart, Laurens J. H.; Hendrickx, Laurent A. M.; Doornberg, Job N.; Athwal, George S.; Lafosse, Thibault; Lafosse, Laurent; van den Bekerom, Michel P. J.; Buijze, Geert Alexander",2044-6055,Adult orthopaedics| Elbow & shoulder| Shoulder
24,WOS:001029802200001,Artificial Intelligence in Pediatric Nephrology-A Call for Action,10.1053/j.akdh.2022.11.001,Article,2023,30,1,"Filler, Guido; Gipson, Debbie S.; Iyamuremye, Didier; de Ferris, Maria Esther Diaz Gonzalez",2949-8147,Key Words| Urinary tract infections| Acute kidney injury| Artificial intelligence| Vancomycin| Dialysis dry weight
25,WOS:001134463300001,Can artificial intelligence help decision-making in arthroscopy? Part 1: Use of a standardized analysis protocol improves inter-observer agreement of arthroscopic diagnostic assessments of the long head of biceps tendon in small rotator cuff tears,10.1016/j.otsr.2023.103648,"Article,Proceedings Paper",2023,109,8,"Benhenneda, Rayane; Brouard, Thierry; Dordain, Franck; Gadea, Francois; Charousset, Christophe; Berhouet, Julien",1877-0568,Shoulder arthroscopy| Artificial intelligence| Inter-observer analysis| Long head of biceps| Rotator cuff
26,WOS:001401538300001,"Reshaping the future of sports with artificial intelligence: Challenges and opportunities in performance enhancement, fan engagement, and strategic decision-making",10.1016/j.engappai.2024.109912,Article,2025,142,,"Xu, Ting; Baghaei, S.",0952-1976,Artificial neural network| Algorithmic bias| Data-driven insights| Strategic decision-making| Healthcare| Diagnosis and treatment
27,WOS:001429684200001,RTACompensator: Leveraging AraBERT and XGBoost for Automated Road Accident Compensation,10.3390/asi8010019,Article,2025,8,1,"El Moussaoui, Taoufiq; Karim, Awatif; Loqman, Chakir; Boumhidi, Jaouad",,road traffic accidents| indemnification| part of responsibility| XGBoost| AraBERT| data augmentation| Gemini
28,WOS:001461583900001,Artificial Intelligence Methods for Diagnostic and Decision-Making Assistance in Chronic Wounds: A Systematic Review,10.1007/s10916-025-02153-8,Article,2025,49,1,"Jimenez, David Reifs; Casanova-Lozano, Lorena; Grau-Carrion, Sergi; Reig-Bolano, Ramon",0148-5598,Wounds and injuries| Algorithms| data mining| Deep learning| Computer assisted| Decision support systems
29,WOS:001483223300001,Decision Trees for Managing Impaired Physical Mobility in Multiple Trauma Patients,10.1111/jan.17010,"Article,Early Access",2025,,,"Ferreira, Raisa Camilo; Dunn-Lopez, Karen; Moorhead, Sue; Krupp, Anna; Zuchatti, Bruna Valentina; Carvalho, Luciana Aparecida Costa; Botelho, Micneias Tatiana de Souza Lacerda; Duran, Erika Christiane Marocco",0309-2402,artificial intelligence| clinical decision-making| decision trees| electronic health records| multiple trauma| standardised nursing terminology
30,WOS:000595491300001,Organizational readiness for artificial intelligence in health care: insights for decision-making and practice,10.1108/JHOM-03-2020-0074,Article,2021,35,1,"Alami, Hassane; Lehoux, Pascale; Denis, Jean-Louis; Motulsky, Aude; Petitgand, Cecile; Savoldelli, Mathilde; Rouquet, Ronan; Gagnon, Marie-Pierre; Roy, Denis; Fortin, Jean-Paul",1477-7266,Artificial intelligence| Organizational readiness| Healthcare organizations| Health care delivery| Decision-making
31,WOS:000609244100009,THE STRANGE CASE OF DR. WATSON: LIABILITY IMPLICATIONS OF AI EVIDENCE-BASED DECISION SUPPORT SYSTEMS IN HEALTH CARE,10.2924/EJLS.2019.028,Article,2020,12,2,"Lagioia, Francesca; Contissa, Giuseppe",,Artificial Intelligence| Clinical Decision Support Systems| Liability and Automation
32,WOS:000737118300001,Does Artificial Intelligence Make Clinical Decision Better? A Review of Artificial Intelligence and Machine Learning in Acute Kidney Injury Prediction,10.3390/healthcare9121662,Article,2021,9,12,"Lee, Tao Han; Chen, Jia-Jin; Cheng, Chi-Tung; Chang, Chih-Hsiang",,artificial intelligence| machine learning| acute kidney injury| prediction model
33,WOS:000766169300002,Identification of data elements for blood gas analysis dataset: a base for developing registries and artificial intelligence-based systems,10.1186/s12913-022-07706-y,Article,2022,22,1,"Zare, Sahar; Meidani, Zahra; Ouhadian, Maryam; Akbari, Hosein; Zand, Farid; Fakharian, Esmaeil; Sharifian, Roxana",,Blood gas analysis| Databases| Information science| Artificial intelligence| Clinical decision-making
34,WOS:000831702300001,Deep Learning Empowered Structural Health Monitoring and Damage Diagnostics for Structures with Weldment via Decoding Ultrasonic Guided Wave,10.3390/s22145390,Article,2022,22,14,"Zhang, Zi; Pan, Hong; Wang, Xingyu; Lin, Zhibin",,nondestructive detection| ultrasonic guided wave| convolutional neural network| data-driven approach| structural health monitoring| machine learning
35,WOS:000927952300001,Impacting Management of Chronic Kidney Disease Through Primary Care Practice Audits: A Quality Improvement Study,10.1177/20543581221144840,Article,2022,9,,"Mosa, Alexander I.; Watts, Don; Tangri, Navdeep",,kidney failure risk equation| risk stratification| EHR| clinical decision support software| quality improvement
36,WOS:001050657900001,Importance of Sensor Technology in Evaluation of Smart Monitoring System of Nursing Home,10.18494/SAM4457,Article,2023,35,8,"Hsu, Wei-Ling; Lan, Keran; Dong, Zuorong; Liu, Hsin-Lung; Yang, Sandy Yu-Rung; Jeang, Bang -Wen",0914-4935,elderly care| nursing home| smart system| sensor| evaluation of smart system
37,WOS:001067514800008,Why are pediatricians uncomfortable with prescribing emergency contraception for adolescents?,10.1590/1984-0462/2023/41/2022060,Article,2023,41,,"Amorim, Renata Vieira; Barbieri, Marco Antonio; Botto-Menezes, Camila; Carmona, Fabio; Ferraro, Alexandre Archanjo; Bettiol, Heloisa",0103-0582,Contraception| postcoital| Pregnancy in adolescence| Pregnancy| unplanned| Pediatricians| Artificial intelligence
38,WOS:001108929300001,Heart failure patients monitoring using IoT-based remote monitoring system,10.1038/s41598-023-46322-6,Article,2023,13,1,"Umer, Muhammad; Aljrees, Turki; Karamti, Hanen; Ishaq, Abid; Alsubai, Shtwai; Omar, Marwan; Bashir, Ali Kashif; Ashraf, Imran",2045-2322,
39,WOS:001161696400007,Barriers and Enablers for Implementation of an Artificial Intelligence-Based Decision Support Tool to Reduce the Risk of Readmission of Patients With Heart Failure: Stakeholder Interviews,10.2196/47335,Article,2023,7,,"Nair, Monika; Andersson, Jonas; Nygren, Jens M.; Lundgren, Lina E.",,implementation| AI systems| health care| interviews| artificial Intelligence| AI| decision support tool| readmission| prediction| heart failure| digital tool
40,WOS:000406362700009,Predicting diabetes mellitus using SMOTE and ensemble machine learning approach: The Henry Ford ExercIse Testing (FIT) project,10.1371/journal.pone.0179805,Article,2017,12,7,"Alghamdi, Manal; Al-Mallah, Mouaz; Keteylan, Steven; Brawner, Clinton; Ehrman, Jonathan; Sakr, Sherif",,
41,WOS:000466916300009,Joint Crowd Management and Structural Health Monitoring Using Fiber Optic and Wearable Sensing,10.1109/MCOM.2019.1800631,Article,2019,57,4,"Mustapha, Samir; Kassir, Abdallah; Hassoun, Karim; Modad, Bassel Abou Ali; Abi-Rached, Habib; Dawy, Zaher",0163-6804,
42,WOS:000471649100002,Understanding health management and safety decisions using signal processing and machine learning,10.1186/s12874-019-0756-2,Article,2019,19,,"Aufegger, Lisa; Bicknell, Colin; Soane, Emma; Ashrafian, Hutan; Darzi, Ara",,
43,WOS:000601075800001,Predicting 90 day acute heart failure readmission and death using machine learning-supported decision analysis,10.1002/clc.23532,Article,2021,44,2,"Sarijaloo, FarnazBabaie; Park, Jaeyoung; Zhong, Xiang; Wokhlu, Anita",0160-9289,congestive heart failure| machine learning| mortality| repeat hospitalization
44,WOS:000855778400050,Application of Machine Learning for COVID-19 Data Analysis,10.47750/pnr.2022.13.03.053,Article,2022,13,3,"Shinde-Pawar, Manisha; Pujari, Rajendra; Mujawar, Ayesha; Shah, Alok; Gala, Deepali; Patil, Bhaskar",0976-9234,COVID 19| Dominance Analysis| Fuzzy Logic| Machine Learning
45,WOS:000872539400001,"Development and validation of prediction models for hypertension risks: A cross-sectional study based on 4,287,407 participants",10.3389/fcvm.2022.928948,Article,2022,9,,"Ji, Weidong; Zhang, Yushan; Cheng, Yinlin; Wang, Yushan; Zhou, Yi",2297-055X,hypertension| machine learning| prediction model| classifier| LASSO
46,WOS:001020223600020,A novel machine-learning tool to identify community risk for firearm violence: The Firearm Violence Vulnerability Index,10.1097/TA.0000000000003992,"Article,Proceedings Paper",2023,95,1,"Polcari, Ann M.; Hoefer, Lea E.; Zakrison, Tanya L.; Cone, Jennifer T.; Henry, Marion C. W.; Rogers, Selwyn O.; Slidell, Mark B.; Benjamin, Andrew J.",2163-0755,Injury prevention| firearm violence| vulnerability| machine learning
47,WOS:001173904300001,Computer Vision Based Transfer Learning-Aided Transformer Model for Fall Detection and Prediction,10.1109/ACCESS.2024.3368065,Article,2024,12,,"McCall, Sheldon; Kolawole, Shina Samuel; Naz, Afreen; Gong, Liyun; Ahmed, Syed Waqar; Prasad, Pandey Shourya; Yu, Miao; Wingate, James; Ardakani, Saeid Pourroostaei",2169-3536,Computer vision| deep learning| fall detection| fall prediction| healthcare| transfer learning| transformer
48,WOS:001412136300035,A Machine Learning-Based Platform for Monitoring and Prediction of Hazardous Gases in Rural and Remote Areas,10.1109/ACCESS.2025.3535158,Article,2025,13,,"Ladeira, Edgar F.; Silva, Bruno M. C.",2169-3536,Gases| Monitoring| Real-time systems| Internet of Things| Predictive models| Data models| Long short term memory| Urban areas| Pollution measurement| Decision support systems| Cloud computing| decision support system (DSS)| digital platform| environmental gases| indoor monitoring| Internet of Things (IoT)| long short-term memory (LSTM)| machine learning (ML)| public health| real-time monitoring| time-series analysis
49,WOS:001529950500015,A hybrid fog-edge computing architecture for real-time health monitoring in IoMT systems with optimized latency and threat resilience,10.1038/s41598-025-09696-3,Article,2025,15,1,"Islam, Umar; Alatawi, Mohammed Naif; Alqazzaz, Ali; Alamro, Sulaiman; Shah, Babar; Moreira, Fernando",2045-2322,Fog computing| Edge computing| Internet of medical things (IoMT)| Latency reduction| Data security
50,WOS:000896191500001,Construction Safety Risk Model with Construction Accident Network: A Graph Convolutional Network Approach,10.3390/su142315906,Article,2022,14,23,"Mostofi, Fatemeh; Togan, Vedat; Ayozen, Yunus Emre; Tokdemir, Onur Behzat",,construction industry| site accident| construction safety management| graph convolutional network (GCN)| risk assessment
51,WOS:000908428200002,Assessing the factors affecting the perceived crossing speed of pedestrians and investigating the direct and indirect effects of crash risk perception on perceived crossing speed,10.1016/j.jth.2022.101541,Article,2023,28,,"Saxena, Aditya",2214-1405,Perceived crossing speed (PCS)| Crash risk perception (CRP)| Crossing pattern (CP)| Machine learning classification methods| Mediation analysis
52,WOS:001081833900021,Developed Fall Detection of Elderly Patients in Internet of Healthcare Things,10.32604/cmc.2023.039084,Article,2023,76,2,"Reyad, Omar; Shehata, Hazem Ibrahim; Karar, Mohamed Esmail",1546-2218,Elderly population| fall detection| wireless sensor networks| Internet of health things| ensemble machine learning
53,WOS:001304286000001,Gauging road safety advances using a hybrid EWM-PROMETHEE II-DBSCAN model with machine learning,10.3389/fpubh.2024.1413031,Article,2024,12,,"Li, Jialin; Chen, Faan",,public health| road safety| decision reliability| Southeast Asia| policymaking| machine learning
54,WOS:001359724600002,Exploring the Utility of Auto-machine Learning in Predicting Traffic Accident Severity in Jordan,10.14525/JJCE.v18i4.05,Article,2024,18,4,"Al Shafie, R.; Jadaan, Kh.; El-Badawy, Sh.; Shwaly, S.; Shahdah, U.",1993-0461,Accident severity prediction| Auto-machine learning| Accident classifiers| Python| Jordan
55,WOS:000349378000005,Transforming Hospital Emergency Department Workflow and Patient Care,10.1287/inte.2014.0788,Article,2015,45,1,"Lee, Eva K.; Atallah, Hany Y.; Wright, Michael D.; Post, Eleanor T.; Thomas, Calvin; Wu, Daniel T.; Haley, Leon L., Jr.",0092-2102,systems transformation| systems optimization| machine learning| multiple-resource allocation| mixed-integer program| simulation| decision support| emergency department| acuity level| length of stay| readmission| operations efficiency
56,WOS:000396426400006,Applying of Decision Tree Analysis to Risk Factors Associated with Pressure Ulcers in Long-Term Care Facilities,10.4258/hir.2017.23.1.43,Article,2017,23,1,"Moon, Mikyung; Lee, Soo-Kyoung",2093-3681,Data Mining| Decision Trees| Long-Term Care| Pressure Ulcer| Risk Factors
57,WOS:000398829000001,Predicting Outcome 12 Months after Mild Traumatic Brain injury in Patients admitted to a neurosurgery service,10.3389/fneur.2017.00125,Article,2017,8,,"Hellstrom, Torgeir; Kaufmann, Tobias; Andelic, Nada; Soberg, Helene L.; Sigurdardottir, Solrun; Helseth, Eirik; Andreassen, Ole A.; Westlye, Lars T.",1664-2295,traumatic brain injury| cortical thickness| volumetric analysis| prediction| outcome
58,WOS:000450331700007,Predicting suicide attempts in adolescents with longitudinal clinical data and machine learning,10.1111/jcpp.12916,Article,2018,59,12,"Walsh, Colin G.; Ribeiro, Jessica D.; Franklin, Joseph C.",0021-9630,Suicide| attempted| adolescent| machine learning| decision support techniques| electronic health records
59,WOS:000579398500001,Evaluation of ML-Based Clinical Decision Support Tool to Replace an Existing Tool in an Academic Health System: Lessons Learned,10.3390/jpm10030104,Article,2020,10,3,"Woo, Myung; Alhanti, Brooke; Lusk, Sam; Dunston, Felicia; Blackwelder, Stephen; Lytle, Kay S.; Goldstein, Benjamin A.; Bedoya, Armando",,machine learning| artificial intelligence| prevention| intervention| pressure injury| falls| clinical decision support
60,WOS:000583556200001,A New Real Time Clinical Decision Support System Using Machine Learning for Critical Care Units,10.1109/ACCESS.2020.3030031,Article,2020,8,,"El-Ganainy, Noha Ossama; Balasingham, Ilangko; Halvorsen, Per Steinar; Rosseland, Leiv Arne",2169-3536,Real-time systems| Decision support systems| Machine learning| Support vector machines| Radio frequency| Machine learning algorithms| Training| Clinical decision support| classification| hierarchical temporal memory (HTM)| long short-term memory (LSTM)| machine learning| real time prediction
61,WOS:000597593600001,Classification of Fatigue Phases in Healthy and Diabetic Adults Using Wearable Sensor,10.3390/s20236897,Article,2020,20,23,"Aljihmani, Lilia; Kerdjidj, Oussama; Zhu, Yibo; Mehta, Ranjana K.; Erraguntla, Madhav; Sasangohar, Farzan; Qaraqe, Khalid",,physiological tremor| fatigue| accelerometer| machine learning| classification
62,WOS:000693653700001,Point-of-care detection and differentiation of anticoagulant therapy - development of thromboelastometry-guided decision-making support algorithms,10.1186/s12959-021-00313-7,Article,2021,19,1,"Schaefer, Simon T.; Otto, Anne-Christine; Acevedo, Alice-Christin; Goerlinger, Klaus; Massberg, Steffen; Kammerer, Tobias; Groene, Philipp",1477-9560,Direct-acting oral anticoagulants| Direct thrombin inhibitors| Direct factor Xa inhibitors| Thromboelastometry
63,WOS:000699161600001,"Behavioral Monitoring Tool for Pig Farmers: Ear Tag Sensors, Machine Intelligence, and Technology Adoption Roadmap",10.3390/ani11092665,Article,2021,11,9,"Pandey, Santosh; Kalwa, Upender; Kong, Taejoon; Guo, Baoqing; Gauger, Phillip C.; Peters, David J.; Yoon, Kyoung-Jin",2076-2615,precision swine farming| ear tag pig sensor| behavioral monitoring| machine intelligence| technology adoption
64,WOS:000714021700001,Automated Workers' Ergonomic Risk Assessment in Manual Material Handling Using sEMG Wearable Sensors and Machine Learning,10.3390/electronics10202558,Article,2021,10,20,"Mudiyanselage, Srimantha E.; Nguyen, Phuong Hoang Dat; Rajabi, Mohammad Sadra; Akhavian, Reza",2079-9292,material handling| safety| ergonomics| surface electromyogram| sEMG| sensors| NIOSH lifting equation| machine learning
65,WOS:000359789800004,"From Data to Optimal Decision Making: A Data-Driven, Probabilistic Machine Learning Approach to Decision Support for Patients With Sepsis",10.2196/medinform.3445,Article,2015,3,1,"Tsoukalas, Athanasios; Albertson, Timothy; Tagkopoulos, Ilias",,sepsis| clinical decision support tool| probabilistic modeling| Partially Observable Markov Decision Processes| POMDP| CDSS
66,WOS:000367480200005,A multi-layer monitoring system for clinical management of Congestive Heart Failure,10.1186/1472-6947-15-S3-S5,Article,2015,15,,"Guidi, Gabriele; Pollonini, Luca; Dacso, Clifford C.; Iadanza, Ernesto",,
67,WOS:000396426400006,Applying of Decision Tree Analysis to Risk Factors Associated with Pressure Ulcers in Long-Term Care Facilities,10.4258/hir.2017.23.1.43,Article,2017,23,1,"Moon, Mikyung; Lee, Soo-Kyoung",2093-3681,Data Mining| Decision Trees| Long-Term Care| Pressure Ulcer| Risk Factors
68,WOS:000399025700006,The first biologic for rheumatoid arthritis: factors influencing the therapeutic decision,10.1007/s00393-016-0174-3,Article,2017,76,3,"Pattloch, D.; Richter, A.; Manger, B.; Dockhorn, R.; Meier, L.; Tony, H. -P.; Zink, A.; Strangfeld, A.",0340-1855,RABBIT| Cohort Studies| Prescriptions| Germany| Model-based boosting
69,WOS:000406362700009,Predicting diabetes mellitus using SMOTE and ensemble machine learning approach: The Henry Ford ExercIse Testing (FIT) project,10.1371/journal.pone.0179805,Article,2017,12,7,"Alghamdi, Manal; Al-Mallah, Mouaz; Keteylan, Steven; Brawner, Clinton; Ehrman, Jonathan; Sakr, Sherif",,
70,WOS:000418837400001,Comparison of machine learning techniques to predict all-cause mortality using fitness data: the Henry ford exercIse testing (FIT) project,10.1186/s12911-017-0566-6,Article,2017,17,,"Sakr, Sherif; Elshawi, Radwa; Ahmed, Amjad M.; Qureshi, Waqas T.; Brawner, Clinton A.; Keteyian, Steven J.; Blaha, Michael J.; Al-Mallah, Mouaz H.",,FIT (Henry ford ExercIse testing) project| All-cause mortality| Machine learning
71,WOS:000441487100006,Failure detection technique under random fatigue loading by machine learning and dual sensing on symmetric structure,10.1016/j.ijfatigue.2018.05.004,Article,2018,114,,"Jang, Dong-Won; Lee, Sunghyun; Park, Jong -Won; Baek, Dong-Cheon",0142-1123,Failure detection| Fatigue loading| Machine learning| Dual sensing| Prognostics and Health Management (PHM)
72,WOS:000453781600001,A Hybrid Intelligent System Framework for the Prediction of Heart Disease Using Machine Learning Algorithms,10.1155/2018/3860146,Article,2018,2018,,"Ul Haq, Amin; Li, Jian Ping; Memon, Muhammad Hammad; Nazir, Shah; Sun, Ruinan",1574-017X,
73,WOS:000466916300009,Joint Crowd Management and Structural Health Monitoring Using Fiber Optic and Wearable Sensing,10.1109/MCOM.2019.1800631,Article,2019,57,4,"Mustapha, Samir; Kassir, Abdallah; Hassoun, Karim; Modad, Bassel Abou Ali; Abi-Rached, Habib; Dawy, Zaher",0163-6804,
74,WOS:000483686800001,Predictive models for bariatric surgery risks with imbalanced medical datasets,10.1007/s10479-019-03156-8,Article,2019,280,1-2,"Razzaghi, Talayeh; Safro, Ilya; Ewing, Joseph; Sadrfaridpour, Ehsan; Scott, John D.",0254-5330,Imbalanced data| Risk prediction| Clinical decision support| Bariatric surgery
75,WOS:000586473400001,Predictive Modeling for Occupational Safety Outcomes and Days Away from Work Analysis in Mining Operations,10.3390/ijerph17197054,Article,2020,17,19,"Yedla, Anurag; Kakhki, Fatemeh Davoudi; Jannesari, Ali",,machine learning| word embedding| neural networks
76,WOS:000642262600002,Real-Time Clinical Decision Support Based on Recurrent Neural Networks for In-Hospital Acute Kidney Injury: External Validation and Model Interpretation,10.2196/24120,Article,2021,23,4,"Kim, Kipyo; Yang, Hyeonsik; Yi, Jinyeong; Son, Hyung-Eun; Ryu, Ji-Young; Kim, Yong Chul; Jeong, Jong Cheol; Chin, Ho Jun; Na, Ki Young; Chae, Dong-Wan; Han, Seung Seok; Kim, Sejoong",1439-4456,acute kidney injury| recurrent neural network| prediction model| external validation| internal validation| kidney| neural networks
77,WOS:000790060700001,Potential for Machine Learning in Burn Care,10.1093/jbcr/irab189,Article,2022,43,3,"Robb, Lydia",1559-047X,
78,WOS:001467159800001,Enhancing stroke-associated pneumonia prediction in ischemic stroke: An interpretable Bayesian network approach,10.1177/20552076251333568,Article,2025,11,,"Liu, Xingyu; Mo, Jiali; Liu, Zuting; Ge, Yanqiu; Luo, Tian; Kuang, Jie",2055-2076,Bayesian network| stroke-associated pneumonia| ischemic stroke| interpretable predictive modeling| risk-scoring system
79,WOS:001527429100001,Machine learning approaches for improved understanding of factors associated with history of sport-related concussion,10.1111/risa.70061,Article,2025,45,10,"Sedighi-Maman, Zahra; Gupta, Ashish; Wilkerson, Gary B.; Popovic, Ales",0272-4332,clinical decision making| concussion| injury risk screening| sports analytics
80,WOS:000447341300001,An intelligent prognostic model for electrolytic capacitors health monitoring: A design of experiments approach,10.1177/1687814018781170,Article,2018,10,10,"Bhargava, Cherry; Banga, Vijay Kumar; Singh, Yaduvir",1687-8132,Residual life| electrolytic capacitor| accelerated life testing| design of experiments| artificial neural network| regression
81,WOS:000449561400014,An improved support vector machine-based diabetic readmission prediction,10.1016/j.cmpb.2018.10.012,Article,2018,166,,"Cui, Shaoze; Wang, Dujuan; Wang, Yanzhang; Yu, Pay-Wen; Jin, Yaochu",0169-2607,Hospital readmission| Diabetes| Support vector machine| Synthetic minority over-sampling| Feature selection
82,WOS:000462068200013,Predicting the Readmission of Heart Failure Patients through Data Analytics,10.1142/S0219649219500126,Article,2019,18,1,"Sohrabi, Babak; Vanani, Iman Raeesi; Gooyavar, Amirsahand; Naderi, Nasim",0219-6492,Data mining| classification algorithms| heart failure| healthcare analytics| decision support systems| readmission| re-hospitalization| expert cardiologist| factor importance
83,WOS:000488603600127,Electrocardiographic Fragmented Activity (II): A Machine Learning Approach to Detection,10.3390/app9173565,Article,2019,9,17,"Melgarejo-Meseguer, Francisco-Manuel; Gimeno-Blanes, Francisco-Javier; Salar-Alcaraz, Maria-Eladia; Gimeno-Blanes, Juan-Ramon; Martinez-Sanchez, Juan; Garcia-Alberola, Arcadi; Luis Rojo-Alvarez, Jose",,ECG| fragmentation detection| multivariate techniques| fibrosis detection| machine learning
84,WOS:000697834100001,Frequency Hoyer attention based convolutional neural network for remaining useful life prediction of machinery,10.1088/1361-6501/ac22f0,Article,2021,32,12,"Huang, Xin; Zhang, Ping; Shi, Wenjie; Dong, Shuzhi; Wen, Guangrui; Lin, Hailong; Chen, Xuefeng",0957-0233,rolling element bearing| remaining useful life prediction| attention mechanism| empirical wavelet transform
85,WOS:000698781000007,Bankruptcy Prediction: The Case of the Greek Market,10.3390/forecast2040027,Article,2020,2,4,"Papana, Angeliki; Spyridou, Anastasia",,bankruptcy| prediction| discriminant analysis| logit| decision trees| neural networks| Greek market
86,WOS:000709320500001,Wavelet Based Real-Time Planetary Gearbox Health Monitoring Under Non-Stationary Operation,10.1007/s40799-021-00518-5,Article,2022,46,5,"Praveen, H. M.; Sabareesh, G. R.",0732-8818,Planetary gearbox| Continuous Wavelet Transforms| Decision tree| Machine learning| Non-stationary| Multi-component fault
87,WOS:000725452100002,Survival prediction among heart patients using machine learning techniques,10.3934/mbe.2022007,Article,2022,19,1,"Almazroi, Abdulwahab Ali",1547-1063,cardiovascular diseases| machine learning| decision trees| artificial neural networks| survival prediction
88,WOS:000749320200014,Memory Residual Regression Autoencoder for Bearing Fault Detection,10.1109/TIM.2021.3072131,Article,2021,70,,"Huang, Xin; Wen, Guangrui; Dong, Shuzhi; Zhou, Haoxuan; Lei, Zihao; Zhang, Zhifen; Chen, Xuefeng",0018-9456,Anomaly detection| condition monitoring| frequency-domain analysis| machine learning| rolling bearings
89,WOS:000887754200001,A Catalogue of Machine Learning Algorithms for Healthcare Risk Predictions,10.3390/s22228615,Article,2022,22,22,"Mavrogiorgou, Argyro; Kiourtis, Athanasios; Kleftakis, Spyridon; Mavrogiorgos, Konstantinos; Zafeiropoulos, Nikolaos; Kyriazis, Dimosthenis",,data analysis| machine learning| catalogue| supervised learning| prediction| healthcare
90,WOS:000610242100004,"Study protocol for a prospective, double-blinded, observational study investigating the diagnostic accuracy of an app-based diagnostic health care application in an emergency room setting: the eRadaR trial",10.1136/bmjopen-2020-041396,Article,2021,11,1,"Faqar-Uz-Zaman, S. Fatima; Filmann, Natalie; Mahkovic, Dora; von Wagner, Michael; Detemble, Charlotte; Kippke, Ulf; Marschall, Ursula; Anantharajah, Luxia; Baumartz, Philipp; Sobotta, Paula; Bechstein, Wolf O.; Schnitzbauer, Andreas A.",2044-6055,accident &amp| emergency medicine| adult gastroenterology| adult surgery
91,WOS:001429684200001,RTACompensator: Leveraging AraBERT and XGBoost for Automated Road Accident Compensation,10.3390/asi8010019,Article,2025,8,1,"El Moussaoui, Taoufiq; Karim, Awatif; Loqman, Chakir; Boumhidi, Jaouad",,road traffic accidents| indemnification| part of responsibility| XGBoost| AraBERT| data augmentation| Gemini
92,WOS:000491302000013,Artificial Neural Network Learns Clinical Assessment of Spasticity in Modified Ashworth Scale,10.1016/j.apmr.2019.03.016,Article,2019,100,10,"Park, Jeong-Ho; Kim, Yushin; Lee, Kwang-Jae; Yoon, Yong-Soon; Kang, Si Hyun; Kim, Heesang; Park, Hyung-Soon",0003-9993,
93,WOS:000629413700001,Prediction Models for AKI in ICU: A Comparative Study,10.2147/IJGM.S289671,Article,2021,14,,"Qian, Qing; Wu, Jinming; Wang, Jiayang; Sun, Haixia; Yang, Lei",,acute kidney injury| intensive care unit| prediction models| machine learning| deep learning
94,WOS:000683415800001,"A riddle, wrapped in a mystery, inside an enigma: How semantic black boxes and opaque artificial intelligence confuse medical decision-making",10.1111/bioe.12924,Article,2022,36,2,"Pierce, Robin; Sterckx, Sigrid; Van Biesen, Wim",0269-9702,algorithms| clinical care| decision support| e-alerts| medical AI| medical semantics
95,WOS:000900592000001,Identifying Patients at Risk of Acute Kidney Injury among Patients Receiving Immune Checkpoint Inhibitors: A Machine Learning Approach,10.3390/diagnostics12123157,Article,2022,12,12,"Yu, Xiang; Wu, Rilige; Ji, Yuwei; Huang, Mengjie; Feng, Zhe",,immune checkpoint inhibitors| acute kidney injury| machine learning| predictive models
96,WOS:001029802200001,Artificial Intelligence in Pediatric Nephrology-A Call for Action,10.1053/j.akdh.2022.11.001,Article,2023,30,1,"Filler, Guido; Gipson, Debbie S.; Iyamuremye, Didier; de Ferris, Maria Esther Diaz Gonzalez",2949-8147,Key Words| Urinary tract infections| Acute kidney injury| Artificial intelligence| Vancomycin| Dialysis dry weight
97,WOS:001048205000001,Discrepancy between perceptions and acceptance of clinical decision support Systems: implementation of artificial intelligence for vancomycin dosing,10.1186/s12911-023-02254-9,Article,2023,23,1,"Liu, Xinyan; Barreto, Erin F. F.; Dong, Yue; Liu, Chang; Gao, Xiaolan; Tootooni, Mohammad Samie; Song, Xuan; Kashani, Kianoush B. B.",,Artificial intelligence| Qualitative study| Implementation science| Acute kidney injury| Drug dosing
98,WOS:001064782100001,Brain injury mobile diagnostic system: Applications in civilian medical service and on the battlefield-General concept and medical aspects,10.1002/jcu.23545,Article,2023,51,9,"Kazmierski, Radoslaw",0091-2751,decision support system| emergency medical service| military medical service| stroke| thrombolytic therapy| tomography| traumatic brain injury| ultrasound
99,WOS:001429684200001,RTACompensator: Leveraging AraBERT and XGBoost for Automated Road Accident Compensation,10.3390/asi8010019,Article,2025,8,1,"El Moussaoui, Taoufiq; Karim, Awatif; Loqman, Chakir; Boumhidi, Jaouad",,road traffic accidents| indemnification| part of responsibility| XGBoost| AraBERT| data augmentation| Gemini
100,WOS:001483223300001,Decision Trees for Managing Impaired Physical Mobility in Multiple Trauma Patients,10.1111/jan.17010,"Article,Early Access",2025,,,"Ferreira, Raisa Camilo; Dunn-Lopez, Karen; Moorhead, Sue; Krupp, Anna; Zuchatti, Bruna Valentina; Carvalho, Luciana Aparecida Costa; Botelho, Micneias Tatiana de Souza Lacerda; Duran, Erika Christiane Marocco",0309-2402,artificial intelligence| clinical decision-making| decision trees| electronic health records| multiple trauma| standardised nursing terminology
101,WOS:001528487700001,A model to simulate human cardio-respiratory responses to different fluid resuscitation treatments after hemorrhagic injury,10.3389/fphys.2025.1613874,Article,2025,16,,"Kurian, Varghese; Jin, Xin; Nagaraja, Sridevi; Wallqvist, Anders; Reifman, Jaques",,cardiovascular system| mathematical model| hemorrhage| resuscitation fluid types| oxygen delivery| transcapillary fluid exchange
102,WOS:000609244100009,THE STRANGE CASE OF DR. WATSON: LIABILITY IMPLICATIONS OF AI EVIDENCE-BASED DECISION SUPPORT SYSTEMS IN HEALTH CARE,10.2924/EJLS.2019.028,Article,2020,12,2,"Lagioia, Francesca; Contissa, Giuseppe",,Artificial Intelligence| Clinical Decision Support Systems| Liability and Automation
103,WOS:000635089700013,A retrospective study on the effectiveness of Artificial Intelligence-based Clinical Decision Support System (AI-CDSS) to improve the incidence of hospital-related venous thromboembolism (VTE),10.21037/atm-21-1093,Article,2021,9,6,"Zhou, Shuai; Ma, Xudong; Jiang, Songyi; Huang, Xiaoyan; You, Yi; Shang, Hanbing; Lu, Yong",2305-5839,China| venous thromboembolism (VTE)| a retrospective study| artificial intelligence-based clinical decision support system (AI-CDSS)| hospitalization rate
104,WOS:000730572400001,Medicine-Based Evidence in Congenital Heart Disease: How Artificial Intelligence Can Guide Treatment Decisions for Individual Patients,10.3389/fcvm.2021.798215,Article,2021,8,,"van den Eynde, Jef; Manlhiot, Cedric; van de Bruaene, Alexander; Diller, Gerhard-Paul; Frangi, Alejandro F.; Budts, Werner; Kutty, Shelby",2297-055X,artificial intelligence| congenital heart disease| deep learning| evidence-based medicine| personalized medicine| randomized controlled trial
105,WOS:000766169300002,Identification of data elements for blood gas analysis dataset: a base for developing registries and artificial intelligence-based systems,10.1186/s12913-022-07706-y,Article,2022,22,1,"Zare, Sahar; Meidani, Zahra; Ouhadian, Maryam; Akbari, Hosein; Zand, Farid; Fakharian, Esmaeil; Sharifian, Roxana",,Blood gas analysis| Databases| Information science| Artificial intelligence| Clinical decision-making
106,WOS:000854080300024,"Acceptance, Barriers, and Facilitators to Implementing Artificial Intelligence-Based Decision Support Systems in Emergency Departments: Quantitative and Qualitative Evaluation",10.2196/36501,Article,2022,6,6,"Fujimori, Ryo; Liu, Keibun; Soeno, Shoko; Naraba, Hiromu; Ogura, Kentaro; Hara, Konan; Sonoo, Tomohiro; Ogura, Takayuki; Nakamura, Kensuke; Goto, Tadahiro",,clinical decision support system| preimplementation| qualitative| mixed methods| artificial intelligence| emergency medicine| CDSS| computerized decision| computerized decision support system| AI| AI-based| CFIR| quantitative analysis
107,WOS:000927952300001,Impacting Management of Chronic Kidney Disease Through Primary Care Practice Audits: A Quality Improvement Study,10.1177/20543581221144840,Article,2022,9,,"Mosa, Alexander I.; Watts, Don; Tangri, Navdeep",,kidney failure risk equation| risk stratification| EHR| clinical decision support software| quality improvement
108,WOS:001108929300001,Heart failure patients monitoring using IoT-based remote monitoring system,10.1038/s41598-023-46322-6,Article,2023,13,1,"Umer, Muhammad; Aljrees, Turki; Karamti, Hanen; Ishaq, Abid; Alsubai, Shtwai; Omar, Marwan; Bashir, Ali Kashif; Ashraf, Imran",2045-2322,
109,WOS:001187843400001,Heart Failure: Recent Advances and Breakthroughs,10.1016/j.disamonth.2023.101634,Article,2024,70,2,"Sebastian, Sneha Annie; Co, Edzel Lorraine; Mahtani, Arun; Padda, Inderbir; Anam, Mahvish; Mathew, Swapna Susan; Shahzadi, Ayesha; Niazi, Maha; Pawar, Shubhadarshini; Johal, Gurpreet",0011-5029,Heart failure| Pharmacotherapy| Precision medicine| AI| Guideline-directed medical therapy| Vericiguat| HFrEF
110,WOS:001253420300001,TrajVis: a visual clinical decision support system to translate artificial intelligence trajectory models in the precision management of chronic kidney disease,10.1093/jamia/ocae158,Article,2024,31,11,"Li, Zuotian; Liu, Xiang; Tang, Ziyang; Jin, Nanxin; Zhang, Pengyue; Eadon, Michael T.; Song, Qianqian; Chen, Yingjie, V; Su, Jing",1067-5027,visual analytics| electronic medical records| disease trajectory| graph artificial intelligence
111,WOS:001256816700001,"Development of a Simple Scoring System for Predicting Discharge Safety from the Medical ICU to Low-Acuity Wards: The Role of the Sequential Organ Failure Assessment Score, Albumin, and Red Blood Cell Distribution Width",10.3390/jpm14060643,Article,2024,14,6,"Seol, Chang Hwan; Sung, Min Dong; Chang, Shihwan; Yoon, Bo Ra; Roh, Yun Ho; Park, Ji Eun; Chung, Kyung Soo",,intensive care unit| discharge| prediction| SOFA| albumin| red cell distribution width
112,WOS:000406362700009,Predicting diabetes mellitus using SMOTE and ensemble machine learning approach: The Henry Ford ExercIse Testing (FIT) project,10.1371/journal.pone.0179805,Article,2017,12,7,"Alghamdi, Manal; Al-Mallah, Mouaz; Keteylan, Steven; Brawner, Clinton; Ehrman, Jonathan; Sakr, Sherif",,
113,WOS:000855778400050,Application of Machine Learning for COVID-19 Data Analysis,10.47750/pnr.2022.13.03.053,Article,2022,13,3,"Shinde-Pawar, Manisha; Pujari, Rajendra; Mujawar, Ayesha; Shah, Alok; Gala, Deepali; Patil, Bhaskar",0976-9234,COVID 19| Dominance Analysis| Fuzzy Logic| Machine Learning
114,WOS:000895981700004,Systemic cytokines and GlycA discriminate disease status and predict corticosteroid response in HTLV-1-associated neuroinflammation,10.1186/s12974-022-02658-w,Article,2022,19,1,"Assone, Tatiane; Menezes, Soraya Maria; Goncalves, Fernanda de Toledo; Folgosi, Victor Angelo; Prates, Gabriela da Silva; Dierckx, Tim; Braz, Marcos; Smid, Jerusa; Haziot, Michel E.; Marcusso, Rosa M. N.; Dahy, Flavia E.; Vanderlinden, Evelien; Claes, Sandra; Schols, Dominique; Bruhn, Roberta; Murphy, Edward L.; Penalva de Oliveira, Augusto Cesar; Daelemans, Dirk; Vercauteren, Jurgen; Casseb, Jorge; Van Weyenbergh, Johan",,HTLV-1| HAM| TSP| Cytokines| Inflammation| Corticosteroids
115,WOS:001529950500015,A hybrid fog-edge computing architecture for real-time health monitoring in IoMT systems with optimized latency and threat resilience,10.1038/s41598-025-09696-3,Article,2025,15,1,"Islam, Umar; Alatawi, Mohammed Naif; Alqazzaz, Ali; Alamro, Sulaiman; Shah, Babar; Moreira, Fernando",2045-2322,Fog computing| Edge computing| Internet of medical things (IoMT)| Latency reduction| Data security
116,WOS:001601199100002,Evaluation of postoperative bleeding risk after dental extractions in patients on antithrombotic medication: A comparison of machine learning and clinical experience,10.1007/s00784-025-06590-0,Article,2025,29,11,"Katz, Marie Sophie; Mahlow, Orian Nathan; Benidamou, Rajae; Ooms, Mark; Heitzer, Marius; Elvers, Dirk; Holzle, Frank; Modabber, Ali",1432-6981,Postoperative bleeding| Antiplatelet therapy| Oral anticoagulation| Dental extraction| Machine learning algorithm
117,WOS:000595974400001,Crash Severity Prediction Using Two-Layer Ensemble Machine Learning Model for Proactive Emergency Management,10.1109/ACCESS.2020.3040165,Article,2020,8,,"Mansoor, Umer; Ratrout, Nedal T.; Rahman, Seyd Masiur; Assi, Khaled",2169-3536,Accidents| Roads| Predictive models| Computer crashes| Adaptation models| Mathematical model| Radio frequency| Emergency treatment| machine learning| principal component analysis| road intersections| two-layer ensemble model
118,WOS:000886954300001,Cloud-based deep learning-assisted system for diagnosis of sports injuries,10.1186/s13677-022-00355-w,Article,2022,11,1,"Wu, Xiaoe; Zhou, Jincheng; Zheng, Maoxing; Chen, Shanwei; Wang, Dan; Anajemba, Joseph; Zhang, Guangnan; Abdelhaq, Maha; Alsaqour, Raed; Uddin, Mueen",,Deep Learning| Sports Injury| Prediction| Sports| Cloud Computing| Internet of Things (IoT)
119,WOS:000970044200037,"Classification of truck-involved crash severity: Dealing with missing, imbalanced, and high dimensional safety data",10.1371/journal.pone.0281901,Article,2023,18,3,"Mohammadpour, Seyed Iman; Khedmati, Majid; Zada, Mohammad Javad Hassan",1932-6203,
120,WOS:001297369000002,Intelligent Data Transfer Technique for 6G Cyber Physical Model Enabled Teaching System,10.1007/s11277-024-11219-8,"Article,Early Access",2024,,,"Wang, Zhaozhi; Wu, Yanni; Wang, Huanjun",0929-6212,Cloud to thing| Deep learning model| Sport injuries diagnosis| Internet of things (IoT)| Prediction
121,WOS:000349378000005,Transforming Hospital Emergency Department Workflow and Patient Care,10.1287/inte.2014.0788,Article,2015,45,1,"Lee, Eva K.; Atallah, Hany Y.; Wright, Michael D.; Post, Eleanor T.; Thomas, Calvin; Wu, Daniel T.; Haley, Leon L., Jr.",0092-2102,systems transformation| systems optimization| machine learning| multiple-resource allocation| mixed-integer program| simulation| decision support| emergency department| acuity level| length of stay| readmission| operations efficiency
122,WOS:000450331700007,Predicting suicide attempts in adolescents with longitudinal clinical data and machine learning,10.1111/jcpp.12916,Article,2018,59,12,"Walsh, Colin G.; Ribeiro, Jessica D.; Franklin, Joseph C.",0021-9630,Suicide| attempted| adolescent| machine learning| decision support techniques| electronic health records
123,WOS:000448819000030,Derivation and Validation of Machine Learning Approaches to Predict Acute Kidney Injury after Cardiac Surgery,10.3390/jcm7100322,Article,2018,7,10,"Lee, Hyung-Chul; Yoon, Hyun-Kyu; Nam, Karam; Cho, Youn Joung; Kim, Tae Kyong; Kim, Won Ho; Bahk, Jae-Hyon",,acute kidney injury| cardiovascular surgery| machine learning
124,WOS:000570057700007,Constructing Inpatient Pressure Injury Prediction Models Using Machine Learning Techniques,10.1097/CIN.0000000000000604,Article,2020,38,8,"Hu, Ya-Han; Lee, Yi-Lien; Kang, Ming-Feng; Lee, Pei-Ju",1538-2931,Classification technique| Inpatient pressure injury| Machine learning| Pressure injury risk assessment
125,WOS:000576958200002,Using machine learning methods to predict in-hospital mortality of sepsis patients in the ICU,10.1186/s12911-020-01271-2,Article,2020,20,1,"Kong, Guilan; Lin, Ke; Hu, Yonghua",,Intensive care unit| Sepsis| Prediction model| Machine learning| In-hospital mortality
126,WOS:000583556200001,A New Real Time Clinical Decision Support System Using Machine Learning for Critical Care Units,10.1109/ACCESS.2020.3030031,Article,2020,8,,"El-Ganainy, Noha Ossama; Balasingham, Ilangko; Halvorsen, Per Steinar; Rosseland, Leiv Arne",2169-3536,Real-time systems| Decision support systems| Machine learning| Support vector machines| Radio frequency| Machine learning algorithms| Training| Clinical decision support| classification| hierarchical temporal memory (HTM)| long short-term memory (LSTM)| machine learning| real time prediction
127,WOS:000582501700007,Using machine learning to improve our understanding of injury risk and prediction in elite male youth football players,10.1016/j.jsams.2020.04.021,Article,2020,23,11,"Oliver, Jon L.; Ayala, Francisco; de Ste Croix, Mark B. A.; Lloyd, Rhodri S.; Myer, Greg D.; Read, Paul J.",1440-2440,Neuromuscular| Screen| Prospective| Binary logistic regression
128,WOS:000595974400001,Crash Severity Prediction Using Two-Layer Ensemble Machine Learning Model for Proactive Emergency Management,10.1109/ACCESS.2020.3040165,Article,2020,8,,"Mansoor, Umer; Ratrout, Nedal T.; Rahman, Seyd Masiur; Assi, Khaled",2169-3536,Accidents| Roads| Predictive models| Computer crashes| Adaptation models| Mathematical model| Radio frequency| Emergency treatment| machine learning| principal component analysis| road intersections| two-layer ensemble model
129,WOS:000639399600014,Predicting the Outcome of Limb Revascularization in Patients With Lower-extremity Arterial Trauma <i>Development and External Validation of a Supervised Machine-learning Algorithm to Support Surgical Decisions</i>,10.1097/SLA.0000000000004132,Article,2020,272,4,"Perkins, Zane B.; Yet, Barbaros; Sharrock, Anna; Rickard, Rory; Marsh, William; Rasmussen, Todd E.; Tai, Nigel R. M.",0003-4932,decision-support| lower-extremity arterial trauma| risk prediction
130,WOS:000648278400001,A hierarchical expert-guided machine learning framework for clinical decision support systems: an application to traumatic brain injury prognostication,10.1038/s41746-021-00445-0,Article,2021,4,1,"Farzaneh, Negar; Williamson, Craig A.; Gryak, Jonathan; Najarian, Kayvan",2398-6352,
131,WOS:000359789800004,"From Data to Optimal Decision Making: A Data-Driven, Probabilistic Machine Learning Approach to Decision Support for Patients With Sepsis",10.2196/medinform.3445,Article,2015,3,1,"Tsoukalas, Athanasios; Albertson, Timothy; Tagkopoulos, Ilias",,sepsis| clinical decision support tool| probabilistic modeling| Partially Observable Markov Decision Processes| POMDP| CDSS
132,WOS:000406362700009,Predicting diabetes mellitus using SMOTE and ensemble machine learning approach: The Henry Ford ExercIse Testing (FIT) project,10.1371/journal.pone.0179805,Article,2017,12,7,"Alghamdi, Manal; Al-Mallah, Mouaz; Keteylan, Steven; Brawner, Clinton; Ehrman, Jonathan; Sakr, Sherif",,
133,WOS:000418837400001,Comparison of machine learning techniques to predict all-cause mortality using fitness data: the Henry ford exercIse testing (FIT) project,10.1186/s12911-017-0566-6,Article,2017,17,,"Sakr, Sherif; Elshawi, Radwa; Ahmed, Amjad M.; Qureshi, Waqas T.; Brawner, Clinton A.; Keteyian, Steven J.; Blaha, Michael J.; Al-Mallah, Mouaz H.",,FIT (Henry ford ExercIse testing) project| All-cause mortality| Machine learning
134,WOS:000443700300001,Improvement of Adequate Digoxin Dosage: An Application of Machine Learning Approach,10.1155/2018/3948245,Article,2018,2018,,"Hu, Ya-Han; Tai, Chun-Tien; Tsai, Chih-Fong; Huang, Min-Wei",2040-2295,
135,WOS:000445217700003,Femur segmentation in DXA imaging using a machine learning decision tree,10.3233/XST-180399,Article,2018,26,5,"Hussain, Dildar; Al-antari, Mugahed A.; Al-masni, Mohammed A.; Han, Seung-Moo; Kim, Tae-Seong",0895-3996,Dual-energy X-ray absorptiometry (DXA)| osteoporosis| decision tree| segmentation| feature extraction| feature selection| non-local means filter| mathematical morphology
136,WOS:000448819000030,Derivation and Validation of Machine Learning Approaches to Predict Acute Kidney Injury after Cardiac Surgery,10.3390/jcm7100322,Article,2018,7,10,"Lee, Hyung-Chul; Yoon, Hyun-Kyu; Nam, Karam; Cho, Youn Joung; Kim, Tae Kyong; Kim, Won Ho; Bahk, Jae-Hyon",,acute kidney injury| cardiovascular surgery| machine learning
137,WOS:000453781600001,A Hybrid Intelligent System Framework for the Prediction of Heart Disease Using Machine Learning Algorithms,10.1155/2018/3860146,Article,2018,2018,,"Ul Haq, Amin; Li, Jian Ping; Memon, Muhammad Hammad; Nazir, Shah; Sun, Ruinan",1574-017X,
138,WOS:000483686800001,Predictive models for bariatric surgery risks with imbalanced medical datasets,10.1007/s10479-019-03156-8,Article,2019,280,1-2,"Razzaghi, Talayeh; Safro, Ilya; Ewing, Joseph; Sadrfaridpour, Ehsan; Scott, John D.",0254-5330,Imbalanced data| Risk prediction| Clinical decision support| Bariatric surgery
139,WOS:000487778700001,Predicting early risk of chronic kidney disease in cats using routine clinical laboratory tests and machine learning,10.1111/jvim.15623,Article,2019,33,6,"Bradley, Richard; Tagkopoulos, Ilias; Kim, Minseung; Kokkinos, Yiannis; Panagiotakos, Theodoros; Kennedy, James; De Meyer, Geert; Watson, Phillip; Elliott, Jonathan",0891-6640,artificial neural network| computer model| feline| machine learning| renal
140,WOS:000527943400001,Prognosis Analysis of Heart Failure Based on Recurrent Attention Model,10.1016/j.irbm.2019.08.002,Article,2020,41,2,"Gong, J.; Bai, X.; Li, D-a; Zhao, J.; Li, X.",1959-0318,Heart failure| Recurrent attention model| Prognosis
141,WOS:000872446600001,Barriers and Opportunities Regarding Implementation of a Machine Learning-Based Acute Heart Failure Risk Stratification Tool in the Emergency Department,10.3390/diagnostics12102463,Article,2022,12,10,"Sax, Dana R.; Sturmer, Lillian R.; Mark, Dustin G.; Rana, Jamal S.; Reed, Mary E.",,emergency medicine| acute heart failure| risk stratification| clinical decision support| machine learning| predictive models| qualitative research| implementation| workflow integration
142,WOS:001390006800002,Advancing a machine learning-based decision support tool for pre-hospital assessment of dyspnoea by emergency medical service clinicians: a retrospective observational study,10.1186/s12873-024-01166-9,Article,2025,25,1,"Kauppi, Wivica; Imberg, Henrik; Herlitz, Johan; Molin, Oskar; Axelsson, Christer; Magnusson, Carl",1471-227X,Dyspnoea| Serious adverse event| Prehospital| Ambulance| Emergency medical services| Machine learning| Decision support tool
143,WOS:000790060700001,Potential for Machine Learning in Burn Care,10.1093/jbcr/irab189,Article,2022,43,3,"Robb, Lydia",1559-047X,
144,WOS:000875833500011,A pressure ulcers assessment system for diagnosis and decision making using convolutional neural networks,10.1016/j.jfma.2022.04.010,Article,2022,121,11,"Liu, Tom J.; Christian, Mesakh; Chu, Yuan -Chia; Chen, Yu -Chun; Chang, Che-Wei; Lai, Feipei; Tai, Hao-Chih",0929-6646,Artificial intelligence| Deep learning| Convolutional neural network| Pressure ulcer| Pressure injury
145,WOS:000388516100001,Predictors of in-hospital mortality following major lower extremity amputations in type 2 diabetic patients using artificial neural networks,10.1186/s12874-016-0265-5,Article,2016,16,,"Lopez-de-Andres, Ana; Hernandez-Barrera, Valentin; Lopez, Roberto; Martin-Junco, Pablo; Jimenez-Trujillo, Isabel; Alvaro-Meca, Alejandro; Salinero-Fort, Miguel Angel; Jimenez-Garcia, Rodrigo",,Major lower extremity amputation| Type 2 diabetes| Charlson Comorbidity Index| Elixhauser Comorbidity Index| In-hospital mortality| Artificial neural networks
146,WOS:000449561400014,An improved support vector machine-based diabetic readmission prediction,10.1016/j.cmpb.2018.10.012,Article,2018,166,,"Cui, Shaoze; Wang, Dujuan; Wang, Yanzhang; Yu, Pay-Wen; Jin, Yaochu",0169-2607,Hospital readmission| Diabetes| Support vector machine| Synthetic minority over-sampling| Feature selection
147,WOS:000462068200013,Predicting the Readmission of Heart Failure Patients through Data Analytics,10.1142/S0219649219500126,Article,2019,18,1,"Sohrabi, Babak; Vanani, Iman Raeesi; Gooyavar, Amirsahand; Naderi, Nasim",0219-6492,Data mining| classification algorithms| heart failure| healthcare analytics| decision support systems| readmission| re-hospitalization| expert cardiologist| factor importance
148,WOS:000479317700011,Identifying mortality risk factors amongst acute coronary syndrome patients admitted to Arabian Gulf hospitals using machine-learning methods,10.1111/exsy.12413,Article,2019,36,4,"Raza, Syed Asif; Thalib, Lukman; Al Suwaidi, Jassim; Sulaiman, Kadhim; Almahmeed, Wael; Amin, Haitham; AlHabib, Khalid F.",0266-4720,acute coronary syndrome (ACS)| decision tree| fuzzy c-mean clustering| Global Registry of Acute Coronary Events (GRACE) risk score| imbalance data| information fusion| logistic regression| machine learning| mortality| Naive Bayes| neural networks| predictive analytics| support-vector machine
149,WOS:000488603600127,Electrocardiographic Fragmented Activity (II): A Machine Learning Approach to Detection,10.3390/app9173565,Article,2019,9,17,"Melgarejo-Meseguer, Francisco-Manuel; Gimeno-Blanes, Francisco-Javier; Salar-Alcaraz, Maria-Eladia; Gimeno-Blanes, Juan-Ramon; Martinez-Sanchez, Juan; Garcia-Alberola, Arcadi; Luis Rojo-Alvarez, Jose",,ECG| fragmentation detection| multivariate techniques| fibrosis detection| machine learning
150,WOS:000576353200003,Machine learning-based classification and diagnosis of clinical cardiomyopathies,10.1152/physiolgenomics.00063.2020,Article,2020,52,9,"Alimadadi, Ahmad; Manandhar, Ishan; Aryal, Sachin; Munroe, Patricia B.; Joe, Bina; Cheng, Xi",1094-8341,artificial intelligence| cardiomyopathy| heart failure| machine learning| transcriptome
151,WOS:000675408600009,Supervised classification techniques for prediction of mortality in adult patients with sepsis,10.1016/j.ajem.2020.09.013,Article,2021,45,,"Rodriguez, Andres; Mendoza, Deibie; Ascuntar, Johana; Jaimes, Fabian",0735-6757,Sepsis| In-hospital mortality| Artificial neural networks| Vector support machines| Random Forest
152,WOS:000771196600083,Optimally organized GRU-deep learning model with Chi<SUP>2</SUP> feature selection for heart disease prediction,10.3233/JIFS-212438,Article,2022,42,4,"Javid, Irfan; Alsaedi, Ahmed Khalaf Zager; Ghazali, Rozaida; Hassim, Yana Mazwin Mohmad; Zulqarnain, Muhammad",1064-1246,Gated recurrent unit| heart disease| overfitting| underfitting| feature selection
153,WOS:000998428700025,Classifying COVID-19 Patients From Chest X-ray Images Using Hybrid Machine Learning Techniques: Development and Evaluation,10.2196/42324,Article,2023,7,,"Phumkuea, Thanakorn; Wongsirichot, Thakerng; Damkliang, Kasikrit; Navasakulpong, Asma",,COVID-19| machine learning| medical informatics| coronavirus| diagnosis| model| detection| healthy| unhealthy| public| usage| data| database| accuracy| development| x-ray| imaging
154,WOS:001483370200012,Research progress of artificial intelligence in the clinical diagnosis and treatment of hematological diseases,10.1360/TB-2024-1190,Article,2025,70,12,"Zhang, Liqian; An, Zhuoyu; Cui, Lijuan; Li, Wenqian; Zhang, Xiaohui",0023-074X,blood diseases| artificial intelligence| machine learning| clinical diagnosis and treatment
155,WOS:000491302000013,Artificial Neural Network Learns Clinical Assessment of Spasticity in Modified Ashworth Scale,10.1016/j.apmr.2019.03.016,Article,2019,100,10,"Park, Jeong-Ho; Kim, Yushin; Lee, Kwang-Jae; Yoon, Yong-Soon; Kang, Si Hyun; Kim, Heesang; Park, Hyung-Soon",0003-9993,
156,WOS:000619607900005,"Comparison of an Artificial Intelligence-Enabled Patient Decision Aid vs Educational Material on Decision Quality, Shared Decision-Making, Patient Experience, and Functional Outcomes in Adults With Knee Osteoarthritis A Randomized Clinical Trial",10.1001/jamanetworkopen.2020.37107,Article,2021,4,2,"Jayakumar, Prakash; Moore, Meredith G.; Furlough, Kenneth A.; Uhler, Lauren M.; Andrawis, John P.; Koenig, Karl M.; Aksan, Nazan; Rathouz, Paul J.; Bozic, Kevin J.",2574-3805,
157,WOS:000629413700001,Prediction Models for AKI in ICU: A Comparative Study,10.2147/IJGM.S289671,Article,2021,14,,"Qian, Qing; Wu, Jinming; Wang, Jiayang; Sun, Haixia; Yang, Lei",,acute kidney injury| intensive care unit| prediction models| machine learning| deep learning
158,WOS:000683415800001,"A riddle, wrapped in a mystery, inside an enigma: How semantic black boxes and opaque artificial intelligence confuse medical decision-making",10.1111/bioe.12924,Article,2022,36,2,"Pierce, Robin; Sterckx, Sigrid; Van Biesen, Wim",0269-9702,algorithms| clinical care| decision support| e-alerts| medical AI| medical semantics
159,WOS:000737118300001,Does Artificial Intelligence Make Clinical Decision Better? A Review of Artificial Intelligence and Machine Learning in Acute Kidney Injury Prediction,10.3390/healthcare9121662,Article,2021,9,12,"Lee, Tao Han; Chen, Jia-Jin; Cheng, Chi-Tung; Chang, Chih-Hsiang",,artificial intelligence| machine learning| acute kidney injury| prediction model
160,WOS:000900592000001,Identifying Patients at Risk of Acute Kidney Injury among Patients Receiving Immune Checkpoint Inhibitors: A Machine Learning Approach,10.3390/diagnostics12123157,Article,2022,12,12,"Yu, Xiang; Wu, Rilige; Ji, Yuwei; Huang, Mengjie; Feng, Zhe",,immune checkpoint inhibitors| acute kidney injury| machine learning| predictive models
161,WOS:000932963600001,Development of artificial intelligence-based clinical decision support system for diagnosis of meniscal injury using magnetic resonance images,10.1016/j.bspc.2022.104523,Article,2023,82,,"Chou, Yi-Ting; Lin, Ching-Ting; Chang, Ting-An; Wu, Ya-Lun; Yu, Cheng-En; Ho, Tsung-Yu; Chen, Hui-Yi; Hsu, Kai-Cheng; Lee, Oscar Kuang-Sheng",1746-8094,Artificial Intelligence| Magnetic Resonance Imaging| Meniscal tear diagnosis| Arthroscopy| Knee
162,WOS:000952044200007,"Development and training of a machine learning algorithm to identify patients at risk for recurrence following an arthroscopic Bankart repair (CLEARER): protocol for a retrospective, multicentre, cohort study",10.1136/bmjopen-2021-055346,Article,2022,12,9,"van Spanning, Sanne H.; Verweij, Lukas P. E.; Allaart, Laurens J. H.; Hendrickx, Laurent A. M.; Doornberg, Job N.; Athwal, George S.; Lafosse, Thibault; Lafosse, Laurent; van den Bekerom, Michel P. J.; Buijze, Geert Alexander",2044-6055,Adult orthopaedics| Elbow & shoulder| Shoulder
163,WOS:001029802200001,Artificial Intelligence in Pediatric Nephrology-A Call for Action,10.1053/j.akdh.2022.11.001,Article,2023,30,1,"Filler, Guido; Gipson, Debbie S.; Iyamuremye, Didier; de Ferris, Maria Esther Diaz Gonzalez",2949-8147,Key Words| Urinary tract infections| Acute kidney injury| Artificial intelligence| Vancomycin| Dialysis dry weight
164,WOS:001048205000001,Discrepancy between perceptions and acceptance of clinical decision support Systems: implementation of artificial intelligence for vancomycin dosing,10.1186/s12911-023-02254-9,Article,2023,23,1,"Liu, Xinyan; Barreto, Erin F. F.; Dong, Yue; Liu, Chang; Gao, Xiaolan; Tootooni, Mohammad Samie; Song, Xuan; Kashani, Kianoush B. B.",,Artificial intelligence| Qualitative study| Implementation science| Acute kidney injury| Drug dosing
165,WOS:000524878800001,Artificial intelligence for the diagnosis of heart failure,10.1038/s41746-020-0261-3,Article,2020,3,1,"Choi, Dong-Ju; Park, Jin Joo; Ali, Taqdir; Lee, Sungyoung",2398-6352,
166,WOS:000595491300001,Organizational readiness for artificial intelligence in health care: insights for decision-making and practice,10.1108/JHOM-03-2020-0074,Article,2021,35,1,"Alami, Hassane; Lehoux, Pascale; Denis, Jean-Louis; Motulsky, Aude; Petitgand, Cecile; Savoldelli, Mathilde; Rouquet, Ronan; Gagnon, Marie-Pierre; Roy, Denis; Fortin, Jean-Paul",1477-7266,Artificial intelligence| Organizational readiness| Healthcare organizations| Health care delivery| Decision-making
167,WOS:000609244100009,THE STRANGE CASE OF DR. WATSON: LIABILITY IMPLICATIONS OF AI EVIDENCE-BASED DECISION SUPPORT SYSTEMS IN HEALTH CARE,10.2924/EJLS.2019.028,Article,2020,12,2,"Lagioia, Francesca; Contissa, Giuseppe",,Artificial Intelligence| Clinical Decision Support Systems| Liability and Automation
168,WOS:000635089700013,A retrospective study on the effectiveness of Artificial Intelligence-based Clinical Decision Support System (AI-CDSS) to improve the incidence of hospital-related venous thromboembolism (VTE),10.21037/atm-21-1093,Article,2021,9,6,"Zhou, Shuai; Ma, Xudong; Jiang, Songyi; Huang, Xiaoyan; You, Yi; Shang, Hanbing; Lu, Yong",2305-5839,China| venous thromboembolism (VTE)| a retrospective study| artificial intelligence-based clinical decision support system (AI-CDSS)| hospitalization rate
169,WOS:000647954500007,"Artificial intelligence-enabled electrocardiograms for identification of patients with low ejection fraction: a pragmatic, randomized clinical trial",10.1038/s41591-021-01335-4,Article,2021,27,5,"Yao, Xiaoxi; Rushlow, David R.; Inselman, Jonathan W.; McCoy, Rozalina G.; Thacher, Thomas D.; Behnken, Emma M.; Bernard, Matthew E.; Rosas, Steven L.; Akfaly, Abdulla; Misra, Artika; Molling, Paul E.; Krien, Joseph S.; Foss, Randy M.; Barry, Barbara A.; Siontis, Konstantinos C.; Kapa, Suraj; Pellikka, Patricia A.; Lopez-Jimenez, Francisco; Attia, Zachi I.; Shah, Nilay D.; Friedman, Paul A.; Noseworthy, Peter A.",1078-8956,
170,WOS:000726744200011,"Enhancing Diagnosis Through Technology Decision Support, Artificial Intelligence, and Beyond",10.1016/j.ccc.2021.08.004,Article,2022,38,1,"El-Kareh, Robert; Sittig, Dean F.",0749-0704,Clinical decision support| Diagnostic decision support| Data visualization| Clinical informatics
171,WOS:000730572400001,Medicine-Based Evidence in Congenital Heart Disease: How Artificial Intelligence Can Guide Treatment Decisions for Individual Patients,10.3389/fcvm.2021.798215,Article,2021,8,,"van den Eynde, Jef; Manlhiot, Cedric; van de Bruaene, Alexander; Diller, Gerhard-Paul; Frangi, Alejandro F.; Budts, Werner; Kutty, Shelby",2297-055X,artificial intelligence| congenital heart disease| deep learning| evidence-based medicine| personalized medicine| randomized controlled trial
172,WOS:000737118300001,Does Artificial Intelligence Make Clinical Decision Better? A Review of Artificial Intelligence and Machine Learning in Acute Kidney Injury Prediction,10.3390/healthcare9121662,Article,2021,9,12,"Lee, Tao Han; Chen, Jia-Jin; Cheng, Chi-Tung; Chang, Chih-Hsiang",,artificial intelligence| machine learning| acute kidney injury| prediction model
173,WOS:000766169300002,Identification of data elements for blood gas analysis dataset: a base for developing registries and artificial intelligence-based systems,10.1186/s12913-022-07706-y,Article,2022,22,1,"Zare, Sahar; Meidani, Zahra; Ouhadian, Maryam; Akbari, Hosein; Zand, Farid; Fakharian, Esmaeil; Sharifian, Roxana",,Blood gas analysis| Databases| Information science| Artificial intelligence| Clinical decision-making
174,WOS:000854080300024,"Acceptance, Barriers, and Facilitators to Implementing Artificial Intelligence-Based Decision Support Systems in Emergency Departments: Quantitative and Qualitative Evaluation",10.2196/36501,Article,2022,6,6,"Fujimori, Ryo; Liu, Keibun; Soeno, Shoko; Naraba, Hiromu; Ogura, Kentaro; Hara, Konan; Sonoo, Tomohiro; Ogura, Takayuki; Nakamura, Kensuke; Goto, Tadahiro",,clinical decision support system| preimplementation| qualitative| mixed methods| artificial intelligence| emergency medicine| CDSS| computerized decision| computerized decision support system| AI| AI-based| CFIR| quantitative analysis
175,WOS:000406362700009,Predicting diabetes mellitus using SMOTE and ensemble machine learning approach: The Henry Ford ExercIse Testing (FIT) project,10.1371/journal.pone.0179805,Article,2017,12,7,"Alghamdi, Manal; Al-Mallah, Mouaz; Keteylan, Steven; Brawner, Clinton; Ehrman, Jonathan; Sakr, Sherif",,
176,WOS:000471649100002,Understanding health management and safety decisions using signal processing and machine learning,10.1186/s12874-019-0756-2,Article,2019,19,,"Aufegger, Lisa; Bicknell, Colin; Soane, Emma; Ashrafian, Hutan; Darzi, Ara",,
177,WOS:000498634000026,Machine Learning to Predict the Risk of Incident Heart Failure Hospitalization Among Patients With Diabetes: The WATCH-DM Risk Score,10.2337/dc19-0587,Article,2019,42,12,"Segar, Matthew W.; Vaduganathan, Muthiah; Patel, Kershaw V.; McGuire, Darren K.; Butler, Javed; Fonarow, Gregg C.; Basit, Mujeeb; Kannan, Vaishnavi; Grodin, Justin L.; Everett, Brendan; Willett, Duwayne; Berry, Jarett; Pandey, Ambarish",0149-5992,
178,WOS:000895981700004,Systemic cytokines and GlycA discriminate disease status and predict corticosteroid response in HTLV-1-associated neuroinflammation,10.1186/s12974-022-02658-w,Article,2022,19,1,"Assone, Tatiane; Menezes, Soraya Maria; Goncalves, Fernanda de Toledo; Folgosi, Victor Angelo; Prates, Gabriela da Silva; Dierckx, Tim; Braz, Marcos; Smid, Jerusa; Haziot, Michel E.; Marcusso, Rosa M. N.; Dahy, Flavia E.; Vanderlinden, Evelien; Claes, Sandra; Schols, Dominique; Bruhn, Roberta; Murphy, Edward L.; Penalva de Oliveira, Augusto Cesar; Daelemans, Dirk; Vercauteren, Jurgen; Casseb, Jorge; Van Weyenbergh, Johan",,HTLV-1| HAM| TSP| Cytokines| Inflammation| Corticosteroids
179,WOS:001601199100002,Evaluation of postoperative bleeding risk after dental extractions in patients on antithrombotic medication: A comparison of machine learning and clinical experience,10.1007/s00784-025-06590-0,Article,2025,29,11,"Katz, Marie Sophie; Mahlow, Orian Nathan; Benidamou, Rajae; Ooms, Mark; Heitzer, Marius; Elvers, Dirk; Holzle, Frank; Modabber, Ali",1432-6981,Postoperative bleeding| Antiplatelet therapy| Oral anticoagulation| Dental extraction| Machine learning algorithm
180,WOS:000886954300001,Cloud-based deep learning-assisted system for diagnosis of sports injuries,10.1186/s13677-022-00355-w,Article,2022,11,1,"Wu, Xiaoe; Zhou, Jincheng; Zheng, Maoxing; Chen, Shanwei; Wang, Dan; Anajemba, Joseph; Zhang, Guangnan; Abdelhaq, Maha; Alsaqour, Raed; Uddin, Mueen",,Deep Learning| Sports Injury| Prediction| Sports| Cloud Computing| Internet of Things (IoT)
181,WOS:000970299200003,Predictors of spinal trauma care and outcomes in a resource-constrained environment: a decision tree analysis of spinal trauma surgery and outcomes in Tanzania,10.3171/2022.11.SPINE22763,Article,2023,38,4,"Leidinger, Andreas; Zuckerman, Scott L.; Feng, Yueqi; He, Yitian; Chen, Xinrui; Cheserem, Beverly; Gerber, Linda M.; Lessing, Noah L.; Shabani, Hamisi K.; Haertl, Roger; Mangat, Halinder S.",1547-5654,global surgery| spinal trauma| outcomes| machine learning| spine surgery
182,WOS:001297369000002,Intelligent Data Transfer Technique for 6G Cyber Physical Model Enabled Teaching System,10.1007/s11277-024-11219-8,"Article,Early Access",2024,,,"Wang, Zhaozhi; Wu, Yanni; Wang, Huanjun",0929-6212,Cloud to thing| Deep learning model| Sport injuries diagnosis| Internet of things (IoT)| Prediction
183,WOS:000349378000005,Transforming Hospital Emergency Department Workflow and Patient Care,10.1287/inte.2014.0788,Article,2015,45,1,"Lee, Eva K.; Atallah, Hany Y.; Wright, Michael D.; Post, Eleanor T.; Thomas, Calvin; Wu, Daniel T.; Haley, Leon L., Jr.",0092-2102,systems transformation| systems optimization| machine learning| multiple-resource allocation| mixed-integer program| simulation| decision support| emergency department| acuity level| length of stay| readmission| operations efficiency
184,WOS:000398829000001,Predicting Outcome 12 Months after Mild Traumatic Brain injury in Patients admitted to a neurosurgery service,10.3389/fneur.2017.00125,Article,2017,8,,"Hellstrom, Torgeir; Kaufmann, Tobias; Andelic, Nada; Soberg, Helene L.; Sigurdardottir, Solrun; Helseth, Eirik; Andreassen, Ole A.; Westlye, Lars T.",1664-2295,traumatic brain injury| cortical thickness| volumetric analysis| prediction| outcome
185,WOS:000450331700007,Predicting suicide attempts in adolescents with longitudinal clinical data and machine learning,10.1111/jcpp.12916,Article,2018,59,12,"Walsh, Colin G.; Ribeiro, Jessica D.; Franklin, Joseph C.",0021-9630,Suicide| attempted| adolescent| machine learning| decision support techniques| electronic health records
186,WOS:000498851100024,Prediction of cervical spine injury in young pediatric patients: an optimal trees artificial intelligence approach,10.1016/j.jpedsurg.2019.03.007,Article,2019,54,11,"Bertsimas, Dimitris; Masiakos, Peter T.; Mylonas, Konstantinos S.; Wiberg, Holly",0022-3468,Cervical spine trauma| Cervical spine injury| Artificial intelligence| Machine learning| Optimal classification trees
187,WOS:000510616700033,Identifying bladder rupture following traumatic pelvic fracture: A machine learning approach,,Article,2020,51,2,"Hertz, Alexandria M.; Hertz, Nicholas M.; Johnsen, Niels, V",0020-1383,Pelvic trauma| Bladder rupture| Machine learning| Urotrauma| Pelvic fracture
188,WOS:000576958200002,Using machine learning methods to predict in-hospital mortality of sepsis patients in the ICU,10.1186/s12911-020-01271-2,Article,2020,20,1,"Kong, Guilan; Lin, Ke; Hu, Yonghua",,Intensive care unit| Sepsis| Prediction model| Machine learning| In-hospital mortality
189,WOS:000579398500001,Evaluation of ML-Based Clinical Decision Support Tool to Replace an Existing Tool in an Academic Health System: Lessons Learned,10.3390/jpm10030104,Article,2020,10,3,"Woo, Myung; Alhanti, Brooke; Lusk, Sam; Dunston, Felicia; Blackwelder, Stephen; Lytle, Kay S.; Goldstein, Benjamin A.; Bedoya, Armando",,machine learning| artificial intelligence| prevention| intervention| pressure injury| falls| clinical decision support
190,WOS:000583556200001,A New Real Time Clinical Decision Support System Using Machine Learning for Critical Care Units,10.1109/ACCESS.2020.3030031,Article,2020,8,,"El-Ganainy, Noha Ossama; Balasingham, Ilangko; Halvorsen, Per Steinar; Rosseland, Leiv Arne",2169-3536,Real-time systems| Decision support systems| Machine learning| Support vector machines| Radio frequency| Machine learning algorithms| Training| Clinical decision support| classification| hierarchical temporal memory (HTM)| long short-term memory (LSTM)| machine learning| real time prediction
191,WOS:000664631600088,COVID-19 and the kidney: A retrospective analysis of 37 critically ill patients using machine learning,10.1371/journal.pone.0251932,Article,2021,16,5,"Herzog, Anna Laura; von Jouanne-Diedrich, Holger K.; Wanner, Christoph; Weismann, Dirk; Schlesinger, Tobias; Meybohm, Patrick; Stumpner, Jan",1932-6203,
192,WOS:000642335500014,Machine Learning in Aging: An Example of Developing Prediction Models for Serious Fall Injury in Older Adults,10.1093/gerona/glaa138,Article,2021,76,4,"Speiser, Jaime Lynn; Callahan, Kathryn E.; Houston, Denise K.; Fanning, Jason; Gill, Thomas M.; Guralnik, Jack M.; Newman, Anne B.; Pahor, Marco; Rejeski, W. Jack; Miller, Michael E.",1079-5006,Prediction modeling| Random forest| Decision tree| Decision support tool
193,WOS:000359789800004,"From Data to Optimal Decision Making: A Data-Driven, Probabilistic Machine Learning Approach to Decision Support for Patients With Sepsis",10.2196/medinform.3445,Article,2015,3,1,"Tsoukalas, Athanasios; Albertson, Timothy; Tagkopoulos, Ilias",,sepsis| clinical decision support tool| probabilistic modeling| Partially Observable Markov Decision Processes| POMDP| CDSS
194,WOS:000367480200005,A multi-layer monitoring system for clinical management of Congestive Heart Failure,10.1186/1472-6947-15-S3-S5,Article,2015,15,,"Guidi, Gabriele; Pollonini, Luca; Dacso, Clifford C.; Iadanza, Ernesto",,
195,WOS:000406362700009,Predicting diabetes mellitus using SMOTE and ensemble machine learning approach: The Henry Ford ExercIse Testing (FIT) project,10.1371/journal.pone.0179805,Article,2017,12,7,"Alghamdi, Manal; Al-Mallah, Mouaz; Keteylan, Steven; Brawner, Clinton; Ehrman, Jonathan; Sakr, Sherif",,
196,WOS:000443700300001,Improvement of Adequate Digoxin Dosage: An Application of Machine Learning Approach,10.1155/2018/3948245,Article,2018,2018,,"Hu, Ya-Han; Tai, Chun-Tien; Tsai, Chih-Fong; Huang, Min-Wei",2040-2295,
197,WOS:000445217700003,Femur segmentation in DXA imaging using a machine learning decision tree,10.3233/XST-180399,Article,2018,26,5,"Hussain, Dildar; Al-antari, Mugahed A.; Al-masni, Mohammed A.; Han, Seung-Moo; Kim, Tae-Seong",0895-3996,Dual-energy X-ray absorptiometry (DXA)| osteoporosis| decision tree| segmentation| feature extraction| feature selection| non-local means filter| mathematical morphology
198,WOS:000450509000004,Machine learning based decision support systems (DSS) for heart disease diagnosis: a review,10.1007/s10462-017-9552-8,Article,2018,50,4,"Safdar, Saima; Zafar, Saad; Zafar, Nadeem; Khan, Naurin Farooq",0269-2821,Machine learning| Decision support systems| Heart diseases| Clinical
199,WOS:000483686800001,Predictive models for bariatric surgery risks with imbalanced medical datasets,10.1007/s10479-019-03156-8,Article,2019,280,1-2,"Razzaghi, Talayeh; Safro, Ilya; Ewing, Joseph; Sadrfaridpour, Ehsan; Scott, John D.",0254-5330,Imbalanced data| Risk prediction| Clinical decision support| Bariatric surgery
200,WOS:000487778700001,Predicting early risk of chronic kidney disease in cats using routine clinical laboratory tests and machine learning,10.1111/jvim.15623,Article,2019,33,6,"Bradley, Richard; Tagkopoulos, Ilias; Kim, Minseung; Kokkinos, Yiannis; Panagiotakos, Theodoros; Kennedy, James; De Meyer, Geert; Watson, Phillip; Elliott, Jonathan",0891-6640,artificial neural network| computer model| feline| machine learning| renal
201,WOS:000498634000026,Machine Learning to Predict the Risk of Incident Heart Failure Hospitalization Among Patients With Diabetes: The WATCH-DM Risk Score,10.2337/dc19-0587,Article,2019,42,12,"Segar, Matthew W.; Vaduganathan, Muthiah; Patel, Kershaw V.; McGuire, Darren K.; Butler, Javed; Fonarow, Gregg C.; Basit, Mujeeb; Kannan, Vaishnavi; Grodin, Justin L.; Everett, Brendan; Willett, Duwayne; Berry, Jarett; Pandey, Ambarish",0149-5992,
202,WOS:000527943400001,Prognosis Analysis of Heart Failure Based on Recurrent Attention Model,10.1016/j.irbm.2019.08.002,Article,2020,41,2,"Gong, J.; Bai, X.; Li, D-a; Zhao, J.; Li, X.",1959-0318,Heart failure| Recurrent attention model| Prognosis
203,WOS:000872446600001,Barriers and Opportunities Regarding Implementation of a Machine Learning-Based Acute Heart Failure Risk Stratification Tool in the Emergency Department,10.3390/diagnostics12102463,Article,2022,12,10,"Sax, Dana R.; Sturmer, Lillian R.; Mark, Dustin G.; Rana, Jamal S.; Reed, Mary E.",,emergency medicine| acute heart failure| risk stratification| clinical decision support| machine learning| predictive models| qualitative research| implementation| workflow integration
204,WOS:001057260500001,Machine Learning Approaches for Assessing Risk Factors of Adrenal Insufficiency in Patients Undergoing Immune Checkpoint Inhibitor Therapy,10.3390/ph16081097,Article,2023,16,8,"Kim, Woorim; Cho, Young Ah; Min, Kyung Hyun; Kim, Dong-Chul; Lee, Kyung-Eun",,immune checkpoint inhibitors| risk scoring| oncology| adrenal insufficiency| machine learning
205,WOS:001340425900107,Precision phenotyping from routine laboratory parameters for out of hospital survival prediction in an all comers prospective PCI registry,10.1038/s41598-024-76936-3,Article,2024,14,1,"Calburean, Paul-Adrian; Harpa, Marius; Scurtu, Anda-Cristina; Grebenisan, Paul; Nistor, Ioana-Andreea; Vacariu, Victor; Drincal, Reka-Katalin; Sulea, Ioana Paula; Oltean, Tiberiu; Mesaros, Petru-Vasile; Hadadi, Laszlo",2045-2322,Machine learning| Coronary artery disease| Percutaneous coronary intervention| Survival analysis
206,WOS:000642262600002,Real-Time Clinical Decision Support Based on Recurrent Neural Networks for In-Hospital Acute Kidney Injury: External Validation and Model Interpretation,10.2196/24120,Article,2021,23,4,"Kim, Kipyo; Yang, Hyeonsik; Yi, Jinyeong; Son, Hyung-Eun; Ryu, Ji-Young; Kim, Yong Chul; Jeong, Jong Cheol; Chin, Ho Jun; Na, Ki Young; Chae, Dong-Wan; Han, Seung Seok; Kim, Sejoong",1439-4456,acute kidney injury| recurrent neural network| prediction model| external validation| internal validation| kidney| neural networks
207,WOS:000875833500011,A pressure ulcers assessment system for diagnosis and decision making using convolutional neural networks,10.1016/j.jfma.2022.04.010,Article,2022,121,11,"Liu, Tom J.; Christian, Mesakh; Chu, Yuan -Chia; Chen, Yu -Chun; Chang, Che-Wei; Lai, Feipei; Tai, Hao-Chih",0929-6646,Artificial intelligence| Deep learning| Convolutional neural network| Pressure ulcer| Pressure injury
208,WOS:000940264900001,Machine learning and network analysis for diagnosis and prediction in disorders of consciousness,10.1186/s12911-023-02128-0,Article,2023,23,1,"Narayanan, Ajit; Magee, Wendy L.; Siegert, Richard J.",,Machine learning| Music therapy| Disorders of consciousness| Assessment| CRS-R| Network analysis
209,WOS:001467159800001,Enhancing stroke-associated pneumonia prediction in ischemic stroke: An interpretable Bayesian network approach,10.1177/20552076251333568,Article,2025,11,,"Liu, Xingyu; Mo, Jiali; Liu, Zuting; Ge, Yanqiu; Luo, Tian; Kuang, Jie",2055-2076,Bayesian network| stroke-associated pneumonia| ischemic stroke| interpretable predictive modeling| risk-scoring system
210,WOS:001527429100001,Machine learning approaches for improved understanding of factors associated with history of sport-related concussion,10.1111/risa.70061,Article,2025,45,10,"Sedighi-Maman, Zahra; Gupta, Ashish; Wilkerson, Gary B.; Popovic, Ales",0272-4332,clinical decision making| concussion| injury risk screening| sports analytics
211,WOS:000388516100001,Predictors of in-hospital mortality following major lower extremity amputations in type 2 diabetic patients using artificial neural networks,10.1186/s12874-016-0265-5,Article,2016,16,,"Lopez-de-Andres, Ana; Hernandez-Barrera, Valentin; Lopez, Roberto; Martin-Junco, Pablo; Jimenez-Trujillo, Isabel; Alvaro-Meca, Alejandro; Salinero-Fort, Miguel Angel; Jimenez-Garcia, Rodrigo",,Major lower extremity amputation| Type 2 diabetes| Charlson Comorbidity Index| Elixhauser Comorbidity Index| In-hospital mortality| Artificial neural networks
212,WOS:000388777700015,An integrated decision support system based on ANN and Fuzzy_AHP for heart failure risk prediction,10.1016/j.eswa.2016.10.020,Article,2017,68,,"Samuel, Oluwarotimi Williams; Asogbon, Grace Mojisola; Sangaiah, Arun Kumar; Fang, Peng; Li, Guanglin",0957-4174,Heart failure| Risk prediction| Artificial neural networks| Fuzzy AHP| Clinical decision support system
213,WOS:000449561400014,An improved support vector machine-based diabetic readmission prediction,10.1016/j.cmpb.2018.10.012,Article,2018,166,,"Cui, Shaoze; Wang, Dujuan; Wang, Yanzhang; Yu, Pay-Wen; Jin, Yaochu",0169-2607,Hospital readmission| Diabetes| Support vector machine| Synthetic minority over-sampling| Feature selection
214,WOS:000576353200003,Machine learning-based classification and diagnosis of clinical cardiomyopathies,10.1152/physiolgenomics.00063.2020,Article,2020,52,9,"Alimadadi, Ahmad; Manandhar, Ishan; Aryal, Sachin; Munroe, Patricia B.; Joe, Bina; Cheng, Xi",1094-8341,artificial intelligence| cardiomyopathy| heart failure| machine learning| transcriptome
215,WOS:000675408600009,Supervised classification techniques for prediction of mortality in adult patients with sepsis,10.1016/j.ajem.2020.09.013,Article,2021,45,,"Rodriguez, Andres; Mendoza, Deibie; Ascuntar, Johana; Jaimes, Fabian",0735-6757,Sepsis| In-hospital mortality| Artificial neural networks| Vector support machines| Random Forest
216,WOS:000945191400001,"Cardiovascular and Renal Comorbidities Included into Neural Networks Predict the Outcome in COVID-19 Patients Admitted to an Intensive Care Unit: Three-Center, Cross-Validation, Age- and Sex-Matched Study",10.3390/jcdd10020039,Article,2023,10,2,"Ovcharenko, Evgeny; Kutikhin, Anton; Gruzdeva, Olga; Kuzmina, Anastasia; Slesareva, Tamara; Brusina, Elena; Kudasheva, Svetlana; Bondarenko, Tatiana; Kuzmenko, Svetlana; Osyaev, Nikolay; Ivannikova, Natalia; Vavin, Grigory; Moses, Vadim; Danilov, Viacheslav; Komossky, Egor; Klyshnikov, Kirill",,COVID-19| machine learning| neural networks| prognostication| coronary artery disease| chronic kidney disease| blood urea nitrogen| C-reactive protein| lymphocyte count| neutrophil-to-lymphocyte ratio
217,WOS:001409054000022,HEART FAILURE RISK PREDICTION USING AZURE DATA LAKE ARCHITECTURE WITH AUTOMATED MACHINE LEARNING AND MACHINE LEARNING APPROACHES,10.2298/TSCI2406059A,Article,2024,28,6B,"Alghamdi, Ahmed M.; Al Shehri, Waleed; Almalki, Jameel; Jannah, Najlaa; Bahaddad, Adel; Bokhary, Abdullah M.",0354-9836,heart failure| cardiovascular disease| Azure machine learning| Azure data lake| machine learning| AutoML
218,WOS:001483370200012,Research progress of artificial intelligence in the clinical diagnosis and treatment of hematological diseases,10.1360/TB-2024-1190,Article,2025,70,12,"Zhang, Liqian; An, Zhuoyu; Cui, Lijuan; Li, Wenqian; Zhang, Xiaohui",0023-074X,blood diseases| artificial intelligence| machine learning| clinical diagnosis and treatment
219,WOS:001256627800001,Comparative Analysis of Large Language Models in Emergency Plastic Surgery Decision-Making: The Role of Physical Exam Data,10.3390/jpm14060612,Article,2024,14,6,"Borna, Sahar; Gomez-Cabello, Cesar A.; Pressman, Sophia M.; Haider, Syed Ali; Forte, Antonio Jorge",,large language models| ChatGPT-4| Gemini| artificial intelligence| plastic surgery| physical exam
220,WOS:001544453500003,Evaluation of large language models in patient education and clinical decision support for rotator cuff injury: a two-phase benchmarking study,10.1186/s12911-025-03105-5,Article,2025,25,1,"Wang, Yi-Lin; Tian, Li-Chao; Meng, Jing-Yuan; Zhang, Jie-Chao; Nie, Zhi-Xing; Wei, Wen-Rui; Ding, Dao-fang; Tang, Xiao-Ye; Zhang, Qian; He, Yong",,Large language model| Patient education| Rotator cuff injury| Real world interview
221,WOS:001513568300003,A Knowledge-Enhanced Platform (MetaSepsisKnowHub) for Retrieval Augmented Generation-Based Sepsis Heterogeneity and Personalized Management: Development Study,10.2196/67201,Article,2025,27,,"Zhang, Chi; Yang, Hao; Liu, Xingyun; Wu, Rongrong; Zong, Hui; Wu, Erman; Zhou, Yi; Li, Jiakun; Shen, Bairong",1438-8871,human sepsis| knowledge-enhanced| personalized application| retrieval augmented generation| precision medicine
222,WOS:001590315700001,Large Language Models' Clinical Decision-Making on When to Perform a Kidney Biopsy: Comparative Study,10.2196/73603,Article,2025,27,,"Toal, Michael; Hill, Christopher; Quinn, Michael; O'Neill, Ciaran; Max-well, Alexander P.",1439-4456,kidney biopsy| renal biopsy| nephrology| chronic kidney disease| kidney failure| proteinuria| hematuria| glomeru-lonephritis| machine learning| large language models| artificial intelligence| decision support
223,WOS:000670353400009,Deep Reinforcement Learning Enabled Decision-Making for Autonomous Driving at Intersections,10.1007/s42154-020-00113-1,Article,2020,3,4,"Li, Guofa; Li, Shenglong; Li, Shen; Qin, Yechen; Cao, Dongpu; Qu, Xingda; Cheng, Bo",2096-4250,Autonomous vehicles| Driving safety and efficiency| Intersection| Decision-making| Deep reinforcement learning
224,WOS:000766276000090,Learning Automated Driving in Complex Intersection Scenarios Based on Camera Sensors: A Deep Reinforcement Learning Approach,10.1109/JSEN.2022.3146307,Article,2022,22,5,"Li, Guofa; Lin, Siyan; Li, Shen; Qu, Xingda",1530-437X,Decision making| Sensors| Autonomous vehicles| Cameras| Safety| Image sensors| Accidents| Camera sensors| autonomous vehicle| intersection| reinforcement learning| vehicle control
225,WOS:000808721300001,Decision Making for Self-Driving Vehicles in Unexpected Environments Using Efficient Reinforcement Learning Methods,10.3390/electronics11111685,Article,2022,11,11,"Kim, Min-Seong; Eoh, Gyuho; Park, Tae-Hyoung",2079-9292,reinforcement learning| mixture density model| decision making
226,WOS:001348749200001,Predicting the Duration of Traffic Incidents for Sydney Greater Metropolitan Area using Machine Learning Methods,10.1007/s13177-024-00437-w,Article,2025,23,1,"Grigorev, Artur; Shafiei, Sajjad; Grzybowska, Hanna; Mihaita, Adriana-Simona",1348-8503,Intelligent transportation systems| Incident duration prediction| Traffic accident| Machine learning| Incident classification| Artificial intelligence
227,WOS:001610175600001,Blockchain based machine learning approach for secure and efficient vehicular data monitoring and analysis,10.1007/s10791-025-09771-3,Article,2025,28,1,"Hanumantharaju, R.; Shreenath, K. N.; Sowmya, B. J.; Supreeth, S.; Shruthi, G.; Rohith, S.",2948-2984,Vehicular data security| Blockchain| Machine learning| Predictive analytics| Electric vehicles| Real-time monitoring
228,WOS:000604058600008,ADVANCED ANALYTICS PRICING FOR THE CALCULATION OF POST-COVID19 SCENARIOS IN AUTOMOBILE INSURANCE,10.26360/2020_7,Article,2020,,26,"Vidal-Llana, Xenxo; Guillen, Montserrat",0534-3232,predictive modeling| loss| combined ratio| scenarios| Machine Learning
229,WOS:000908428200002,Assessing the factors affecting the perceived crossing speed of pedestrians and investigating the direct and indirect effects of crash risk perception on perceived crossing speed,10.1016/j.jth.2022.101541,Article,2023,28,,"Saxena, Aditya",2214-1405,Perceived crossing speed (PCS)| Crash risk perception (CRP)| Crossing pattern (CP)| Machine learning classification methods| Mediation analysis
230,WOS:000929562000001,Machine Learning for Road Traffic Accident Improvement and Environmental Resource Management in the Transportation Sector,10.3390/su15032014,Article,2023,15,3,"Megnidio-Tchoukouegno, Mireille; Adedeji, Jacob Adedayo",,road traffic| accident severity| accident prediction| machine learning algorithms
231,WOS:001102527800001,An Empirical Study of DDPG and PPO-Based Reinforcement Learning Algorithms for Autonomous Driving,10.1109/ACCESS.2023.3330665,Article,2023,11,,"Siboo, Sanjna; Bhattacharyya, Anushka; Naveen Raj, Rashmi; Ashwin, S. H.",2169-3536,Autonomous vehicles| Sensors| Feature extraction| Machine learning algorithms| Brakes| Task analysis| Space vehicles| Machine learning| Reinforcement learning| Deep learning| Gradient methods| Optimization methods| deep reinforcement learning| deep deterministic policy gradient| continuous space| autonomous vehicles| proximal policy optimization
232,WOS:001244472600027,"Improving the Classification of Airplane Accidents Severity using Feature Selection, Extraction and Machine Learning Models",,Article,2023,14,12,"Kaidi, Rachid; AL Achhab, Mohammed; Lazaar, Mohamed; Omara, Hicham",2158-107X,Airplane accident| severity| flights safety| machine learning| KNN| Random Forest (RF)| Decision Tree (DT)
233,WOS:001319060900001,"Development of AI model for gender differences in bicycle mobility of green urban areas for recreational and educational institutions of cycling behaviour, patterns and constraints of regular cyclists for Chandigarh city-an Indian perspective",10.1007/s41062-024-01709-w,Article,2024,9,10,"Adinarayana, B.; Ayush, Balkaran Singh; Sohal, Balkaran Singh; Aryan, Shubham; Kumar, Reetik; Sharma, Shubham",2364-4176,Chandigarh administration| Cyclist fatalities| Recreational cycling| Cycle tracks| Gender differences| Mode transportation| Safety
234,WOS:001322974200001,Investigating Factors Influencing Crash Severity on Mountainous Two-Lane Roads: Machine Learning Versus Statistical Models,10.3390/su16187903,Article,2024,16,18,"Qi, Ziyuan; Yao, Jingmeng; Zou, Xuan; Pu, Kairui; Qin, Wenwen; Li, Wu",,traffic safety| mountainous two-lane roads| machine learning| statistical model| SHAP| sustainable transportation
235,WOS:001348749200001,Predicting the Duration of Traffic Incidents for Sydney Greater Metropolitan Area using Machine Learning Methods,10.1007/s13177-024-00437-w,Article,2025,23,1,"Grigorev, Artur; Shafiei, Sajjad; Grzybowska, Hanna; Mihaita, Adriana-Simona",1348-8503,Intelligent transportation systems| Incident duration prediction| Traffic accident| Machine learning| Incident classification| Artificial intelligence
236,WOS:001347156800001,Development of a Comprehensive Safety Evaluation Mechanism for the Highway Bus Industry,10.1177/03611981241287538,Article,2025,2679,4,"Chen, Chia-Hung; Tsao, Yu-Chung; Chen, Ching-Hao; Lin, Tzu-Haun; Vu, Thuy-Linh",0361-1981,safety| safety performance and analysis| highway safety manual| transportation safety management systems| safe systems| truck and bus safety| buses/motorcoaches
237,WOS:001520370000001,Predicting Traffic Crash Severity in Jeddah Using Machine Learning Techniques: A Data-Driven Approach to Road Safety,10.1177/03611981251337460,Article,2025,2679,9,"Alanazi, Fayez; Okail, Mohamed Ahmed",0361-1981,crash severity| machine learning (artificial intelligence)| traffic safety| sustainability and resilience| traffic safety and traffic management| transportation and society
238,WOS:000992275200054,Crash severity analysis and risk factors identification based on an alternate data source: a case study of developing country,10.1038/s41598-022-25361-5,Article,2022,12,1,"Bhuiyan, Hanif; Ara, Jinat; Hasib, Khan Md.; Sourav, Md Imran Hossain; Karim, Faria Benta; Sik-Lanyi, Cecilia; Governatori, Guido; Rakotonirainy, Andry; Yasmin, Shamsunnahar",2045-2322,
239,WOS:001322974200001,Investigating Factors Influencing Crash Severity on Mountainous Two-Lane Roads: Machine Learning Versus Statistical Models,10.3390/su16187903,Article,2024,16,18,"Qi, Ziyuan; Yao, Jingmeng; Zou, Xuan; Pu, Kairui; Qin, Wenwen; Li, Wu",,traffic safety| mountainous two-lane roads| machine learning| statistical model| SHAP| sustainable transportation
240,WOS:001520370000001,Predicting Traffic Crash Severity in Jeddah Using Machine Learning Techniques: A Data-Driven Approach to Road Safety,10.1177/03611981251337460,Article,2025,2679,9,"Alanazi, Fayez; Okail, Mohamed Ahmed",0361-1981,crash severity| machine learning (artificial intelligence)| traffic safety| sustainability and resilience| traffic safety and traffic management| transportation and society
241,WOS:001537669800001,Nighttime Pedestrian Safety in Different Communities: Application of Artificial Intelligence Techniques,10.1016/j.jsr.2025.06.028,Article,2025,94,,"Usman, Sheikh M.; Khattak, Asad J.; Patwary, A. Latif",0022-4375,Roadway infrastructure| Injury severity| Heterogeneous ensemble methods| Stacking| Pedestrian
242,WOS:000681083200001,Efficient data uncertainty management for health industrial internet of things using machine learning,10.1002/dac.4948,Article,2021,34,16,"Haseeb, Khalid; Saba, Tanzila; Rehman, Amjad; Ahmed, Imran; Lloret, Jaime",1074-5351,data management| distributed algorithms| industrial internet of things| machine learning| risk assessment
243,WOS:000698841700001,Analysis of Failure Features of High-Speed Automatic Train Protection System,10.1109/ACCESS.2021.3113381,Article,2021,9,,"Kang, Renwei; Wang, Junfeng; Chen, Jianqiu; Zhou, Jingjing; Pang, Yanzhi; Cheng, Jianfeng",2169-3536,Maintenance engineering| Rail transportation| Feature extraction| Machine learning| Safety| Analytical models| Decision trees| Automatic train protection system| intelligent maintenance| failure feature| machine learning| model interpretability| high-speed train
244,WOS:000929562000001,Machine Learning for Road Traffic Accident Improvement and Environmental Resource Management in the Transportation Sector,10.3390/su15032014,Article,2023,15,3,"Megnidio-Tchoukouegno, Mireille; Adedeji, Jacob Adedayo",,road traffic| accident severity| accident prediction| machine learning algorithms
245,WOS:000992520000021,Machine Learning Algorithms for Failure Prediction Model and Operational Reliability of Onshore Gas Transmission Pipelines,10.14716/ijtech.v14i3.6287,Article,2023,14,3,"Noorsaman, Andy; Amrializzia, Dea; Zulfikri, Habiburrahman; Revitasari, Reviana; Isambert, Arsene",2086-9614,Binary logistic regression| Failure prediction| Machine learning| Random forest| Transmission pipeline
246,WOS:001216718000001,Extrapolation validation (EV): a universal validation method for mitigating machine learning extrapolation risk,10.1039/d3dd00256j,Article,2024,3,5,"Yu, Mengxian; Zhou, Yin-Ning; Wang, Qiang; Yan, Fangyou",,
247,WOS:000402525700008,Traffic accident severity prediction using a novel multi-objective genetic algorithm,10.1080/13588265.2016.1275431,Article,2017,22,4,"Hashmienejad, Seyed Hessam-Allah; Hasheminejad, Seyed Mohammad Hossein",1358-8265,Traffic accident severity prediction| multi-objective genetic algorithm| decision trees| Non-Dominated Sorting Genetic Algorithm
248,WOS:000426136300012,A hybrid clustering and classification approach for predicting crash injury severity on rural roads,10.1080/17457300.2017.1341933,Article,2018,25,1,"Hasheminejad, Seyed Hessam-Allah; Zahedi, Mohsen; Hasheminejad, Seyed Mohammad Hossein",1745-7300,Traffic crash severity prediction| genetic algorithm| decision trees| clustering
249,WOS:000449130600002,Derailment accident risk assessment based on ensemble classification method,10.1016/j.ssci.2017.11.006,Article,2018,110,,"Kaeeni, Samira; Khalilian, Madjid; Mohammadzadeh, Javad",0925-7535,Data mining| Safety risk assessment| Ensemble classification
250,WOS:001250411800001,"Unveiling the nexus between atmospheric visibility, remotely sensed pollutants, and climatic variables across diverse topographies: A data-driven exploration empowered by artificial intelligence",10.1016/j.apr.2024.102200,Article,2024,15,9,"Javed, Sadaf; Shahzad, Muhammad Imran; Shahid, Imran",1309-1042,Visual range| Air pollution| Machine learning| Bagged extreme gradient boosting| Variable importance| Partial dependency
251,WOS:000392435200004,Extraction of attribute importance from satisfaction surveys with data mining techniques: a comparison between neural networks and decision trees,10.1080/19427867.2015.1136917,Article,2017,9,1,"de Ona, Juan; de Ona, Rocio; Garrido, Concepcion",1942-7867,Service quality| Public transportation| Artificial neural networks| Decision trees
252,WOS:000402525700008,Traffic accident severity prediction using a novel multi-objective genetic algorithm,10.1080/13588265.2016.1275431,Article,2017,22,4,"Hashmienejad, Seyed Hessam-Allah; Hasheminejad, Seyed Mohammad Hossein",1358-8265,Traffic accident severity prediction| multi-objective genetic algorithm| decision trees| Non-Dominated Sorting Genetic Algorithm
253,WOS:000426136300012,A hybrid clustering and classification approach for predicting crash injury severity on rural roads,10.1080/17457300.2017.1341933,Article,2018,25,1,"Hasheminejad, Seyed Hessam-Allah; Zahedi, Mohsen; Hasheminejad, Seyed Mohammad Hossein",1745-7300,Traffic crash severity prediction| genetic algorithm| decision trees| clustering
254,WOS:000698841700001,Analysis of Failure Features of High-Speed Automatic Train Protection System,10.1109/ACCESS.2021.3113381,Article,2021,9,,"Kang, Renwei; Wang, Junfeng; Chen, Jianqiu; Zhou, Jingjing; Pang, Yanzhi; Cheng, Jianfeng",2169-3536,Maintenance engineering| Rail transportation| Feature extraction| Machine learning| Safety| Analytical models| Decision trees| Automatic train protection system| intelligent maintenance| failure feature| machine learning| model interpretability| high-speed train
255,WOS:001014183200001,Optimizing Machine Learning Algorithms for Improving Prediction of Bridge Deck Deterioration: A Case Study of Ohio Bridges,10.3390/buildings13061517,Article,2023,13,6,"Nasab, Armin Rashidi; Elzarka, Hazem",,deck deterioration| feature selection| predictive analysis| machine learning
256,WOS:001527488300001,Machine Learning-Based Predictive Maintenance at Smart Ports Using IoT Sensor Data,10.3390/s25133923,Article,2025,25,13,"Aslam, Sheraz; Navarro, Alejandro; Aristotelous, Andreas; Garro Crevillen, Eduardo; Martinez-Romero, Alvaro; Martinez-Ceballos, Alvaro; Cassera, Alessandro; Orphanides, Kyriacos; Herodotou, Herodotos; Michaelides, Michalis P.",,predictive maintenance| smart ports| machine learning| IoT
257,WOS:000666368700001,Machine Learning for the Improvement of Deep Renovation Building Projects Using As-Built BIM Models,10.3390/su13126576,Article,2021,13,12,"Mulero-Palencia, Sofia; Alvarez-Diaz, Sonia; Andres-Chicote, Manuel",,machine learning| artificial intelligence| BIM| IFC| deep renovation| design rules
258,WOS:000781442500001,Ensemble Tree-Based Approach towards Flexural Strength Prediction of FRP Reinforced Concrete Beams,10.3390/polym14071303,Article,2022,14,7,"Amin, Muhammad Nasir; Iqbal, Mudassir; Khan, Kaffayatullah; Qadir, Muhammad Ghulam; Shalabi, Faisal, I; Jamal, Arshad",,FRP| flexural strength| AI| ensemble models| decision tree| gradient boosting tree
259,WOS:000903182600004,Automated urinary sediment detection for Fabry disease using deep-learning algorithms,10.1016/j.ymgmr.2022.100921,Article,2022,33,,"Uryu, Hidetaka; Migita, Ohsuke; Ozawa, Minami; Kamijo, Chikako; Aoto, Saki; Okamura, Kohji; Hasegawa, Fuyuki; Okuyama, Torayuki; Kosuga, Motomichi; Hata, Kenichiro",,Fabry disease| Artificial intelligence| Deep learning| Image augmentation| Mulberry cells
260,WOS:000930711400001,"Application of artificial intelligence for tree risk assessment optimization in Itanhaem-Sao Paulo, Brazil",10.1016/j.ufug.2023.127844,Article,2023,81,,"Maria, Tamara Ribeiro Botelho de Carvalho; Biondi, Daniela; Behling, Alexandre; Reis, Allan Rodrigo Nunho dos; Zamproni, Kendra; Ho, Tatiane Lima",1618-8667,Decision tree algorithm| Tree risk management| Urban forests| Urban trees
261,WOS:001486127400001,Construction and Evaluation of an Artificial Intelligence Assistant Decision-Making System Focused on the Treat-to-Target Framework and Full Process Management for Atopic Dermatitis: Study Protocol for a Randomized Controlled Trial,10.3390/jcm14093015,Article,2025,14,9,"Li, Mengmeng; Liu, Qingfeng; Chen, Yujia; Liu, Youqin; He, Chun; Li, Jingyi",,atopic dermatitis| treat to target| artificial intelligence assistant decision-making system
262,WOS:000517664900014,Machine learning predictive model based on national data for fatal accidents of construction workers,10.1016/j.autcon.2019.102974,Article,2020,110,,"Choi, Jongko; Gu, Bonsung; Chin, Sangyoon; Lee, Jong-Seok",0926-5805,Safety management| Machine learning| Logistic regression model| Decision tree| Random forest| AdaBoost| Fatal accident prediction
263,WOS:000896191500001,Construction Safety Risk Model with Construction Accident Network: A Graph Convolutional Network Approach,10.3390/su142315906,Article,2022,14,23,"Mostofi, Fatemeh; Togan, Vedat; Ayozen, Yunus Emre; Tokdemir, Onur Behzat",,construction industry| site accident| construction safety management| graph convolutional network (GCN)| risk assessment
264,WOS:001137959200001,Enhancing safety of construction workers in Korea: an integrated text mining and machine learning framework for predicting accident types,10.1080/17457300.2023.2300424,Article,2024,31,2,"Yoo, Joon Woo; Park, Junsung; Park, Heejun",1745-7300,Accident prediction| multi-class classification| text mining| machine learning| SHAP value
265,WOS:001334500800060,Risk assessment of bridge construction investigated using random forest algorithm,10.1038/s41598-024-72051-5,Article,2024,14,1,"Wu, Ying; Wang, Yigang; Liu, Hongbing; Xie, Liping; Jiao, Lili; Lu, Pengzhen",2045-2322,Bridge construction| Random forest| Uncertainty| Risk assessment
266,WOS:001412867600009,Corrosion Monitoring and Analysis System for Critical Infrastructure based on ACM and Machine Learning,10.11933/j.issn.1007-9289.20240111001,Article,2024,37,6,"Wang, Yuanming; Gong, Ke; Mao, Feixiong; Yang, Mingsi; Xiao, Long; Li, Minghui",1007-9289,material corrosion monitoring| environmental parameters| coatings| machine learning
267,WOS:000517664900014,Machine learning predictive model based on national data for fatal accidents of construction workers,10.1016/j.autcon.2019.102974,Article,2020,110,,"Choi, Jongko; Gu, Bonsung; Chin, Sangyoon; Lee, Jong-Seok",0926-5805,Safety management| Machine learning| Logistic regression model| Decision tree| Random forest| AdaBoost| Fatal accident prediction
268,WOS:000714021700001,Automated Workers' Ergonomic Risk Assessment in Manual Material Handling Using sEMG Wearable Sensors and Machine Learning,10.3390/electronics10202558,Article,2021,10,20,"Mudiyanselage, Srimantha E.; Nguyen, Phuong Hoang Dat; Rajabi, Mohammad Sadra; Akhavian, Reza",2079-9292,material handling| safety| ergonomics| surface electromyogram| sEMG| sensors| NIOSH lifting equation| machine learning
269,WOS:000825746100002,Machine Learning-Based Decision Support Framework for Construction Injury Severity Prediction and Risk Mitigation,10.1061/AJRUA6.0001239,Article,2022,8,3,"Gondia, Ahmed; Ezzeldin, Mohamed; El-Dakhakhni, Wael",2376-7642,Construction fatalities| Construction safety| Decision trees| Injury factors| Injury severity| Machine learning models| Machine learning interpretability| Mitigation strategies| Parameter optimization| Random forests
270,WOS:000776733200003,LANDMark: an ensemble approach to the supervised selection of biomarkers in high-throughput sequencing data,10.1186/s12859-022-04631-z,Article,2022,23,1,"Rudar, Josip; Porter, Teresita M.; Wright, Michael; Golding, G. Brian; Hajibabaei, Mehrdad",1471-2105,Biomarker selection| Metagenomics| Metabarcoding| Biomonitoring| Ecological assessment| Machine learning
271,WOS:001036131400001,Coupling Geotechnical Numerical Analysis with Machine Learning for Observational Method Projects,10.3390/geosciences13070196,Article,2023,13,7,"Mitelman, Amichai; Yang, Beverly; Urlainis, Alon; Elmo, Davide",,observational method| machine learning| tunnel| numerical modeling| geotechnical analysis
272,WOS:001127165900001,Evaluation of predicted fault tolerance based on C5.0 decision tree algorithm in irrigation system of paddy fields,10.1108/IJICC-07-2023-0174,Article,2024,17,2,"Rahi, Majid; Ebrahimnejad, Ali; Motameni, Homayun",1756-378X,Stochastic hybrid system| Stochastic hybrid petri net| Stochastic hybrid automata| Fault detection and classification based on decision tree| Fault-tolerance evaluation based on decision tree
273,WOS:001227578700001,Unified machine-learning-based design method for normal and high strength steel I-section beam-columns,10.1016/j.tws.2024.111835,Article,2024,199,,"Su, Andi; Cheng, Jinpeng; Li, Xuelai; Zhong, Yukai; Li, Shuai; Zhao, Ou; Jiang, Ke",0263-8231,Buckling behaviour| Beam-columns| High strength steel| Design analysis| Machine learning| Regression model
274,WOS:001342321800001,Machine learning-based prediction of mortality in acute myocardial infarction with cardiogenic shock,10.3389/fcvm.2024.1402503,Article,2024,11,,"Zhang, Qitian; Xu, Lizhen; Xie, Zhiyi; He, Weibin; Huang, Xiaohong",2297-055X,MIMIC-IV| eICU-CRD| acute myocardial infarction| cardiogenic shock| machine learning| hospital mortality
275,WOS:001342917800001,Suitability Assessment and Optimization of Small Dams and Reservoirs in Northern Ghana,10.3390/hydrology11100166,Article,2024,11,10,"Umukiza, Etienne; Abagale, Felix K.; Adongo, Thomas Apusiga; Petroselli, Andrea",,water shortage| stream order| dam optimal locations| multicriteria decision-making| storage capacity| northern Ghana
276,WOS:001355697100001,"Machine learning-based prediction models in medical decision-making in kidney disease: patient, caregiver, and clinician perspectives on trust and appropriate use",10.1093/jamia/ocae255,Article,2024,32,1,"Sperling, Jessica; Welsh, Whitney; Haseley, Erin; Quenstedt, Stella; Muhigaba, Perusi B.; Brown, Adrian; Ephraim, Patti; Shafi, Tariq; Waitzkin, Michael; Casarett, David; Goldstein, Benjamin A.",1067-5027,machine learning| trust| shared decision-making| focus groups| dialysis
277,WOS:001433918400001,Construction and validation of a machine learning-based prediction model for short-term mortality in critically ill patients with liver cirrhosis,10.1016/j.clinre.2024.102507,Article,2025,49,1,"Wang, Zhanjin; Li, Fu Yuan; Cai, Junjie; Xue, Zhangtuo; Zhou, Ying; Wang, Zhan",2210-7401,Critically ill patients with liver cirrhosis| Machine learning| Prediction model| Short-term mortality| Intensive care unit (ICU)
278,WOS:001412867600009,Corrosion Monitoring and Analysis System for Critical Infrastructure based on ACM and Machine Learning,10.11933/j.issn.1007-9289.20240111001,Article,2024,37,6,"Wang, Yuanming; Gong, Ke; Mao, Feixiong; Yang, Mingsi; Xiao, Long; Li, Minghui",1007-9289,material corrosion monitoring| environmental parameters| coatings| machine learning
279,WOS:001497795600001,Construction of a predictive model for rebleeding risk in upper gastrointestinal bleeding patients based on clinical indicators such as <i>Helicobacter pylori</i> infection,10.3389/fmicb.2025.1510126,Article,2025,16,,"Zang, Wei; Lin, Ze; Zhao, Yanduo; Jia, Tianshi; Zhang, Xinglong",,deep learning| UGIB| Helicobacter pylori| Rockall score| Glasgow-Blatchford score| AIMS65 score
280,WOS:001206754200001,Empirical exploration of predictive maintenance in concrete manufacturing: Harnessing machine learning for enhanced equipment reliability in construction project management,10.1016/j.cie.2024.110046,Article,2024,190,,"Alshboul, Odey; Al Mamlook, Rabia Emhamed; Shehadeh, Ali; Munir, Tahir",0360-8352,Machine Learning| Construction management| Predictive Maintenance| Concrete manufacturing
281,WOS:001573762300001,Investigations on classifiers for cathodically protected reinforced concrete structures,10.1108/ACMM-02-2025-3189,"Article,Early Access",2025,,,"Murthy, Yogesh Iyer",0003-5599,Corrosion| Ensemble classifiers| Offshore structures| Sacrificial anodes| Supplementary cementitious materials
282,WOS:000541708200048,Manchurian artificial intelligence in autonomous vehicles,10.3233/JIFS-179671,Article,2020,38,5,"Kiss, Gabor",1064-1246,Manchurian AI| self-driving car| autonomous vehicle| external manipulation
283,WOS:000751857900029,An intelligent-while-drilling steering method of global closed-loop servo control,10.6038/cjg2021O0449,Article,2021,64,11,Wu SiYuan; Li ShouDing; Chen Dong; Li Xiao; Du AiMin; Zhang Ying,0001-5733,Logging While Drilling (LWD)| Artificial intelligence| Deep learning| Machine learning| Geosteering| Intelligent drilling| Large closed-loop servo control
284,WOS:000915298600001,Decision support system (DSS) for traffic prediction and building a dynamic internet community using Netnography technology in the city of Amman,10.1080/0952813X.2023.2165716,Article,2024,36,8,"Shaar, Nancy; Alshraideh, Mohammad; Shboul, Lara; AlDajani, Iyad",0952-813X,Artificial Intelligence (AI)| traffic prediction| Netnography| social media| KNIME analytics platform
285,WOS:000476556700003,Machine Learning-Based Predictions of Customers' Decisions in Car Insurance,10.1080/08839514.2019.1630151,Article,2019,33,9,"Neumann, Lukasz; Nowak, Robert M.; Okuniewski, Rafal; Wawrzynski, Pawel",0883-9514,
286,WOS:001026234900001,Unraveling preference heterogeneity in willingness-to-pay for enhanced road safety: A hybrid approach of machine learning and quantile regression,10.1016/j.aap.2023.107176,Article,2023,190,,"Subhan, Fazle; Ali, Yasir; Zhao, Shengchuan",0001-4575,Quantile regression| Decision tree| Heterogeneity| Willingness -to -pay| Value of risk reduction
287,WOS:001052771000001,Understanding and modeling willingness-to-pay for public policies to enhance road safety: A perspective from Pakistan,10.1016/j.tranpol.2023.07.016,Article,2023,141,,"Subhan, Fazle; Ali, Yasir; Zhao, Shengchuan; Oviedo-Trespalacios, Oscar",0967-070X,Tobit regression| Decision tree| Correlated| Random parameters| Unobserved heterogeneity| Willingness-to-pay| Value of risk reduction
288,WOS:001522122100001,Advanced driver assistance system(ADAS)and machine learning(ML):The dynamic duo revolutionizing the automotive industry,10.1016/j.vrih.2025.01.002,Article,2025,7,3,"Shah, Harsh; Shah, Karan; Darji, Kushagra; Shah, Adit; Shah, Manan",2096-5796,Machine learning| Face detection| Advanced driver system
289,WOS:001026234900001,Unraveling preference heterogeneity in willingness-to-pay for enhanced road safety: A hybrid approach of machine learning and quantile regression,10.1016/j.aap.2023.107176,Article,2023,190,,"Subhan, Fazle; Ali, Yasir; Zhao, Shengchuan",0001-4575,Quantile regression| Decision tree| Heterogeneity| Willingness -to -pay| Value of risk reduction
290,WOS:001052771000001,Understanding and modeling willingness-to-pay for public policies to enhance road safety: A perspective from Pakistan,10.1016/j.tranpol.2023.07.016,Article,2023,141,,"Subhan, Fazle; Ali, Yasir; Zhao, Shengchuan; Oviedo-Trespalacios, Oscar",0967-070X,Tobit regression| Decision tree| Correlated| Random parameters| Unobserved heterogeneity| Willingness-to-pay| Value of risk reduction
291,WOS:000372734400002,Data mining on road safety: factor assessment on vehicle accidents using classification models,10.1080/13588265.2015.1122278,Article,2016,21,2,"Castro, Yuri; Kim, Young Jin",1358-8265,vehicle| Data mining| artificial intelligence| road safety| road traffic accident
292,WOS:000766276000090,Learning Automated Driving in Complex Intersection Scenarios Based on Camera Sensors: A Deep Reinforcement Learning Approach,10.1109/JSEN.2022.3146307,Article,2022,22,5,"Li, Guofa; Lin, Siyan; Li, Shen; Qu, Xingda",1530-437X,Decision making| Sensors| Autonomous vehicles| Cameras| Safety| Image sensors| Accidents| Camera sensors| autonomous vehicle| intersection| reinforcement learning| vehicle control
293,WOS:000549341200001,Application of fuzzy expert decision-making system for rock slope block-toppling modeling and assessment: a case study,10.1007/s40808-020-00877-9,Article,2021,7,1,"Azarafza, Mohammad; Asghari-Kaljahi, Ebrahim; Ghazifard, Akbar; Akgun, Haluk",2363-6203,Discontinuous rock slope| Fuzzy inference system| Block toppling| Fuzzy sets
294,WOS:000618334000001,"Digital failure: Unbecoming the ""good"" data subject through entropic, fugitive, and queer data",10.1177/2053951720977882,Article,2021,8,1,"Bridges, Lauren E.",2053-9517,Digital failure| queer theory| surveillance| sousveillance| artificial intelligence| critical data studies| trans theory
295,WOS:000666368700001,Machine Learning for the Improvement of Deep Renovation Building Projects Using As-Built BIM Models,10.3390/su13126576,Article,2021,13,12,"Mulero-Palencia, Sofia; Alvarez-Diaz, Sonia; Andres-Chicote, Manuel",,machine learning| artificial intelligence| BIM| IFC| deep renovation| design rules
296,WOS:000414699200004,Nuclear energy system's behavior and decision making using machine learning,10.1016/j.nucengdes.2017.08.020,Article,2017,324,,"Fernandez, Mario Gomez; Tokuhiro, Akira; Welter, Kent; Wu, Qiao",0029-5493,Decision-making optimization| Nuclear energy systems| Machine learning| Small modular reactors
297,WOS:000476556700003,Machine Learning-Based Predictions of Customers' Decisions in Car Insurance,10.1080/08839514.2019.1630151,Article,2019,33,9,"Neumann, Lukasz; Nowak, Robert M.; Okuniewski, Rafal; Wawrzynski, Pawel",0883-9514,
298,WOS:001001592100050,Distinctive physical insights driven from machine learning modelling of nuclear power plant severe accident scenario propagation,10.1038/s41598-023-28205-y,Article,2023,13,1,"Hossny, K.; Villanueva, W.; Wang, H. D.",2045-2322,
299,WOS:001319060900001,"Development of AI model for gender differences in bicycle mobility of green urban areas for recreational and educational institutions of cycling behaviour, patterns and constraints of regular cyclists for Chandigarh city-an Indian perspective",10.1007/s41062-024-01709-w,Article,2024,9,10,"Adinarayana, B.; Ayush, Balkaran Singh; Sohal, Balkaran Singh; Aryan, Shubham; Kumar, Reetik; Sharma, Shubham",2364-4176,Chandigarh administration| Cyclist fatalities| Recreational cycling| Cycle tracks| Gender differences| Mode transportation| Safety
300,WOS:001334500800060,Risk assessment of bridge construction investigated using random forest algorithm,10.1038/s41598-024-72051-5,Article,2024,14,1,"Wu, Ying; Wang, Yigang; Liu, Hongbing; Xie, Liping; Jiao, Lili; Lu, Pengzhen",2045-2322,Bridge construction| Random forest| Uncertainty| Risk assessment
301,WOS:001412867600009,Corrosion Monitoring and Analysis System for Critical Infrastructure based on ACM and Machine Learning,10.11933/j.issn.1007-9289.20240111001,Article,2024,37,6,"Wang, Yuanming; Gong, Ke; Mao, Feixiong; Yang, Mingsi; Xiao, Long; Li, Minghui",1007-9289,material corrosion monitoring| environmental parameters| coatings| machine learning
302,WOS:000446229300008,Pipe failure modelling for water distribution networks using boosted decision trees,10.1080/15732479.2018.1443145,Article,2018,14,10,"Winkler, Daniel; Haltmeier, Markus; Kleidorfer, Manfred; Rauch, Wolfgang; Tscheikner-Gratl, Franz",1573-2479,Deterioration| rehabilitation| decision support systems| water supply| statistical models| environmental engineering
303,WOS:000585214300013,Regional Seismic Risk Assessment of Infrastructure Systems through Machine Learning: Active Learning Approach,10.1061/(ASCE)ST.1943-541X.0002831,Article,2020,146,12,"Mangalathu, Sujith; Jeon, Jong-Su",0733-9445,Machine learning| Active learning| Column failure mode| Bridge tagging| Regional seismic risk
304,WOS:000612302800001,Predictive asset availability optimization for underground trucks and loaders in the mining industry,10.1007/s12597-020-00502-4,Article,2021,58,3,"Patil, Sunil D.; Mitra, Abhishek; Tuggali Katarikonda, Krishnaveni; Wansink, Jan-Douwe",0030-3887,Predictive asset availability optimization (PAAO)| Predictive maintenance| Mining| Industry 4| 0| Machine learning| Modelling| CHAID| RUL| Feature engineering| Model interpretability
305,WOS:000638428500001,Transformer Oil Quality Assessment Using Random Forest with Feature Engineering,10.3390/en14071809,Article,2021,14,7,"Senoussaoui, Mohammed El Amine; Brahami, Mostefa; Fofana, Issouf",,transformer oil| physicochemical tests| oil assessment| machine learning| features extraction| features selection| ensemble techniques| random forest
306,WOS:000638001000014,An exploration on the machine learning approaches to determine the erosion rates for liquid hydrocarbon transmission pipelines towards safer and cleaner transportations,10.1016/j.jclepro.2021.126478,Article,2021,295,,"Liu, Guanlan; Ayello, Francois; Vera, Jose; Eckert, Rick; Bhat, Prabhas",0959-6526,Artificial neural network| Bayesian network| Classification tree| Erosion| Machine learning| Pipeline safety
307,WOS:000681083200001,Efficient data uncertainty management for health industrial internet of things using machine learning,10.1002/dac.4948,Article,2021,34,16,"Haseeb, Khalid; Saba, Tanzila; Rehman, Amjad; Ahmed, Imran; Lloret, Jaime",1074-5351,data management| distributed algorithms| industrial internet of things| machine learning| risk assessment
308,WOS:000698841700001,Analysis of Failure Features of High-Speed Automatic Train Protection System,10.1109/ACCESS.2021.3113381,Article,2021,9,,"Kang, Renwei; Wang, Junfeng; Chen, Jianqiu; Zhou, Jingjing; Pang, Yanzhi; Cheng, Jianfeng",2169-3536,Maintenance engineering| Rail transportation| Feature extraction| Machine learning| Safety| Analytical models| Decision trees| Automatic train protection system| intelligent maintenance| failure feature| machine learning| model interpretability| high-speed train
309,WOS:000842127800001,Failure prognosis of the components with unlike degradation trends: A data-driven approach,10.1177/1748006X221119301,Article,2023,237,6,"Dash, Balyogi Mohan; Prakash, Om; Samantaray, Arun Kumar",1748-006X,Unlike degradation| capacitor| ANN model| feature engineering| remaining useful life
310,WOS:000941398300001,Locally Specified CPT Soil Classification Based on Machine Learning Techniques,10.3390/su15042914,Article,2023,15,4,"Cho, Sohyun; Kim, Han-Saem; Kim, Hyunki",,classification| cone penetration test| machine learning| data mining| decision tree model
311,WOS:001010608000001,Effective Feature Engineering Technique for Heart Disease Prediction With Machine Learning,10.1109/ACCESS.2023.3281484,Article,2023,11,,"Qadri, Azam Mehmood; Raza, Ali; Munir, Kashif; Almutairi, Mubarak S.",2169-3536,Machine learning| Cardiovascular diseases| Heart| Medical diagnostic imaging| Data models| Random forests| Predictive models| Cardiac arrest| heart failure| cross validations| feature engineering
312,WOS:000404928900003,Neural network ensemble-based parameter sensitivity analysis in civil engineering systems,10.1007/s00521-015-2132-4,Article,2017,28,7,"Cao, M. S.; Pan, L. X.; Gao, Y. F.; Novak, D.; Ding, Z. C.; Lehky, D.; Li, X. L.",0941-0643,Parameter sensitivity analysis| Neural network ensemble| Input perturbation algorithm| Uncertainty| Notched concrete beam| Deep foundation pit
313,WOS:000698841700001,Analysis of Failure Features of High-Speed Automatic Train Protection System,10.1109/ACCESS.2021.3113381,Article,2021,9,,"Kang, Renwei; Wang, Junfeng; Chen, Jianqiu; Zhou, Jingjing; Pang, Yanzhi; Cheng, Jianfeng",2169-3536,Maintenance engineering| Rail transportation| Feature extraction| Machine learning| Safety| Analytical models| Decision trees| Automatic train protection system| intelligent maintenance| failure feature| machine learning| model interpretability| high-speed train
314,WOS:001167491800001,Efficient data-driven machine learning models for scour depth predictions at sloping sea defences,10.3389/fbuil.2024.1343398,Article,2024,10,,"Habib, M. A.; Abolfathi, S.; O'Sullivan, John. J.; Salauddin, M.",,random forest| gradient boosted decision trees| Support Vector Machine Regression| marine and coastal management| coastal hazards mitigation| toe scouring| sloping structures
315,WOS:001198429800001,Data-driven estimates of the strength and failure modes of CFRP-steel bonded joints by implementing the CTGAN method,10.1016/j.engfracmech.2024.109962,Article,2024,299,,"Wang, Songbo; Stratford, Tim; Li, Yang; Li, Biao",0013-7944,CFRP-steel bonded joint| Joint strength| Failure modes| Data-driven machine learning| Conditional tabular generative adversarial networks| SHAP feature importance
316,WOS:001205638900001,Joint Situational Assessment-Hierarchical Decision-Making Framework for Maneuver Intent Decisions,10.1002/aisy.202300574,Article,2025,7,10,"Chen, Ruihai; Li, Hao; Yan, Guanwei; Peng, Haojie; Zhang, Qian",,decision-making| graph convolutional networks| hierarchical deep reinforcement learning| situation assessment
317,WOS:001609436900011,Leveraging Explainable Machine Mearning for Prediction Modeling of Bridge Pier Scour Depth,10.1007/s41062-025-02342-x,Article,2025,10,12,"Usman, Husna; Khan, Majid; Gulaly, Laiba; Asghar, Aaila",2364-4176,Local scour| Bridge pier| Multi-expression programming| Gene-expression programming| Artificial neural networks| Explainable machine learning
318,WOS:001513568300003,A Knowledge-Enhanced Platform (MetaSepsisKnowHub) for Retrieval Augmented Generation-Based Sepsis Heterogeneity and Personalized Management: Development Study,10.2196/67201,Article,2025,27,,"Zhang, Chi; Yang, Hao; Liu, Xingyun; Wu, Rongrong; Zong, Hui; Wu, Erman; Zhou, Yi; Li, Jiakun; Shen, Bairong",1438-8871,human sepsis| knowledge-enhanced| personalized application| retrieval augmented generation| precision medicine
319,WOS:001576084200001,Defining and evaluating decision and composite risk in language models applied to natural language inference,10.1016/j.engappai.2025.112253,Article,2025,161,,"Shen, Ke; Kejriwal, Mayank",0952-1976,Language model| Natural language inference| Risk evaluation| Decision rule| Healthcare
320,WOS:000666368700001,Machine Learning for the Improvement of Deep Renovation Building Projects Using As-Built BIM Models,10.3390/su13126576,Article,2021,13,12,"Mulero-Palencia, Sofia; Alvarez-Diaz, Sonia; Andres-Chicote, Manuel",,machine learning| artificial intelligence| BIM| IFC| deep renovation| design rules
321,WOS:001069736400001,Multi-energy system smart tool for ecological water body restoration using an AI-based decision-making framework,10.2166/ws.2023.223,Article,2023,23,10,"Xu, Shu; Hsu, Ching-Hsien; Montenegro-Marin, Carlos Enrique",1606-9749,artificial intelligence| ecology| energy management| environment| internet of things| restoration| sustainability
322,WOS:000861747900006,Gamma/hadron separation with the HAWC observatory,10.1016/j.nima.2022.166984,Article,2022,1039,,"Alfaro, R.; Alvarez, C.; Alvarez, J. D.; Angeles Camacho, J. R.; Arteaga-Velazquez, J. C.; Avila Rojas, D.; Solares, H. A. Ayala; Babu, R.; Belmont-Moreno, E.; Brisbois, C.; Caballero-Mora, K. S.; Capistran, T.; Carraminana, A.; Casanova, S.; Chaparro-Amaro, O.; Cotti, U.; Cotzomi, J.; Coutino de Leon, S.; De la Fuente, E.; de Leon, C.; Diaz Hernandez, R.; Dingus, B. L.; DuVernois, M. A.; Durocher, M.; Diaz-Velez, J. C.; Ellsworth, R. W.; Engel, K.; Espinoza, C.; Fan, K. L.; Alonso, M. Fernandez; Fraija, N.; Garcia, D.; Garcia-Gonzalez, J. A.; Garfias, F.; Gonzalez, M. M.; Goodman, J. A.; Harding, J. P.; Hernandez, S.; Hona, B.; Huang, D.; Hueyotl-Zahuantitla, F.; Huntemeyer, P.; Iriarte, A.; Jardin-Blicq, A.; Joshi, V; Kaufmann, S.; Kunde, G. J.; Lara, A.; Lee, W. H.; Lee, J.; Leon Vargas, H.; Linnemann, J. T.; Luis-Raya, G.; Lundeen, J.; Malone, K.; Marandon, V; Martinez, O.; Martinez-Castro, J.; Matthews, J. A.; Miranda-Romagnoli, P.; Morales-Soto, J. A.; Nayerhoda, A.; Nellen, L.; Nisa, M. U.; Noriega-Papaqui, R.; Olivera-Nieto, L.; Omodei, N.; Peisker, A.; Perez Araujo, Y.; Perez-Perez, E. G.; Rho, C. D.; Rosa-Gonzalez, D.; Ruiz-Velasco, E.; Salazar, H.; Salesa Greus, F.; Sandoval, A.; Parkinson, P. M. Saz; Serna-Franco, J.; Smith, A. J.; Springer, R. W.; Tibolla, O.; Tollefson, K.; Torres, I; Torres-Escobedo, R.; Turner, R.; Urena-Mena, F.; Villasenor, L.; Wang, X.; Watson, I. J.; Werner, F.; Willox, E.; Wood, J.; Zepeda, A.; Zhou, H.",0168-9002,High energy| Crab Nebula| G/H separation| Machine Learning
323,WOS:001265865000001,Effective combinations of features in predicting the range of incident ions using machine learning,10.1016/j.nimb.2024.165383,Article,2024,553,,"Minagawa, Hideaki; Tezuka, Tomoya; Tsuchida, Hidetsugu",0168-583X,Ion range| Machine learning
324,WOS:001295971700001,Algorithm prediction of single particle irradiation effect based on novel TFETs,10.1088/1361-6528/ad6d73,Article,2024,35,45,"Chong, Chen; Liu, Hongxia; Wang, Shulong; Wang, Zexi",0957-4484,deep learning| stacked source trench gate tunnel FET (SSTGTFET)| single particle transient
325,WOS:001529950500015,A hybrid fog-edge computing architecture for real-time health monitoring in IoMT systems with optimized latency and threat resilience,10.1038/s41598-025-09696-3,Article,2025,15,1,"Islam, Umar; Alatawi, Mohammed Naif; Alqazzaz, Ali; Alamro, Sulaiman; Shah, Babar; Moreira, Fernando",2045-2322,Fog computing| Edge computing| Internet of medical things (IoMT)| Latency reduction| Data security
326,WOS:000414699200004,Nuclear energy system's behavior and decision making using machine learning,10.1016/j.nucengdes.2017.08.020,Article,2017,324,,"Fernandez, Mario Gomez; Tokuhiro, Akira; Welter, Kent; Wu, Qiao",0029-5493,Decision-making optimization| Nuclear energy systems| Machine learning| Small modular reactors
327,WOS:000629921400001,Prediction and Assessment of Rock Burst Using Various Meta-heuristic Approaches,10.1007/s42461-021-00415-w,Article,2021,38,3,"Shukla, Ramesht; Khandelwal, Manoj; Kankar, P. K.",2524-3462,Rock burst hazard| XGBoost| Decision tree| Support vector machine
328,WOS:000710899900001,Using Machine Learning to Predict the Fuel Peak Cladding Temperature for a Large Break Loss of Coolant Accident,10.3389/fenrg.2021.755638,Article,2021,9,,"Sallehhudin, Wazif; Diab, Aya",2296-598X,nuclear safety| large break LOCA| artificial neural network| machine learning| uncertainty quantification| peak cladding temperature
329,WOS:000865911900002,Do Perceptions of Hydrogen Energy Effect on Vehicle Preference? A Learning-Based Model Approach,10.1007/s12205-022-0227-x,Article,2023,27,2,"Kim, Woojin; Kim, Junghwa; Jang, Jeong Ah; Kim, Suk-Hee",1226-7988,e-Mobility| Machine learning| Hydrogen fuel| Risk perception| Psychometric analysis| Decision tree analysis
330,WOS:001297369000002,Intelligent Data Transfer Technique for 6G Cyber Physical Model Enabled Teaching System,10.1007/s11277-024-11219-8,"Article,Early Access",2024,,,"Wang, Zhaozhi; Wu, Yanni; Wang, Huanjun",0929-6212,Cloud to thing| Deep learning model| Sport injuries diagnosis| Internet of things (IoT)| Prediction
331,WOS:001520477800001,Early Response Framework for Accident Detection and Prevention Through Multi-Zone Fog-Cloud Collaboration for Safety-Critical Applications,10.1002/spe.3439,Article,2025,55,9,"Mishra, Moumita; Ghosh, Soumya Kanti; Maitra, Bhargab; Buyya, Rajkumar",0038-0644,accident prediction| accident prone area| early response accident detection| energy efficiency| fog computing| machine learning| QGIS software
332,WOS:000445217700003,Femur segmentation in DXA imaging using a machine learning decision tree,10.3233/XST-180399,Article,2018,26,5,"Hussain, Dildar; Al-antari, Mugahed A.; Al-masni, Mohammed A.; Han, Seung-Moo; Kim, Tae-Seong",0895-3996,Dual-energy X-ray absorptiometry (DXA)| osteoporosis| decision tree| segmentation| feature extraction| feature selection| non-local means filter| mathematical morphology
333,WOS:000757389800001,A Data-Centric Machine Learning Methodology: Application on Predictive Maintenance of Wind Turbines,10.3390/en15030826,Article,2022,15,3,"Garan, Maryna; Tidriri, Khaoula; Kovalenko, Iaroslav",,wind turbines| predictive maintenance| supervisory control and data acquisition| decision tree| feature importance| high correlation filter| mutual information| principal component analysis| independent component analysis| Energias de Portugal
334,WOS:000782212200001,Trade-Off Analysis of Hardware Architectures for Channel-Quality Classification Models,10.3390/s22072497,Article,2022,22,7,"Torres-Alvarado, Alan; Alberto Morales-Rosales, Luis; Algredo-Badillo, Ignacio; Lopez-Huerta, Francisco; Lobato-Baez, Mariana; Carlos Lopez-Pimentel, Juan",,machine learning| channel quality classification| hardware implementation| FPGA
335,WOS:000862776000001,Digital twin and machine learning for decision support in thermal power plant with combustion engines,10.1016/j.knosys.2022.109578,Article,2022,253,,"Deon, B.; Cotta, K. P.; Silva, R. F. V.; Batista, C. B.; Justino, G. T.; Freitas, G. C.; Cordeiro, A. M.; Barbosa, A. S.; Loucao Jr, F. L.; Simioni, T.; Morais, A. M.; Medeiros, I. E. A.; Almeida, R. J. S.; Araujo Jr, C. A. A.; Soares, C.; Padoin, N.",0950-7051,Digital twin| Machine learning| Predictive maintenance| Thermal power plant| Decision support
336,WOS:000884204000001,Intelligent Control of Groundwater in Slopes with Deep Reinforcement Learning,10.3390/s22218503,Article,2022,22,21,"Biniyaz, Aynaz; Azmoon, Behnam; Liu, Zhen",,deep reinforcement learning| Deep Q-Network| landslide| intelligent control| seepage analysis| slope stability analysis
337,WOS:001119713000001,Investigating average infrared radiation temperature characteristics during shear and tensile cracks in sandstone under different water contents,10.1016/j.infrared.2023.104968,Article,2023,135,,"Khan, Naseer Muhammad; Ma, Liqiang; Feroze, Tariq; Wang, Dangliang; Cao, Kewang; Gao, Qiangqiang; Wang, Hui; Hussain, Sajjad; Zhang, Zhitao; Alarifi, Saad S.",1350-4495,AIRT| AE| Shear loading| Water content| Random forest
338,WOS:001204091200001,Zero-touch networks: Towards next-generation network automation,10.1016/j.comnet.2024.110294,Article,2024,243,,"El Rajab, Mirna; Yang, Li; Shami, Abdallah",1389-1286,ZSM| 5G+networks| Network optimization| Network security| Traffic control| AutoML
339,WOS:001270210900001,Advanced predictive maintenance and fault diagnosis strategy for enhanced HVAC efficiency in buildings,10.1016/j.applthermaleng.2024.123910,Article,2024,254,,"Es-sakali, Niima; Zoubir, Zineb; Kaitouni, Samir Idrissi; Mghazli, Mohamed Oualid; Cherkaoui, Moha; Pfafferott, Jens",1359-4311,Variable refrigerant flow| Predictive maintenance| Fault detection and diagnosis| Refrigerant leakage| Noise reduction models| Building Environment
340,WOS:001582840600001,Delamination-informed lifecycle decisions: A dielectric and machine learning framework for composite sorting and recycling,10.1016/j.compositesb.2025.113007,Article,2026,308,,"Rabby, Monjur Morshed; Oni, Tahmid Hasan; Das, Partha Pratim; Vadlamudi, Vamsee; Hassen, Ahmed Arabi; Raihan, Rassel",1359-8368,Polymer composite| Lifecycle decisions| Machine learning| Dielectric variables| Pyrolysis
341,WOS:000591382100005,Worldwide annual optimum tilt angle model for solar collectors and photovoltaic systems in the absence of site meteorological data,10.1016/j.apenergy.2020.116056,Article,2021,281,,"Chinchilla, Monica; Santos-Martin, David; Carpintero-Renteria, Miguel; Lemon, Scott",0306-2619,Solar photovoltaic| Solar collector| Optimum tilt angle| Solar radiation| Irradiance model
342,WOS:000861747900006,Gamma/hadron separation with the HAWC observatory,10.1016/j.nima.2022.166984,Article,2022,1039,,"Alfaro, R.; Alvarez, C.; Alvarez, J. D.; Angeles Camacho, J. R.; Arteaga-Velazquez, J. C.; Avila Rojas, D.; Solares, H. A. Ayala; Babu, R.; Belmont-Moreno, E.; Brisbois, C.; Caballero-Mora, K. S.; Capistran, T.; Carraminana, A.; Casanova, S.; Chaparro-Amaro, O.; Cotti, U.; Cotzomi, J.; Coutino de Leon, S.; De la Fuente, E.; de Leon, C.; Diaz Hernandez, R.; Dingus, B. L.; DuVernois, M. A.; Durocher, M.; Diaz-Velez, J. C.; Ellsworth, R. W.; Engel, K.; Espinoza, C.; Fan, K. L.; Alonso, M. Fernandez; Fraija, N.; Garcia, D.; Garcia-Gonzalez, J. A.; Garfias, F.; Gonzalez, M. M.; Goodman, J. A.; Harding, J. P.; Hernandez, S.; Hona, B.; Huang, D.; Hueyotl-Zahuantitla, F.; Huntemeyer, P.; Iriarte, A.; Jardin-Blicq, A.; Joshi, V; Kaufmann, S.; Kunde, G. J.; Lara, A.; Lee, W. H.; Lee, J.; Leon Vargas, H.; Linnemann, J. T.; Luis-Raya, G.; Lundeen, J.; Malone, K.; Marandon, V; Martinez, O.; Martinez-Castro, J.; Matthews, J. A.; Miranda-Romagnoli, P.; Morales-Soto, J. A.; Nayerhoda, A.; Nellen, L.; Nisa, M. U.; Noriega-Papaqui, R.; Olivera-Nieto, L.; Omodei, N.; Peisker, A.; Perez Araujo, Y.; Perez-Perez, E. G.; Rho, C. D.; Rosa-Gonzalez, D.; Ruiz-Velasco, E.; Salazar, H.; Salesa Greus, F.; Sandoval, A.; Parkinson, P. M. Saz; Serna-Franco, J.; Smith, A. J.; Springer, R. W.; Tibolla, O.; Tollefson, K.; Torres, I; Torres-Escobedo, R.; Turner, R.; Urena-Mena, F.; Villasenor, L.; Wang, X.; Watson, I. J.; Werner, F.; Willox, E.; Wood, J.; Zepeda, A.; Zhou, H.",0168-9002,High energy| Crab Nebula| G/H separation| Machine Learning
343,WOS:001407831700001,Co-optimization of Demand Response Aggregators and distribution system operator for resilient operation using machine learning based wind generation forecasting: A bilevel approach,10.1016/j.ijepes.2024.110399,Article,2025,164,,"Aghdam, Farid Hamzeh; Zavodovski, Aleksandr; Adetunji, Adeleye; Rasti, Mehdi; Pongracz, Eva; Javadi, Mohammad Sadegh; Catalao, Joao P. S.",0142-0615,Demand Response Aggregator| Resilience| Day-ahead operation| Consumer participation| Bilevel optimization| Long short-term memory| Machine learning| Forecasting
344,WOS:001449792400001,Application of Deep Learning and Fuzzy Decision Support System in Residence Right Management,10.1007/s40815-024-01917-7,"Article,Early Access",2025,,,"Fu, Liling",1562-2479,Residence right management| Resource allocation| Security| Deep learning| Fuzzy decision support systems| Convolutional neural networks| Recurrent neural networks
345,WOS:000355359900023,Failure mode prediction and energy forecasting of PV plants to assist dynamic maintenance tasks by ANN based models,10.1016/j.renene.2015.03.023,Article,2015,81,,"Olivencia Polo, Fernando A.; Ferrero Bermejo, Jesus; Gomez Fernandez, Juan F.; Crespo Marquez, Adolfo",0960-1481,Renewable energy| Maintenance| Condition based maintenance| Artificial neural network| Proportional Weibull reliability
346,WOS:000528625000009,Real-time monitoring of power production in modular hydropower plant: most significant parameter approach,10.1007/s10668-019-00369-6,Article,2020,22,5,"Majumder, Priyanka; Majumder, Mrinmoy; Saha, Apu Kumar",1387-585X,Real-time monitoring| Power production| Hydropower plant| MCDM
347,WOS:000555188400001,Neural networks and statistical decision making for fault diagnosis of PM linear synchronous machines,10.1080/00207721.2020.1792579,Article,2020,51,12,"Rigatos, G.; Zervos, N.; Abbaszadeh, M.; Siano, P.; Serpanos, D.; Siadimas, V.",0020-7721,Permanent magnet linear synchronous machines| Gauss-Hermite neural networks| residuals sequence| chi(2) distribution| statistical fault diagnosis
348,WOS:000880372600001,Estimation of failure probability of wave energy farms by group method of data handling: An indian scenario,10.3389/fenrg.2022.1009987,Article,2022,10,,"Ghosh, Soumya; Majumder, Mrinmoy; Mohammed, Omar Hazem; Bajaj, Mohit; Singh, Arvind R.; Kamel, Salah",2296-598X,wave energy farm| GMDH| fuzzy| AHP| ANP
349,WOS:000969507900001,"QSAR modeling and molecular docking studies of 2-oxo-1, 2-dihydroquinoline-4-carboxylic acid derivatives as p-glycoprotein inhibitors for combating cancer multidrug resistance",10.1016/j.heliyon.2023.e13020,Article,2023,9,1,"Lahyaoui, M.; Diane, A.; El-Idrissi, H.; Saffaj, T.; Rodi, Y. Kandri; Ihssane, B.",,QSAR| Quinoline| PCA| Machine learning| Deep learning| Molecular docking
350,WOS:001056465900001,Towards Sustainable Energy Grids: A Machine Learning-Based Ensemble Methods Approach for Outages Estimation in Extreme Weather Events,10.3390/su151612622,Article,2023,15,16,"Alhaddad, Ulaa; Basuhail, Abdullah; Khemakhem, Maher; Eassa, Fathy Elbouraey; Jambi, Kamal",,extreme events| resilience| energy management resilience| ensemble methods
351,WOS:001056395900001,Analysis of Vibration Signals Based on Machine Learning for Crack Detection in a Low-Power Wind Turbine,10.3390/e25081188,Article,2023,25,8,"Rangel-Rodriguez, Angel H.; Granados-Lieberman, David; Amezquita-Sanchez, Juan P.; Bueno-Lopez, Maximiliano; Valtierra-Rodriguez, Martin",,ANOVA| blades| cracks| k-nearest neighbors| machine learning| statistical features| vibrations| wind turbines
352,WOS:001311294700001,A Novel Proposal in Wind Turbine Blade Failure Detection: An Integrated Approach to Energy Efficiency and Sustainability,10.3390/app14178090,Article,2024,14,17,"Abarca-Albores, Jordan; Cabrera, Danna Cristina Gutierrez; Salazar-Licea, Luis Antonio; Ruiz-Robles, Dante; Franco, Jesus Alejandro; Perea-Moreno, Alberto-Jesus; Munoz-Rodriguez, David; Hernandez-Escobedo, Quetzalcoatl",,wind turbine| artificial intelligence| blade failures| energy| sustainability| Orange Data Mining
353,WOS:001596864800045,Improving Power Grid Disaster Resilience Through Predictive Analytics Based on Data-Driven Photovoltaic Power Plant and Distribution Network Power Forecasting,10.1109/ACCESS.2025.3611104,Article,2025,13,,"Li, Zhipeng; Liu, Shaobo; Liu, Guoliang",2169-3536,Forecasting| Predictive models| Resilience| Load modeling| Disasters| Power grids| Real-time systems| Adaptation models| Distribution networks| Predictive analytics| Power grid resilience| predictive analytics| photovoltaic power plants| distribution network| machine learning
